{"type":"FeatureCollection","features":[{"type":"Feature","properties":{"district":"Aizawal","dt_code":"261","st_nm":"Mizoram","st_code":"15","year":"2011_c"},"geometry":{"type":"Polygon","coordinates":[[[93.04455154362589,23.410751553585342],[93.03979131857646,23.414710699799937],[93.03629115309894,23.417775845256394],[93.01907033894953,23.43399557329683],[92.97188810831256,23.477546181657363],[92.947526956589,23.514072498346845],[92.91980564600705,23.52262936274613],[92.9136453547666,23.522118505170052],[92.88088380589701,23.518670216531536],[92.85232245560044,23.480228183931768],[92.83916183340497,23.42760985359587],[92.83398158849823,23.416626415710223],[92.81998092658816,23.386102675539643],[92.8120005492994,23.36796723158892],[92.83118145611621,23.33488920353796],[92.85358251517235,23.32262862171212],[92.82754128401959,23.298618315636514],[92.8125605757758,23.272820008044643],[92.79127956967248,23.275757439107085],[92.78119909309723,23.29951231639465],[92.76565835837702,23.30270517624513],[92.75655792813546,23.304620892155416],[92.73611696174675,23.313688614130776],[92.71217582988051,23.297852029272402],[92.70209535330525,23.296958028514265],[92.69159485687268,23.32262862171212],[92.68935475096707,23.327992626260922],[92.68977477082437,23.329014341413075],[92.68949475758617,23.32978062777719],[92.68977477082437,23.338720635358534],[92.69033479730078,23.341658066420973],[92.68935475096707,23.3438292111193],[92.69005478406258,23.35289693309466],[92.69061481053899,23.35481264900495],[92.68837470463336,23.358516366431502],[92.68753466491876,23.363114084616193],[92.68459452591765,23.367073230830787],[92.67493406919968,23.368478089165],[92.67871424791541,23.3711600914394],[92.6789942611536,23.37269266416763],[92.67843423467721,23.37882295508055],[92.67269396329408,23.382654386901127],[92.66751371838734,23.390700393724334],[92.66961381767385,23.40155611721596],[92.66625365881544,23.411773268737495],[92.65939333447949,23.421734991470988],[92.65813327490758,23.431568999810466],[92.65855329476489,23.440509007391807],[92.6579932682885,23.45557930588607],[92.6584132881458,23.466690458165736],[92.65771325505028,23.47856789680952],[92.65757324843119,23.48916819151311],[92.6610734139087,23.497214198336316],[92.6592533278604,23.503599918037274],[92.65673320871657,23.508453065010002],[92.65449310281096,23.51803164456144],[92.64665273214132,23.51930878850163],[92.64035243428178,23.521735361987993],[92.63503218275595,23.533612800631776],[92.63797232175708,23.53948766275666],[92.64371259314021,23.54114794987891],[92.64497265271211,23.547661383973885],[92.64819280495144,23.55315310291671],[92.65673320871657,23.554174818068862],[92.6588333080031,23.559794251405705],[92.6603733808132,23.570394546109295],[92.65407308295366,23.576780265810253],[92.65211299028626,23.584443129451405],[92.65183297704804,23.58980713400021],[92.65673320871657,23.593383137032745],[92.66429356614802,23.594915709760976],[92.67185392357948,23.60002428552174],[92.67493406919968,23.609092007497104],[92.67423403610418,23.614456012045906],[92.67521408243789,23.62314059083921],[92.66919379781655,23.626461165083708],[92.65827328152669,23.628632309782034],[92.65239300352445,23.630292596904283],[92.65239300352445,23.63514574387701],[92.64567268580761,23.639488033273665],[92.64077245413908,23.642553178730125],[92.63713228204246,23.647406325702853],[92.63699227542335,23.6583897635885],[92.64777278509413,23.667968343139936],[92.65253301014356,23.6770360651153],[92.65645319547838,23.682016926482046],[92.6606533940514,23.690062933305253],[92.66765372500645,23.70730437649784],[92.66345352643341,23.711008093924395],[92.65743324181209,23.711391237106454],[92.65211299028626,23.714073239380856],[92.64847281818963,23.719820387111717],[92.6438525997593,23.728121822722965],[92.64175250047279,23.734124399241864],[92.63923238132898,23.738594403032536],[92.63769230851887,23.74740669621986],[92.63559220923236,23.758390134105504],[92.62957192461101,23.762349280320098],[92.63489217613684,23.767585570474886],[92.64035243428178,23.772055574265558],[92.64245253356829,23.78533787124355],[92.63951239456718,23.7930007348847],[92.62999194446832,23.79287302049068],[92.62523171941889,23.796449023523216],[92.62943191799192,23.80194074246604],[92.63321209670764,23.80781560459092],[92.63811232837617,23.81560618262609],[92.6428725534256,23.811774750805515],[92.65113294395255,23.81113617883542],[92.65617318224017,23.818288184900492],[92.64623271228402,23.81994847202274],[92.64651272552221,23.827611335663892],[92.65197298366715,23.830676481120353],[92.6612134205278,23.832081339454565],[92.66247348009972,23.83706220082131],[92.65407308295366,23.84779020991892],[92.65113294395255,23.85392050083184],[92.64763277847503,23.863499080383278],[92.6431525666638,23.8723113735706],[92.6431525666638,23.880485094787826],[92.64133248061549,23.88584909933663],[92.64133248061549,23.891979390249553],[92.64539267256941,23.896066250858166],[92.65939333447949,23.90130254101295],[92.66303350657611,23.908326832684004],[92.6579932682885,23.919948842539746],[92.64637271890311,23.922119987238073],[92.6446926394739,23.929399707697165],[92.63685226880426,23.93169856678951],[92.62299161351328,23.935146855428027],[92.62523171941889,23.94114943194693],[92.63013195108742,23.944853149373486],[92.6274718253245,23.95366544256081],[92.6274718253245,23.953793156954827],[92.6274718253245,23.95366544256081],[92.63167202389752,23.955581158471094],[92.63517218937506,23.95621973044119],[92.63531219599415,23.95634744483521],[92.63573221585145,23.956730588017265],[92.64119247399638,23.963116307718224],[92.6435725865211,23.964521166052435],[92.6435725865211,23.964521166052435],[92.6446926394739,23.96413802287038],[92.64609270566491,23.960051162261767],[92.64609270566491,23.959923447867745],[92.64791279171322,23.95788001756344],[92.65085293071434,23.956602873623247],[92.65533314252556,23.955708872865113],[92.6588333080031,23.956858302411288],[92.65897331462219,23.956858302411288],[92.6592533278604,23.956986016805306],[92.66401355290982,23.961328306201956],[92.66583363895813,23.963371736506264],[92.66583363895813,23.963371736506264],[92.66709369853004,23.967841740296933],[92.66863377134015,23.969629741813204],[92.67073387062666,23.970268313783297],[92.67087387724577,23.970268313783297],[92.67087387724577,23.97039602817732],[92.67451404934238,23.97001288499526],[92.67871424791541,23.968224883478992],[92.68081434720192,23.96720316832684],[92.68389449282213,23.96682002514478],[92.68389449282213,23.96682002514478],[92.68389449282213,23.966692310750762],[92.68557457225135,23.970523742571338],[92.68557457225135,23.970523742571338],[92.68725465168056,23.97461060317995],[92.68893473110977,23.979974607728757],[92.68893473110977,23.980102322122775],[92.68893473110977,23.98252889560914],[92.69159485687268,23.9822734668211],[92.6922948899682,23.981251751668946],[92.69243489658729,23.981379466062965],[92.69257490320639,23.981379466062965],[92.69495501573111,23.98240118121512],[92.69677510177942,23.981890323639043],[92.69733512825582,23.981762609245024],[92.69873519444683,23.98214575242708],[92.69971524078053,23.981251751668946],[92.70377543273446,23.98214575242708],[92.70391543935355,23.9822734668211],[92.70489548568727,23.981507180456983],[92.70909568426029,23.978186606212486],[92.70951570411759,23.978186606212486],[92.71343588945241,23.979719178940716],[92.71651603507263,23.979846893334734],[92.71665604169173,23.979719178940716],[92.72015620716925,23.975376889544066],[92.72365637264677,23.974993746362006],[92.73975713384337,23.9789528925766],[92.74493737875011,23.98240118121512],[92.74605743170291,23.984189182731388],[92.74619743832201,23.987637471369904],[92.74451735889281,23.988659186522057],[92.74451735889281,23.988659186522057],[92.7443773522737,23.992235189554595],[92.7443773522737,23.992235189554595],[92.7454974052265,23.99300147591871],[92.74787751775122,23.992746047130673],[92.74787751775122,23.992746047130673],[92.75501785532536,23.989297758492153],[92.75739796785008,23.989680901674213],[92.75865802742199,23.990830331220383],[92.7592180538984,23.992362903948614],[92.75935806051749,23.99287376152469],[92.75935806051749,23.99300147591871],[92.75865802742199,23.998493194861535],[92.75865802742199,23.998620909255553],[92.75935806051749,24.000281196377802],[92.76369826570962,24.004368056986415],[92.77153863637926,24.011775491839526],[92.7789589871916,24.0156069236601],[92.78357920562193,24.01739492517637],[92.78497927181294,24.017905782752447],[92.78497927181294,24.017905782752447],[92.79057953657697,24.018672069116562],[92.80122003962865,24.017905782752447],[92.80584025805896,24.018288925934502],[92.80612027129717,24.018288925934502],[92.80612027129717,24.018288925934502],[92.8104604764893,24.020204641844792],[92.8120005492994,24.02186492896704],[92.81312060225221,24.022120357755078],[92.81760081406344,24.022631215331156],[92.82124098616006,24.021354071390963],[92.82278105897016,24.02084321381489],[92.828101310496,24.016628638812254],[92.82992139654431,24.013691207749815],[92.83216150244992,24.01266949259766],[92.83272152892633,24.013946636537852],[92.83258152230722,24.013946636537852],[92.83174148259262,24.018544354722543],[92.83174148259262,24.018544354722543],[92.83174148259262,24.018672069116562],[92.83272152892633,24.02033235623881],[92.83608168778474,24.02199264336106],[92.83608168778474,24.02186492896704],[92.83888182016676,24.015096066084023],[92.84084191283418,24.013946636537852],[92.84126193269148,24.015351494872064],[92.84378205183529,24.02467464563546],[92.84728221731281,24.02671807593977],[92.84742222393191,24.02671807593977],[92.84728221731281,24.026973504727806],[92.8453221246454,24.03412551079288],[92.8453221246454,24.03412551079288],[92.8453221246454,24.03412551079288],[92.8453221246454,24.03412551079288],[92.84812225702743,24.033614653216805],[92.84938231659933,24.03399779639886],[92.85022235631394,24.03591351230915],[92.85022235631394,24.03859551458355],[92.85008234969483,24.04459809110245],[92.84784224378922,24.045492091860584],[92.84784224378922,24.045492091860584],[92.84756223055102,24.046896950194796],[92.84756223055102,24.046896950194796],[92.84910230336112,24.050345238833316],[92.84910230336112,24.050345238833316],[92.84910230336112,24.050345238833316],[92.84840227026562,24.053154955501736],[92.84784224378922,24.05507067141202],[92.84784224378922,24.055198385806044],[92.84966232983753,24.05979610399073],[92.84966232983753,24.05979610399073],[92.84854227688473,24.062478106265136],[92.84868228350382,24.062605820659154],[92.85064237617124,24.06503239414552],[92.85134240926673,24.065415537327574],[92.85134240926673,24.065415537327574],[92.85134240926673,24.065415537327574],[92.85218244898134,24.070268684300302],[92.85652265417346,24.071290399452458],[92.85652265417346,24.071290399452458],[92.85680266741167,24.07499411687901],[92.85680266741167,24.075632688849108],[92.85708268064987,24.079336406275665],[92.85876276007909,24.08457269643045],[92.85974280641278,24.087382413098872],[92.85974280641278,24.087382413098872],[92.85652265417346,24.09389584719385],[92.85652265417346,24.09389584719385],[92.85708268064987,24.094789847951983],[92.85876276007909,24.09530070552806],[92.85876276007909,24.09542841992208],[92.85834274022179,24.099132137348636],[92.85834274022179,24.099132137348636],[92.86016282627008,24.09862127977256],[92.86058284612739,24.09964299492471],[92.86072285274649,24.101941854017056],[92.8608628593656,24.103985284321364],[92.8608628593656,24.105262428261554],[92.86100286598469,24.105262428261554],[92.8618429056993,24.10628414341371],[92.86604310427232,24.107305858565862],[92.86912324989254,24.109860146446245],[92.87024330284535,24.11075414720438],[92.87080332932175,24.116245866147203],[92.86968327636895,24.11969415478572],[92.86968327636895,24.11969415478572],[92.86954326974984,24.11994958357376],[92.86968327636895,24.11994958357376],[92.87192338227456,24.122120728272083],[92.87416348818017,24.12429187297041],[92.87416348818017,24.12441958736443],[92.87598357422848,24.12735701842687],[92.8789237132296,24.128761876761082],[92.8789237132296,24.128761876761082],[92.8789237132296,24.1288895911551],[92.8787837066105,24.1288895911551],[92.87458350803747,24.13514759646204],[92.87472351465658,24.138851313888594],[92.87472351465658,24.138851313888594],[92.87472351465658,24.138851313888594],[92.87472351465658,24.139106742676635],[92.87472351465658,24.139106742676635],[92.87682361394309,24.143576746467303],[92.87962374632511,24.1468973207118],[92.88410395813634,24.15009018056228],[92.88424396475543,24.15009018056228],[92.88592404418465,24.153027611624722],[92.88634406404195,24.155326470717068],[92.88634406404195,24.155454185111086],[92.88620405742284,24.155454185111086],[92.88480399123183,24.15775304420343],[92.88494399785094,24.15775304420343],[92.88550402432733,24.158902473749603],[92.88760412361385,24.160051903295777],[92.88760412361385,24.160051903295777],[92.88858416994756,24.165160479056542],[92.88858416994756,24.165160479056542],[92.88816415009026,24.16733162375487],[92.88704409713745,24.16720390936085],[92.88578403756554,24.167076194966832],[92.88536401770824,24.167970195724966],[92.88536401770824,24.168097910118984],[92.88704409713745,24.16835333890702],[92.88746411699475,24.16860876769506],[92.89194432880598,24.170907626787404],[92.8943244413307,24.171290769969463],[92.89460445456889,24.172440199515634],[92.89488446780709,24.17320648587975],[92.89488446780709,24.17320648587975],[92.89488446780709,24.17320648587975],[92.894744461188,24.18367906618932],[92.89586451414081,24.187893641191955],[92.89656454723631,24.190192500284297],[92.89488446780709,24.19900479347162],[92.8950244744262,24.19900479347162],[92.89754459357002,24.19926022225966],[92.89754459357002,24.19926022225966],[92.89754459357002,24.19926022225966],[92.89740458695091,24.19938793665368],[92.8964245406172,24.2021976533221],[92.8964245406172,24.2021976533221],[92.89992470609472,24.203347082868273],[92.90006471271383,24.20347479726229],[92.90048473257113,24.204368798020425],[92.90048473257113,24.204496512414444],[92.90048473257113,24.204496512414444],[92.90048473257113,24.204624226808463],[92.90034472595202,24.206412228324734],[92.89964469285653,24.206923085900808],[92.89936467961832,24.20717851468885],[92.89950468623742,24.20717851468885],[92.89950468623742,24.207306229082867],[92.90090475242843,24.209349659387172],[92.90090475242843,24.209349659387172],[92.90062473919023,24.21024366014531],[92.89852463990371,24.210115945751287],[92.89810462004641,24.210115945751287],[92.89824462666552,24.21024366014531],[92.89838463328462,24.210499088933346],[92.89950468623742,24.212670233631673],[92.90132477228573,24.216373951058227],[92.90132477228573,24.216501665452245],[92.90174479214303,24.21777880939244],[92.90258483185764,24.221227098030955],[92.90258483185764,24.221482526818995],[92.90258483185764,24.221482526818995],[92.90258483185764,24.221610241213014],[92.90174479214303,24.231061106370433],[92.90146477890484,24.23144424955249],[92.89922467299922,24.23565882455512],[92.89628453399811,24.23719139728335],[92.89614452737901,24.23719139728335],[92.89614452737901,24.23731911167737],[92.89320438837788,24.24191682986206],[92.89082427585318,24.24204454425608],[92.89082427585318,24.24204454425608],[92.89082427585318,24.24204454425608],[92.88746411699475,24.23565882455512],[92.88368393827903,24.232338250310622],[92.88088380589701,24.233232251068756],[92.8789237132296,24.236808254101295],[92.8789237132296,24.236935968495313],[92.87626358746668,24.239745685163733],[92.87542354775208,24.24063968592187],[92.86590309765322,24.240895114709907],[92.8633829785094,24.241150543497945],[92.8629629586521,24.242427687438138],[92.86310296527121,24.242427687438138],[92.86310296527121,24.242427687438138],[92.86464303808131,24.244087974560387],[92.86450303146222,24.244087974560387],[92.86324297189032,24.248430263957037],[92.86324297189032,24.248430263957037],[92.86744317046333,24.250218265473308],[92.86730316384424,24.250345979867326],[92.86534307117682,24.253666554111824],[92.86534307117682,24.253666554111824],[92.86534307117682,24.253666554111824],[92.86590309765322,24.256859413962303],[92.86408301160492,24.25698712835632],[92.86240293217571,24.25711484275034],[92.8619829123184,24.257753414720437],[92.8619829123184,24.257881129114455],[92.8629629586521,24.25979684502474],[92.8629629586521,24.25979684502474],[92.86730316384424,24.26132941775297],[92.86730316384424,24.261457132146994],[92.86436302484312,24.26452227760345],[92.86422301822401,24.26452227760345],[92.86422301822401,24.26911999578814],[92.86422301822401,24.26911999578814],[92.86688314398693,24.27231285563862],[92.86702315060603,24.272568284426658],[92.86982328298805,24.276016573065178],[92.87108334255996,24.276272001853215],[92.87262341537007,24.276655145035274],[92.87444350141837,24.276016573065178],[92.87640359408579,24.276272001853215],[92.87640359408579,24.276399716247234],[92.87640359408579,24.277549145793408],[92.87640359408579,24.277549145793408],[92.87640359408579,24.277549145793408],[92.87514353451388,24.279464861703694],[92.87360346170377,24.28176372079604],[92.87360346170377,24.281891435190058],[92.87360346170377,24.281891435190058],[92.87584356760938,24.28597829579867],[92.87584356760938,24.28597829579867],[92.87304343522737,24.28929887004317],[92.87276342198916,24.29108687155944],[92.87192338227456,24.295046017774034],[92.87192338227456,24.295173732168053],[92.87066332270265,24.297983448836472],[92.86716315722514,24.299260592776665],[92.86702315060603,24.299260592776665],[92.86702315060603,24.299516021564703],[92.86464303808131,24.30756202838791],[92.86324297189032,24.30794517156997],[92.8618429056993,24.307306599599872],[92.85946279317459,24.306157170053698],[92.85750270050717,24.30781745717595],[92.85764270712627,24.30794517156997],[92.86114287260379,24.31382003369485],[92.86408301160492,24.31535260642308],[92.86436302484312,24.315480320817098],[92.86926325651164,24.31675746475729],[92.86996328960714,24.32007803900179],[92.86674313736783,24.319822610213752],[92.86506305793861,24.32314318445825],[92.86282295203301,24.324164899610402],[92.86282295203301,24.324164899610402],[92.86422301822401,24.327230045066862],[92.86548307779591,24.325569757944614],[92.86562308441502,24.325569757944614],[92.86730316384424,24.326080615520688],[92.87080332932175,24.328762617795093],[92.87080332932175,24.328762617795093],[92.87416348818017,24.329784332947245],[92.8775236470386,24.332977192797724],[92.8775236470386,24.333104907191743],[92.87920372646781,24.337064053406337],[92.88130382575432,24.340512342044853],[92.88802414347116,24.350857207960406],[92.88802414347116,24.350984922354428],[92.89362440823518,24.355454926145097],[92.89348440161609,24.355454926145097],[92.89040425599588,24.35647664129725],[92.88858416994756,24.360818930693902],[92.88676408389925,24.362862360998207],[92.88676408389925,24.362862360998207],[92.88942420966217,24.364905791302515],[92.88942420966217,24.364905791302515],[92.88886418318576,24.367715507970935],[92.89250435528238,24.367843222364957],[92.89278436852058,24.367843222364957],[92.89362440823518,24.368992651911128],[92.89362440823518,24.368992651911128],[92.89362440823518,24.368992651911128],[92.89488446780709,24.377166373128354],[92.89334439499699,24.378698945856584],[92.88844416332846,24.379209803432662],[92.88718410375655,24.380231518584814],[92.88718410375655,24.380359232978833],[92.89138430232958,24.38687266707381],[92.89208433542508,24.39044867010635],[92.89404442809249,24.38687266707381],[92.8954444942835,24.386617238285773],[92.8964245406172,24.38712809586185],[92.8968445604745,24.38827752540802],[92.89712457371272,24.3887883829841],[92.89712457371272,24.388916097378118],[92.89712457371272,24.389043811772137],[92.8964245406172,24.39019324131831],[92.8955845009026,24.391342670864482],[92.8955845009026,24.391342670864482],[92.90020471933293,24.39044867010635],[92.90020471933293,24.39044867010635],[92.90146477890484,24.390831813288404],[92.90440491790595,24.3914703852585],[92.90440491790595,24.3914703852585],[92.90440491790595,24.3914703852585],[92.90510495100146,24.392364386016634],[92.90496494438236,24.39606810344319],[92.90860511647898,24.400154964051804],[92.9108452223846,24.40998897239128],[92.9112652422419,24.409605829209223],[92.92232576515086,24.40041039283984],[92.92344581810366,24.399516392081708],[92.92554591739018,24.39772839056544],[92.9290460828677,24.394790959503],[92.93114618215421,24.39313067238075],[92.93212622848792,24.393641529956827],[92.93268625496432,24.39338610116879],[92.93394631453623,24.392364386016634],[92.93450634101264,24.392747529198694],[92.93716646677555,24.394407816320943],[92.9458468771598,24.399899535263767],[92.94892702278003,24.401176679203957],[92.95046709559013,24.401815251174053],[92.95130713530473,24.401687536780035],[92.95228718163844,24.401687536780035],[92.95648738021146,24.396451246625247],[92.95900749935528,24.393258386774768],[92.95900749935528,24.393258386774768],[92.96012755230808,24.39198124283458],[92.9616676251182,24.393896958744865],[92.97006802226424,24.398111533747496],[92.97482824731367,24.404624967842476],[92.9793084591249,24.406540683752763],[92.98224859812602,24.40539125420659],[92.98462871065072,24.404497253448454],[92.99176904822488,24.401687536780035],[92.99540922032149,24.400154964051804],[92.9972293063698,24.399516392081708],[93.00632973661136,24.409605829209223],[93.00884985575517,24.412415545877643],[93.02495061695177,24.391342670864482],[93.01851031247313,24.354816354175],[93.01963036542594,24.349196920838157],[93.04007133181466,24.34153405719701],[93.04035134505287,24.34140634280299],[93.03979131857646,24.340384627650835],[93.04245144433938,24.340129198862797],[93.03419105381242,24.31522489202906],[93.02299052428435,24.297600305654417],[93.01725025290122,24.289937442013265],[93.01010991532708,24.28495658064652],[93.00814982265968,24.27972029049173],[93.0122100146136,24.27090799730441],[93.0117899947563,24.270269425334316],[93.0129100477091,24.268481423818045],[93.00576971013496,24.259669130630723],[93.00576971013496,24.25570998441613],[93.02383056399896,24.233870823038853],[93.02397057061806,24.233743108644834],[93.02313053090346,24.230550248794355],[93.02551064342818,24.22940081924818],[93.02243049780796,24.22774053212593],[93.02019039190235,24.219822239696743],[93.02005038528324,24.21905595333263],[93.02257050442705,24.214330520753922],[93.02117043823606,24.206923085900808],[93.01697023966302,24.204368798020425],[93.01557017347201,24.196833648773296],[93.011369974899,24.194407075286932],[93.00198953141924,24.194407075286932],[93.00198953141924,24.191214215436453],[93.00982990208888,24.179081348004633],[93.00394962408664,24.172695628303675],[93.00226954465744,24.170907626787404],[93.00408963070575,24.159285616931662],[93.00436964394395,24.157497615415394],[92.99960941889452,24.1535384692008],[92.99946941227542,24.1535384692008],[92.99036898203386,24.141916459345055],[92.99176904822488,24.137318741160364],[92.98504873050803,24.12582444569864],[92.98168857164961,24.124802730546488],[92.97524826717097,24.115862722965144],[92.9807085253159,24.11381929266084],[92.98518873712713,24.11228671993261],[92.98812887612826,24.113180720690742],[92.99960941889452,24.11203129114457],[93.00856984251698,24.106795000989784],[93.01193000137539,24.102580425987153],[93.02201047795066,24.098876708560596],[93.02607066990458,24.100409281288826],[93.0291508155248,24.097599564620406],[93.03349102071692,24.096066991892176],[93.03475108028883,24.094278990375905],[93.0466516429124,24.090064415373273],[93.07843314544829,24.101814139623038],[93.0966340059314,24.074610973696956],[93.10111421774263,24.07065182748236],[93.09957414493252,24.063116678235232],[93.10097421112353,24.059285246414657],[93.09957414493252,24.053027241107717],[93.10251428393363,24.04932352368116],[93.09915412507522,24.04638609261872],[93.09929413169431,24.04510894867853],[93.12603539594258,24.062222677477095],[93.14045607770996,24.08789327067495],[93.1463363557122,24.08457269643045],[93.14661636895039,24.08470041082447],[93.15711686538296,24.080358121427818],[93.15823691833576,24.077931547941454],[93.15991699776498,24.074100116120878],[93.1662172956245,24.06950239793619],[93.16845740153013,24.067842110813938],[93.16677732210091,24.06171181990102],[93.16733734857732,24.05404895625987],[93.16845740153013,24.051494668379487],[93.16873741476833,24.051366953985468],[93.17895789796269,24.05085609640939],[93.19253854001548,24.05277181231968],[93.19561868563568,24.049962095651257],[93.1968787452076,24.048940380499104],[93.20723923502106,24.047535522164893],[93.19477864592108,24.01407435093187],[93.17153754715034,23.940000002400758],[93.18903837453794,23.907177403137833],[93.16145707057508,23.882656239486153],[93.1650972426717,23.839999631883753],[93.14983652118971,23.810497606865326],[93.12505534960887,23.798492453827524],[93.07521299320896,23.7743544333579],[93.0444115370068,23.7656698545646],[93.04497156348319,23.70755980528588],[93.0455315899596,23.669628630262185],[93.0455315899596,23.666691199199747],[93.04581160319779,23.653408902221752],[93.05687212610675,23.555579676403074],[93.0448315568641,23.475630465747077],[93.05953225186968,23.416498701316204],[93.04455154362589,23.410751553585342]]]}},{"type":"Feature","properties":{"district":"Champhai","dt_code":"262","st_nm":"Mizoram","st_code":"15","year":"2011_c"},"geometry":{"type":"MultiPolygon","coordinates":[[[[93.0455315899596,23.666691199199747],[93.0455315899596,23.669628630262185],[93.04497156348319,23.70755980528588],[93.0444115370068,23.7656698545646],[93.07521299320896,23.7743544333579],[93.12505534960887,23.798492453827524],[93.14983652118971,23.810497606865326],[93.1650972426717,23.839999631883753],[93.16145707057508,23.882656239486153],[93.18903837453794,23.907177403137833],[93.17153754715034,23.940000002400758],[93.19477864592108,24.01407435093187],[93.20723923502106,24.047535522164893],[93.21521961230981,24.04651380701274],[93.21955981750193,24.057752673686426],[93.22095988369294,24.064010678993366],[93.22376001607495,24.070396398694324],[93.22179992340754,24.075632688849108],[93.22095988369294,24.077931547941454],[93.22418003593225,24.08163526536801],[93.22530008888506,24.0829124093082],[93.23524055884123,24.080358121427818],[93.23538056546033,24.080485835821836],[93.24084082360525,24.0829124093082],[93.24658109498839,24.08163526536801],[93.26226183632768,24.06911925475413],[93.26226183632768,24.064138393387385],[93.2650619687097,24.056603244140252],[93.26086177013667,24.05404895625987],[93.25708159142096,24.04485351989049],[93.25330141270523,24.02186492896704],[93.25330141270523,24.02148178578498],[93.25372143256253,24.020076927450773],[93.27234231290295,24.030166364578285],[93.27528245190406,24.036424369885225],[93.28382285566921,24.042810089586183],[93.28662298805122,24.04779095095293],[93.29670346462649,24.04779095095293],[93.31098413977477,24.050345238833316],[93.33576531135563,24.0495789524692],[93.34066554302416,24.040638944887856],[93.3343652451646,24.03872322897757],[93.33604532459383,24.030294078972304],[93.34052553640505,24.026845790333788],[93.33534529149833,24.019949213056755],[93.33870545035674,24.008582631989047],[93.33758539740393,23.998365480467516],[93.33730538416573,23.991979760766558],[93.3326851657354,23.983039753185214],[93.33576531135563,23.9789528925766],[93.34570578131178,23.976781747878277],[93.34990597988481,23.974099745603873],[93.35144605269491,23.968097169084974],[93.35410617845784,23.957369159987362],[93.35816637041175,23.950728011498366],[93.36320660869939,23.942043432705063],[93.36922689332073,23.93655171376224],[93.37398711837015,23.933869711487837],[93.37944737651509,23.93220942436559],[93.38924783985215,23.93003827966726],[93.39694820390268,23.926206847846686],[93.3977882436173,23.920331985721806],[93.39736822376,23.914967981173],[93.39582815094988,23.9089654046541],[93.39484810461617,23.894661392523954],[93.39372805166337,23.88329481145625],[93.39358804504427,23.872694516752656],[93.39456809137798,23.866947369021794],[93.39498811123528,23.85979536295672],[93.39470809799707,23.854559072801937],[93.39484810461617,23.84664078037275],[93.39526812447347,23.836934486427293],[93.3982082634746,23.83131505309045],[93.39722821714089,23.82020390081078],[93.3994683230465,23.815350753838054],[93.40506858781053,23.813179609139727],[93.40912877976446,23.803728743982308],[93.40814873343075,23.794788736400967],[93.40562861428694,23.786231872001682],[93.40254846866672,23.771033859113402],[93.40226845542853,23.765031282594503],[93.40338850838133,23.75749613334737],[93.40520859442964,23.75162127122249],[93.40856875328805,23.744596979551435],[93.41248893862289,23.73948840379067],[93.41346898495658,23.7343798280299],[93.4157090908622,23.72850496590502],[93.41388900481388,23.72275781817416],[93.41346898495658,23.714073239380856],[93.4150090577667,23.708070662861957],[93.42130935562624,23.699896941644727],[93.42746964686667,23.69670408179425],[93.4344699778217,23.69210636360956],[93.43937020949024,23.684188071180373],[93.44259036172956,23.67831320905549],[93.43881018301383,23.674098634052857],[93.4340499579644,23.6677129143519],[93.43138983220149,23.663115196167208],[93.42830968658127,23.656218618890176],[93.42620958729476,23.649449756007158],[93.42648960053296,23.641020606001895],[93.43054979248689,23.614711440833947],[93.4312498255824,23.59095656354638],[93.4326498917734,23.58469855823944],[93.43096981234419,23.578312838538483],[93.42494952772284,23.567584829440875],[93.42186938210264,23.55749539231336],[93.42508953434195,23.54893852791408],[93.42592957405657,23.54114794987891],[93.42564956081836,23.534251372601872],[93.42340945491274,23.5270993665368],[93.41976928281612,23.523140220322205],[93.41402901143299,23.51649907183321],[93.40898877314535,23.509219351374117],[93.40548860766783,23.504493918795408],[93.40534860104873,23.503344489249233],[93.39092791928135,23.496703340760238],[93.36936689993982,23.49351048090976],[93.35536623802975,23.489423620301146],[93.33702537092753,23.47831246802148],[93.32680488773318,23.4691170316521],[93.31392427877589,23.46439159907339],[93.2983835440557,23.46758445892387],[93.29194323957707,23.47230989150258],[93.27472242542765,23.484698187722437],[93.26814211432992,23.47933418317363],[93.26884214742543,23.469883318016215],[93.26912216066363,23.464647027861428],[93.2674420812344,23.449704443761185],[93.26072176351758,23.448555014215014],[93.26072176351758,23.449449014973148],[93.26072176351758,23.455834734674106],[93.26044175027937,23.46017702407076],[93.25974171718387,23.469372460440137],[93.25848165761197,23.47064960438033],[93.25638155832544,23.472565320290617],[93.25470147889624,23.474225607412865],[93.25386143918163,23.47499189377698],[93.25694158480185,23.48124989908392],[93.25820164437376,23.48393190135832],[93.26002173042207,23.486358474844685],[93.26156180323218,23.488146476360953],[93.2663220282816,23.494276767273874],[93.26940217390182,23.498874485458565],[93.27066223347373,23.50091791576287],[93.27136226656924,23.502067345309044],[93.27360237247485,23.505260205159523],[93.27388238571305,23.508453065010002],[93.27402239233216,23.509347065768136],[93.27416239895126,23.510879638496366],[93.27458241880856,23.515221927893016],[93.27430240557035,23.51803164456144],[93.27416239895126,23.51943650289565],[93.27416239895126,23.51943650289565],[93.27360237247485,23.5237787922923],[93.27766256442878,23.531441655933452],[93.27920263723888,23.537316518058333],[93.28004267695349,23.540892521090868],[93.27654251147597,23.552386816552595],[93.27444241218946,23.554941104432977],[93.26030174366028,23.572054833231544],[93.26198182308949,23.57933455369064],[93.2663220282816,23.58533713020954],[93.26856213418722,23.588402275666],[93.27066223347373,23.59146742112246],[93.26842212756813,23.597597712035377],[93.26716206799621,23.601429143855952],[93.27220230628384,23.611646295377486],[93.27472242542765,23.623906877203325],[93.27696253133327,23.639488033273665],[93.27864261076249,23.65826204919448],[93.27528245190406,23.674098634052857],[93.27080224009283,23.691340077245446],[93.26646203490071,23.70423923104138],[93.2633818892805,23.71343466741076],[93.25988172380298,23.729271252269136],[93.25120131341872,23.73936068939665],[93.24280091627267,23.73604011515215],[93.22796021464798,23.7290158234811],[93.20499912911544,23.727610965146887],[93.1967387385885,23.73476297121196],[93.1965987319694,23.747917553795933],[93.18861835468064,23.764903568200484],[93.17419767291327,23.77116157350742],[93.16075703747958,23.76515899698852],[93.15739687862116,23.744596979551435],[93.15921696466947,23.717138384837316],[93.164117196338,23.708836949226068],[93.16831739491103,23.701684943161],[93.17069750743573,23.679973496177738],[93.1634171632425,23.663242910561227],[93.1625771235279,23.66132719465094],[93.15431673300094,23.65864519237654],[93.14577632923579,23.655963190102135],[93.14479628290209,23.655069189344],[93.13821597180434,23.649577470401177],[93.13219568718301,23.64446889464041],[93.11679495908191,23.64344717948826],[93.10867457517406,23.642808607518162],[93.10839456193587,23.642808607518162],[93.0964939993123,23.648555755249024],[93.08711355583254,23.653153473433715],[93.07717308587638,23.671288917384437],[93.06737262253932,23.666563484805728],[93.06443248353821,23.665030912077498],[93.06359244382361,23.66490319768348],[93.06051229820338,23.665541769653572],[93.05631209963036,23.66618034162367],[93.05113185472362,23.666691199199747],[93.0467916495315,23.666818913593765],[93.0455315899596,23.666691199199747]]],[[[93.1965987319694,23.055322395030007],[93.19561868563568,23.064900974581445],[93.19337857973008,23.075628983679056],[93.18875836129975,23.09810671702643],[93.18357811639302,23.121095307949876],[93.1653772559099,23.179205357228597],[93.130795620992,23.194658798904914],[93.07843314544829,23.206536237548697],[93.05057182824723,23.213177386037696],[93.03797123252815,23.24446741257239],[93.02621067652368,23.249448273939137],[93.01277004109,23.262091998947035],[93.01487014037652,23.273841723196796],[93.04119138476747,23.307941466399914],[93.04301147081577,23.307941466399914],[93.04427153038769,23.308324609581973],[93.0476316892461,23.309346324734125],[93.05673211948766,23.31343318534274],[93.0791331785438,23.313050042160683],[93.08137328444941,23.312794613372642],[93.08585349626063,23.31292232776666],[93.09425389340669,23.31292232776666],[93.09817407874151,23.314327186100872],[93.09971415155161,23.31483804367695],[93.10503440307744,23.31803090352743],[93.11105468769878,23.321351477771927],[93.12015511794034,23.32237319292408],[93.13261570704032,23.323139479288194],[93.13373575999312,23.32377805125829],[93.13975604461446,23.32709862550279],[93.14493628952118,23.33271805883963],[93.15515677271554,23.341274923238917],[93.16943744786383,23.34523406945351],[93.19239853339637,23.34370149672528],[93.20177897687613,23.34063635126882],[93.20513913573454,23.338848349752553],[93.20695922178285,23.338848349752553],[93.20821928135476,23.33897606414657],[93.20835928797386,23.340253208086764],[93.20863930121206,23.342041209603032],[93.20905932106936,23.343573782331262],[93.20933933430757,23.345106355059492],[93.20989936078396,23.34689435657576],[93.20989936078396,23.347660642939875],[93.21269949316599,23.348937786880064],[93.21325951964239,23.34855464369801],[93.21395955273789,23.34842692930399],[93.2145195792143,23.34842692930399],[93.2153596189289,23.349193215668105],[93.21605965202441,23.350214930820258],[93.21619965864352,23.350470359608295],[93.22095988369294,23.356089792945138],[93.22165991678844,23.356089792945138],[93.22193993002665,23.356600650521216],[93.22179992340754,23.357239222491312],[93.22179992340754,23.35736693688533],[93.22165991678844,23.358133223249446],[93.22109989031205,23.35889950961356],[93.22081987707384,23.359538081583658],[93.21997983735923,23.359921224765714],[93.21521961230981,23.367456374012846],[93.215499625548,23.36822266037696],[93.21647967188171,23.368733517953036],[93.21801974469182,23.368861232347054],[93.21843976454912,23.36949980431715],[93.21829975793003,23.370138376287247],[93.21787973807272,23.370904662651363],[93.21703969835812,23.37154323462146],[93.21633966526261,23.372309520985574],[93.21633966526261,23.37282037856165],[93.21633966526261,23.37307580734969],[93.21731971159632,23.373714379319782],[93.21759972483451,23.373842093713805],[93.21829975793003,23.37422523689586],[93.21829975793003,23.37422523689586],[93.22348000283675,23.37741809674634],[93.22348000283675,23.37741809674634],[93.22558010212327,23.37729038235232],[93.22670015507607,23.37741809674634],[93.22670015507607,23.378184383110455],[93.22670015507607,23.37843981189849],[93.22726018155248,23.37882295508055],[93.22824022788618,23.379589241444666],[93.22810022126708,23.380866385384856],[93.22614012859967,23.3831652444772],[93.22600012198058,23.38354838765926],[93.22684016169518,23.385591817963565],[93.22768020140978,23.385464103569547],[93.22838023450528,23.38508096038749],[93.22880025436258,23.38469781720543],[93.22894026098169,23.38354838765926],[93.2295002874581,23.38367610205328],[93.2299203073154,23.384186959629353],[93.2300603139345,23.38482553159945],[93.22964029407719,23.385464103569547],[93.22936028083899,23.386102675539643],[93.22936028083899,23.38623038993366],[93.23678063165133,23.38789067705591],[93.23748066474684,23.387762962661892],[93.23790068460414,23.388146105843948],[93.24014079050976,23.387379819479833],[93.24028079712886,23.386868961903758],[93.24140085008166,23.386102675539643],[93.24266090965357,23.3864858187217],[93.24280091627267,23.3864858187217],[93.24392096922547,23.386102675539643],[93.24406097584458,23.385974961145624],[93.24434098908279,23.385591817963565],[93.24518102879739,23.38495324599347],[93.24616107513108,23.384570102811413],[93.2464410883693,23.38520867478151],[93.2464410883693,23.38520867478151],[93.25456147227715,23.389167820996104],[93.25540151199175,23.389295535390122],[93.25652156494455,23.389040106602085],[93.25750161127826,23.38827382023797],[93.25792163113556,23.38789067705591],[93.25918169070746,23.387379819479833],[93.25988172380298,23.38801839144993],[93.25960171056477,23.388784677814044],[93.25876167085016,23.389295535390122],[93.25792163113556,23.3898063929662],[93.25792163113556,23.390061821754237],[93.26100177675578,23.390828108118352],[93.26114178337488,23.390828108118352],[93.26170180985127,23.390317250542275],[93.26226183632768,23.38942324978414],[93.2629618694232,23.388912392208063],[93.2638019091378,23.38955096417816],[93.264081922376,23.390317250542275],[93.2646419488524,23.391722108876486],[93.26646203490071,23.38801839144993],[93.26646203490071,23.384442388417394],[93.26912216066363,23.376779524776243],[93.26940217390182,23.375630095230072],[93.27066223347373,23.368733517953036],[93.27052222685464,23.362730941434137],[93.27500243866587,23.3531523618827],[93.27598248499956,23.350981217184373],[93.27780257104789,23.34178578081499],[93.27976266371529,23.338592920964512],[93.28172275638269,23.335527775508055],[93.28298281595461,23.335016917931977],[93.28508291524112,23.333867488385806],[93.28984314029054,23.33310120202169],[93.29138321310066,23.33322891641571],[93.29712348448379,23.333356630809728],[93.3000636234849,23.336166347478148],[93.31392427877589,23.347916071727912],[93.32876498040058,23.351747503548488],[93.33632533783202,23.346128070211645],[93.33660535107023,23.345872641423608],[93.33688536430843,23.345617212635567],[93.34556577469269,23.339359207328627],[93.3472458541219,23.33629406187217],[93.35186607255221,23.331824058081498],[93.35592626450614,23.330419199747286],[93.35746633731625,23.330419199747286],[93.37692725737126,23.329269770201115],[93.37706726399037,23.328758912625037],[93.37524717794206,23.322884050500157],[93.37440713822745,23.315604330041065],[93.37468715146565,23.308835467158048],[93.37538718456116,23.30270517624513],[93.37748728384767,23.297341171696324],[93.37888735003868,23.289678308055173],[93.37594721103756,23.28290944517216],[93.37300707203644,23.278694870169527],[93.37272705879825,23.27064886334632],[93.37496716470386,23.260303997430768],[93.37608721765666,23.25225799060756],[93.38084744270608,23.240891409539852],[93.38602768761282,23.231057401200378],[93.39232798547236,23.22032939210277],[93.39246799209147,23.21560395952406],[93.38504764127912,23.207302523912812],[93.38420760156451,23.198107087543434],[93.3828075353735,23.184058504201325],[93.37902735665779,23.17103163601137],[93.37818731694318,23.163113343582182],[93.37356709851285,23.155067336758975],[93.37160700584543,23.14651047235969],[93.37664724413307,23.139741609476676],[93.38826779351844,23.144083898873326],[93.39204797223415,23.14050789584079],[93.39120793251955,23.13476074810993],[93.37958738313418,23.123649595830262],[93.37370710513196,23.120201307191742],[93.3665667675578,23.116753018553226],[93.36264658222298,23.11292158673265],[93.36152652927018,23.10244900642308],[93.36068648955558,23.096318715510158],[93.35956643660276,23.091593282931452],[93.35494621817244,23.08712327914078],[93.35004598650391,23.08086527383384],[93.34864592031289,23.07652298443719],[93.35578625788705,23.074096410950826],[93.35494621817244,23.068987835190057],[93.35046600636122,23.06106954276087],[93.34276564231067,23.06106954276087],[93.33814542388033,23.05149096320943],[93.3343652451646,23.03986895335369],[93.33016504659159,23.0319506609245],[93.32708490097137,23.027863800315888],[93.32162464282644,23.021222651826893],[93.31882451044441,23.018157506370432],[93.31252421258489,23.018540649552488],[93.30370379558153,23.009983785153207],[93.29950359700851,23.00474749499842],[93.29530339843548,23.002193207118037],[93.28578294833662,23.001043777571862],[93.27612249161866,23.002065492724018],[93.27150227318833,23.006663210908705],[93.26562199518611,23.008834355607032],[93.25666157156365,23.005258352574497],[93.25078129356142,23.00295949348215],[93.24532103541648,23.006024638938612],[93.23888073093784,23.0106223571233],[93.23538056546033,23.014198360155838],[93.23174039336371,23.01841293515847],[93.22936028083899,23.023649225313257],[93.22586011536147,23.02939637304412],[93.21787973807272,23.041784669263976],[93.21171944683229,23.04599924426661],[93.20387907616264,23.05353439351374],[93.1989788444941,23.054428394271874],[93.1965987319694,23.055322395030007]]]]}},{"type":"Feature","properties":{"district":"Kolasib","dt_code":"263","st_nm":"Mizoram","st_code":"15","year":"2011_c"},"geometry":{"type":"Polygon","coordinates":[[[92.8955845009026,24.391342670864482],[92.8955845009026,24.391342670864482],[92.8964245406172,24.39019324131831],[92.89712457371272,24.389043811772137],[92.89712457371272,24.388916097378118],[92.89712457371272,24.3887883829841],[92.8968445604745,24.38827752540802],[92.8964245406172,24.38712809586185],[92.8954444942835,24.386617238285773],[92.89404442809249,24.38687266707381],[92.89208433542508,24.39044867010635],[92.89138430232958,24.38687266707381],[92.88718410375655,24.380359232978833],[92.88718410375655,24.380231518584814],[92.88844416332846,24.379209803432662],[92.89334439499699,24.378698945856584],[92.89488446780709,24.377166373128354],[92.89362440823518,24.368992651911128],[92.89362440823518,24.368992651911128],[92.89362440823518,24.368992651911128],[92.89278436852058,24.367843222364957],[92.89250435528238,24.367843222364957],[92.88886418318576,24.367715507970935],[92.88942420966217,24.364905791302515],[92.88942420966217,24.364905791302515],[92.88676408389925,24.362862360998207],[92.88676408389925,24.362862360998207],[92.88858416994756,24.360818930693902],[92.89040425599588,24.35647664129725],[92.89348440161609,24.355454926145097],[92.89362440823518,24.355454926145097],[92.88802414347116,24.350984922354428],[92.88802414347116,24.350857207960406],[92.88130382575432,24.340512342044853],[92.87920372646781,24.337064053406337],[92.8775236470386,24.333104907191743],[92.8775236470386,24.332977192797724],[92.87416348818017,24.329784332947245],[92.87080332932175,24.328762617795093],[92.87080332932175,24.328762617795093],[92.86730316384424,24.326080615520688],[92.86562308441502,24.325569757944614],[92.86548307779591,24.325569757944614],[92.86422301822401,24.327230045066862],[92.86282295203301,24.324164899610402],[92.86282295203301,24.324164899610402],[92.86506305793861,24.32314318445825],[92.86674313736783,24.319822610213752],[92.86996328960714,24.32007803900179],[92.86926325651164,24.31675746475729],[92.86436302484312,24.315480320817098],[92.86408301160492,24.31535260642308],[92.86114287260379,24.31382003369485],[92.85764270712627,24.30794517156997],[92.85750270050717,24.30781745717595],[92.85946279317459,24.306157170053698],[92.8618429056993,24.307306599599872],[92.86324297189032,24.30794517156997],[92.86464303808131,24.30756202838791],[92.86702315060603,24.299516021564703],[92.86702315060603,24.299260592776665],[92.86716315722514,24.299260592776665],[92.87066332270265,24.297983448836472],[92.87192338227456,24.295173732168053],[92.87192338227456,24.295046017774034],[92.87276342198916,24.29108687155944],[92.87304343522737,24.28929887004317],[92.87584356760938,24.28597829579867],[92.87584356760938,24.28597829579867],[92.87360346170377,24.281891435190058],[92.87360346170377,24.281891435190058],[92.87360346170377,24.28176372079604],[92.87514353451388,24.279464861703694],[92.87640359408579,24.277549145793408],[92.87640359408579,24.277549145793408],[92.87640359408579,24.277549145793408],[92.87640359408579,24.276399716247234],[92.87640359408579,24.276272001853215],[92.87444350141837,24.276016573065178],[92.87262341537007,24.276655145035274],[92.87108334255996,24.276272001853215],[92.86982328298805,24.276016573065178],[92.86702315060603,24.272568284426658],[92.86688314398693,24.27231285563862],[92.86422301822401,24.26911999578814],[92.86422301822401,24.26911999578814],[92.86422301822401,24.26452227760345],[92.86436302484312,24.26452227760345],[92.86730316384424,24.261457132146994],[92.86730316384424,24.26132941775297],[92.8629629586521,24.25979684502474],[92.8629629586521,24.25979684502474],[92.8619829123184,24.257881129114455],[92.8619829123184,24.257753414720437],[92.86240293217571,24.25711484275034],[92.86408301160492,24.25698712835632],[92.86590309765322,24.256859413962303],[92.86534307117682,24.253666554111824],[92.86534307117682,24.253666554111824],[92.86534307117682,24.253666554111824],[92.86730316384424,24.250345979867326],[92.86744317046333,24.250218265473308],[92.86324297189032,24.248430263957037],[92.86324297189032,24.248430263957037],[92.86450303146222,24.244087974560387],[92.86464303808131,24.244087974560387],[92.86310296527121,24.242427687438138],[92.86310296527121,24.242427687438138],[92.8629629586521,24.242427687438138],[92.8633829785094,24.241150543497945],[92.86590309765322,24.240895114709907],[92.87542354775208,24.24063968592187],[92.87626358746668,24.239745685163733],[92.8789237132296,24.236935968495313],[92.8789237132296,24.236808254101295],[92.88088380589701,24.233232251068756],[92.88368393827903,24.232338250310622],[92.88746411699475,24.23565882455512],[92.89082427585318,24.24204454425608],[92.89082427585318,24.24204454425608],[92.89082427585318,24.24204454425608],[92.89320438837788,24.24191682986206],[92.89614452737901,24.23731911167737],[92.89614452737901,24.23719139728335],[92.89628453399811,24.23719139728335],[92.89922467299922,24.23565882455512],[92.90146477890484,24.23144424955249],[92.90174479214303,24.231061106370433],[92.90258483185764,24.221610241213014],[92.90258483185764,24.221482526818995],[92.90258483185764,24.221482526818995],[92.90258483185764,24.221227098030955],[92.90174479214303,24.21777880939244],[92.90132477228573,24.216501665452245],[92.90132477228573,24.216373951058227],[92.89950468623742,24.212670233631673],[92.89838463328462,24.210499088933346],[92.89824462666552,24.21024366014531],[92.89810462004641,24.210115945751287],[92.89852463990371,24.210115945751287],[92.90062473919023,24.21024366014531],[92.90090475242843,24.209349659387172],[92.90090475242843,24.209349659387172],[92.89950468623742,24.207306229082867],[92.89950468623742,24.20717851468885],[92.89936467961832,24.20717851468885],[92.89964469285653,24.206923085900808],[92.90034472595202,24.206412228324734],[92.90048473257113,24.204624226808463],[92.90048473257113,24.204496512414444],[92.90048473257113,24.204496512414444],[92.90048473257113,24.204368798020425],[92.90006471271383,24.20347479726229],[92.89992470609472,24.203347082868273],[92.8964245406172,24.2021976533221],[92.8964245406172,24.2021976533221],[92.89740458695091,24.19938793665368],[92.89754459357002,24.19926022225966],[92.89754459357002,24.19926022225966],[92.89754459357002,24.19926022225966],[92.8950244744262,24.19900479347162],[92.89488446780709,24.19900479347162],[92.89656454723631,24.190192500284297],[92.89586451414081,24.187893641191955],[92.894744461188,24.18367906618932],[92.89488446780709,24.17320648587975],[92.89488446780709,24.17320648587975],[92.89488446780709,24.17320648587975],[92.89460445456889,24.172440199515634],[92.8943244413307,24.171290769969463],[92.89194432880598,24.170907626787404],[92.88746411699475,24.16860876769506],[92.88704409713745,24.16835333890702],[92.88536401770824,24.168097910118984],[92.88536401770824,24.167970195724966],[92.88578403756554,24.167076194966832],[92.88704409713745,24.16720390936085],[92.88816415009026,24.16733162375487],[92.88858416994756,24.165160479056542],[92.88858416994756,24.165160479056542],[92.88760412361385,24.160051903295777],[92.88760412361385,24.160051903295777],[92.88550402432733,24.158902473749603],[92.88494399785094,24.15775304420343],[92.88480399123183,24.15775304420343],[92.88620405742284,24.155454185111086],[92.88634406404195,24.155454185111086],[92.88634406404195,24.155326470717068],[92.88592404418465,24.153027611624722],[92.88424396475543,24.15009018056228],[92.88410395813634,24.15009018056228],[92.87962374632511,24.1468973207118],[92.87682361394309,24.143576746467303],[92.87472351465658,24.139106742676635],[92.87472351465658,24.139106742676635],[92.87472351465658,24.138851313888594],[92.87472351465658,24.138851313888594],[92.87472351465658,24.138851313888594],[92.87458350803747,24.13514759646204],[92.8787837066105,24.1288895911551],[92.8789237132296,24.1288895911551],[92.8789237132296,24.128761876761082],[92.8789237132296,24.128761876761082],[92.87598357422848,24.12735701842687],[92.87416348818017,24.12441958736443],[92.87416348818017,24.12429187297041],[92.87192338227456,24.122120728272083],[92.86968327636895,24.11994958357376],[92.86954326974984,24.11994958357376],[92.86968327636895,24.11969415478572],[92.86968327636895,24.11969415478572],[92.87080332932175,24.116245866147203],[92.87024330284535,24.11075414720438],[92.86912324989254,24.109860146446245],[92.86604310427232,24.107305858565862],[92.8618429056993,24.10628414341371],[92.86100286598469,24.105262428261554],[92.8608628593656,24.105262428261554],[92.8608628593656,24.103985284321364],[92.86072285274649,24.101941854017056],[92.86058284612739,24.09964299492471],[92.86016282627008,24.09862127977256],[92.85834274022179,24.099132137348636],[92.85834274022179,24.099132137348636],[92.85876276007909,24.09542841992208],[92.85876276007909,24.09530070552806],[92.85708268064987,24.094789847951983],[92.85652265417346,24.09389584719385],[92.85652265417346,24.09389584719385],[92.85974280641278,24.087382413098872],[92.85974280641278,24.087382413098872],[92.85876276007909,24.08457269643045],[92.85708268064987,24.079336406275665],[92.85680266741167,24.075632688849108],[92.85680266741167,24.07499411687901],[92.85652265417346,24.071290399452458],[92.85652265417346,24.071290399452458],[92.85218244898134,24.070268684300302],[92.85134240926673,24.065415537327574],[92.85134240926673,24.065415537327574],[92.85134240926673,24.065415537327574],[92.85064237617124,24.06503239414552],[92.84868228350382,24.062605820659154],[92.84854227688473,24.062478106265136],[92.84966232983753,24.05979610399073],[92.84966232983753,24.05979610399073],[92.84784224378922,24.055198385806044],[92.84784224378922,24.05507067141202],[92.84840227026562,24.053154955501736],[92.84910230336112,24.050345238833316],[92.84910230336112,24.050345238833316],[92.84910230336112,24.050345238833316],[92.84756223055102,24.046896950194796],[92.84756223055102,24.046896950194796],[92.84784224378922,24.045492091860584],[92.84784224378922,24.045492091860584],[92.85008234969483,24.04459809110245],[92.85022235631394,24.03859551458355],[92.85022235631394,24.03591351230915],[92.84938231659933,24.03399779639886],[92.84812225702743,24.033614653216805],[92.8453221246454,24.03412551079288],[92.8453221246454,24.03412551079288],[92.8453221246454,24.03412551079288],[92.8453221246454,24.03412551079288],[92.84728221731281,24.026973504727806],[92.84742222393191,24.02671807593977],[92.84728221731281,24.02671807593977],[92.84378205183529,24.02467464563546],[92.84126193269148,24.015351494872064],[92.84084191283418,24.013946636537852],[92.83888182016676,24.015096066084023],[92.83608168778474,24.02186492896704],[92.83608168778474,24.02199264336106],[92.83272152892633,24.02033235623881],[92.83174148259262,24.018672069116562],[92.83174148259262,24.018544354722543],[92.83174148259262,24.018544354722543],[92.83258152230722,24.013946636537852],[92.83272152892633,24.013946636537852],[92.83216150244992,24.01266949259766],[92.82992139654431,24.013691207749815],[92.828101310496,24.016628638812254],[92.82278105897016,24.02084321381489],[92.82124098616006,24.021354071390963],[92.81760081406344,24.022631215331156],[92.81312060225221,24.022120357755078],[92.8120005492994,24.02186492896704],[92.8104604764893,24.020204641844792],[92.80612027129717,24.018288925934502],[92.80612027129717,24.018288925934502],[92.80584025805896,24.018288925934502],[92.80122003962865,24.017905782752447],[92.79057953657697,24.018672069116562],[92.78497927181294,24.017905782752447],[92.78497927181294,24.017905782752447],[92.78357920562193,24.01739492517637],[92.7789589871916,24.0156069236601],[92.77153863637926,24.011775491839526],[92.76369826570962,24.004368056986415],[92.75935806051749,24.000281196377802],[92.75865802742199,23.998620909255553],[92.75865802742199,23.998493194861535],[92.75935806051749,23.99300147591871],[92.75935806051749,23.99287376152469],[92.7592180538984,23.992362903948614],[92.75865802742199,23.990830331220383],[92.75739796785008,23.989680901674213],[92.75501785532536,23.989297758492153],[92.74787751775122,23.992746047130673],[92.74787751775122,23.992746047130673],[92.7454974052265,23.99300147591871],[92.7443773522737,23.992235189554595],[92.7443773522737,23.992235189554595],[92.74451735889281,23.988659186522057],[92.74451735889281,23.988659186522057],[92.74619743832201,23.987637471369904],[92.74605743170291,23.984189182731388],[92.74493737875011,23.98240118121512],[92.73975713384337,23.9789528925766],[92.72365637264677,23.974993746362006],[92.72015620716925,23.975376889544066],[92.71665604169173,23.979719178940716],[92.71651603507263,23.979846893334734],[92.71343588945241,23.979719178940716],[92.70951570411759,23.978186606212486],[92.70909568426029,23.978186606212486],[92.70489548568727,23.981507180456983],[92.70391543935355,23.9822734668211],[92.70377543273446,23.98214575242708],[92.69971524078053,23.981251751668946],[92.69873519444683,23.98214575242708],[92.69733512825582,23.981762609245024],[92.69677510177942,23.981890323639043],[92.69495501573111,23.98240118121512],[92.69257490320639,23.981379466062965],[92.69243489658729,23.981379466062965],[92.6922948899682,23.981251751668946],[92.69159485687268,23.9822734668211],[92.68893473110977,23.98252889560914],[92.68893473110977,23.980102322122775],[92.68893473110977,23.979974607728757],[92.68725465168056,23.97461060317995],[92.68557457225135,23.970523742571338],[92.68557457225135,23.970523742571338],[92.68389449282213,23.966692310750762],[92.68389449282213,23.96682002514478],[92.68389449282213,23.96682002514478],[92.68081434720192,23.96720316832684],[92.67871424791541,23.968224883478992],[92.67451404934238,23.97001288499526],[92.67087387724577,23.97039602817732],[92.67087387724577,23.970268313783297],[92.67073387062666,23.970268313783297],[92.66863377134015,23.969629741813204],[92.66709369853004,23.967841740296933],[92.66583363895813,23.963371736506264],[92.66583363895813,23.963371736506264],[92.66401355290982,23.961328306201956],[92.6592533278604,23.956986016805306],[92.65897331462219,23.956858302411288],[92.6588333080031,23.956858302411288],[92.65533314252556,23.955708872865113],[92.65085293071434,23.956602873623247],[92.64791279171322,23.95788001756344],[92.64609270566491,23.959923447867745],[92.64609270566491,23.960051162261767],[92.6446926394739,23.96413802287038],[92.6435725865211,23.964521166052435],[92.6435725865211,23.964521166052435],[92.64119247399638,23.963116307718224],[92.63573221585145,23.956730588017265],[92.63531219599415,23.95634744483521],[92.63517218937506,23.95621973044119],[92.63167202389752,23.955581158471094],[92.6274718253245,23.95366544256081],[92.6274718253245,23.953793156954827],[92.62019148113126,23.957369159987362],[92.62019148113126,23.9609451630199],[92.62019148113126,23.961200591807938],[92.62019148113126,23.961200591807938],[92.62299161351328,23.96988517060124],[92.62551173265709,23.97793117742445],[92.62551173265709,23.978058891818467],[92.63209204375482,23.985466326671578],[92.63209204375482,23.985466326671578],[92.63209204375482,23.9855940410656],[92.63069197756383,23.990191759250287],[92.63069197756383,23.99261833273665],[92.63069197756383,23.99261833273665],[92.63125200404022,23.994917191828996],[92.63139201065933,23.995172620617037],[92.63265207023123,23.996960622133304],[92.63265207023123,23.997088336527323],[92.63237205699303,24.000281196377802],[92.62439167970429,24.005645200926608],[92.62313162013238,24.00781634562493],[92.62299161351328,24.00781634562493],[92.62313162013238,24.00781634562493],[92.6256517392762,24.012158635021585],[92.6256517392762,24.012286349415604],[92.6257917458953,24.012414063809622],[92.6260717591335,24.017011781994313],[92.6262117657526,24.017011781994313],[92.6271918120863,24.020204641844792],[92.6271918120863,24.02046007063283],[92.62943191799192,24.023780644877327],[92.62971193123012,24.025951789575654],[92.63195203713573,24.029016935032114],[92.63657225556605,24.030421793366326],[92.63783231513797,24.03118807973044],[92.63839234161438,24.03272065245867],[92.63825233499527,24.03272065245867],[92.63335210332674,24.034764082762976],[92.62971193123012,24.038340085795515],[92.6274718253245,24.038978657765607],[92.6256517392762,24.038467800189533],[92.62509171279979,24.03731837064336],[92.62509171279979,24.03706294185532],[92.6249517061807,24.03450865397494],[92.6262117657526,24.030677222154363],[92.62635177237169,24.030549507760345],[92.62635177237169,24.030549507760345],[92.62243158703687,24.03144350851848],[92.62061150098856,24.033359224428764],[92.62047149436947,24.033486938822783],[92.61921143479756,24.03604122670317],[92.61711133551104,24.040000372917763],[92.61599128255824,24.04638609261872],[92.61445120974813,24.04919580928714],[92.61137106412791,24.049962095651257],[92.60129058755265,24.049834381257238],[92.60129058755265,24.049834381257238],[92.59919048826613,24.05251638353164],[92.59919048826613,24.05251638353164],[92.59247017054929,24.060562390354846],[92.59247017054929,24.060562390354846],[92.58826997197627,24.06132867671896],[92.58700991240437,24.062350391871117],[92.58616987268977,24.063499821417288],[92.58616987268977,24.063627535811307],[92.58616987268977,24.063755250205325],[92.58588985945156,24.073078400968726],[92.58350974692684,24.074227830514896],[92.58350974692684,24.074227830514896],[92.58350974692684,24.074227830514896],[92.58336974030775,24.074227830514896],[92.58224968735493,24.074227830514896],[92.57426931006619,24.074227830514896],[92.57412930344708,24.073333829756763],[92.57412930344708,24.073206115362744],[92.57412930344708,24.073206115362744],[92.5769294358291,24.067842110813938],[92.57678942921001,24.06605410929767],[92.5762294027336,24.065415537327574],[92.5760893961145,24.065160108539537],[92.57272923725608,24.061200962324943],[92.57258923063698,24.05864667444456],[92.57258923063698,24.05851896005054],[92.57356927697069,24.04919580928714],[92.57090915120777,24.045875235042644],[92.56782900558756,24.038212371401492],[92.56544889306284,24.039489515341685],[92.56110868787071,24.03923408655365],[92.5595686150606,24.040128087311782],[92.5595686150606,24.0402558017058],[92.56320878715722,24.04945123807518],[92.56320878715722,24.0495789524692],[92.56418883349093,24.05238866913762],[92.56418883349093,24.05238866913762],[92.56418883349093,24.05238866913762],[92.5584485621078,24.0528995267137],[92.55858856872689,24.056858672928293],[92.55858856872689,24.05698638732231],[92.55858856872689,24.05711410171633],[92.55788853563139,24.059412960808675],[92.55536841648757,24.060690104748865],[92.55424836353477,24.060562390354846],[92.55410835691566,24.060562390354846],[92.55396835029657,24.060562390354846],[92.55382834367747,24.060434675960828],[92.55368833705836,24.06017924717279],[92.55130822453364,24.057624959292408],[92.55074819805725,24.05570924338212],[92.55060819143814,24.05545381459408],[92.55032817819995,24.054815242623985],[92.55032817819995,24.053665813077814],[92.55032817819995,24.053665813077814],[92.54920812524713,24.044342662314413],[92.55018817158084,24.04038351609982],[92.55018817158084,24.0402558017058],[92.55018817158084,24.040128087311782],[92.5417877744348,24.033870082004842],[92.53926765529098,24.033103795640727],[92.53912764867188,24.0375737994314],[92.53884763543368,24.038340085795515],[92.53884763543368,24.038467800189533],[92.53674753614716,24.047280093376855],[92.53688754276627,24.04817409413499],[92.53688754276627,24.04817409413499],[92.53688754276627,24.048557237317045],[92.53730756262357,24.051494668379487],[92.53758757586176,24.051877811561543],[92.53758757586176,24.051877811561543],[92.53856762219547,24.053665813077814],[92.53856762219547,24.057880388080445],[92.53842761557638,24.058008102474464],[92.53842761557638,24.058008102474464],[92.53660752952806,24.06324439262925],[92.53660752952806,24.06337210702327],[92.53996768838648,24.072567543392648],[92.53996768838648,24.072567543392648],[92.53996768838648,24.07269525778667],[92.54052771486289,24.07703754718332],[92.54066772148198,24.07869783430557],[92.54066772148198,24.07869783430557],[92.54080772810109,24.079208691881647],[92.53828760895728,24.09185241688954],[92.54024770162468,24.09530070552806],[92.54024770162468,24.09530070552806],[92.54024770162468,24.09530070552806],[92.54024770162468,24.09542841992208],[92.54024770162468,24.095556134316098],[92.54066772148198,24.09964299492471],[92.53828760895728,24.109860146446245],[92.53926765529098,24.11215900553859],[92.53954766852918,24.112669863114665],[92.53954766852918,24.112669863114665],[92.54290782738761,24.120843584331894],[92.54416788695951,24.122248442666102],[92.5438878737213,24.123525586606295],[92.54374786710221,24.123525586606295],[92.53800759571908,24.124036444182373],[92.53772758248087,24.12544130251658],[92.53898764205277,24.128123304790986],[92.53940766191008,24.131060735853424],[92.5423478009112,24.133998166915866],[92.54248780753029,24.134253595703903],[92.5447279134359,24.13808502752448],[92.54528793991231,24.140894744192902],[92.54528793991231,24.140894744192902],[92.5438878737213,24.14702503510582],[92.54122774795839,24.15034560935032],[92.54038770824378,24.152899897230704],[92.52932718533482,24.16145676162999],[92.52932718533482,24.164394192692427],[92.53212731771683,24.16567133663262],[92.53212731771683,24.16567133663262],[92.53604750305166,24.170907626787404],[92.53604750305166,24.171035341181422],[92.53604750305166,24.171035341181422],[92.53604750305166,24.175888488154154],[92.53254733757414,24.178187347246496],[92.53240733095504,24.178315061640518],[92.53240733095504,24.178315061640518],[92.53296735743145,24.178570490428555],[92.53268734419323,24.179081348004633],[92.53254733757414,24.179081348004633],[92.53100726476403,24.181252492702956],[92.53730756262357,24.19415164649889],[92.53730756262357,24.194279360892914],[92.53730756262357,24.194279360892914],[92.53590749643256,24.19772764953143],[92.53674753614716,24.199643365441716],[92.53688754276627,24.199771079835735],[92.54094773472019,24.20398565483837],[92.5419277810539,24.20832794423502],[92.5417877744348,24.211903947267558],[92.54528793991231,24.21765109499842],[92.54696801934152,24.22212109878909],[92.54696801934152,24.22224881318311],[92.54724803257973,24.22965624803622],[92.54654799948422,24.23246596470464],[92.54654799948422,24.233615394250815],[92.54668800610332,24.235403395767083],[92.54668800610332,24.2355311101611],[92.54836808553253,24.241022829103926],[92.54850809215164,24.241150543497945],[92.54906811862804,24.24191682986206],[92.55060819143814,24.247153120016847],[92.55074819805725,24.247153120016847],[92.55550842310667,24.24779169198694],[92.61249111708071,24.25583769881015],[92.61725134213015,24.28636143898073],[92.61669131565374,24.286616867768767],[92.61627129579644,24.288788012467094],[92.61627129579644,24.288915726861113],[92.61781136860654,24.297344876866376],[92.61781136860654,24.297344876866376],[92.61753135536834,24.301942595051067],[92.61753135536834,24.301942595051067],[92.61753135536834,24.302070309445085],[92.61921143479756,24.30602945565968],[92.61893142155935,24.30909460111614],[92.62187156056046,24.316118892787195],[92.62271160027507,24.321482897336],[92.62285160689417,24.328379474613033],[92.62285160689417,24.328379474613033],[92.62299161351328,24.328507189007052],[92.62383165322788,24.330295190523323],[92.62411166646609,24.33055061931136],[92.6256517392762,24.33208319203959],[92.62999194446832,24.331061476887438],[92.63013195108742,24.330933762493416],[92.63321209670764,24.332338620827628],[92.63545220261325,24.33336033597978],[92.63559220923236,24.33323262158576],[92.63727228866156,24.333104907191743],[92.63769230851887,24.33195547764557],[92.63671226218516,24.331827763251553],[92.63657225556605,24.331827763251553],[92.63601222908966,24.331827763251553],[92.63601222908966,24.33170004885753],[92.64679273876041,24.32940118976519],[92.6607934006705,24.347536633715908],[92.6610734139087,24.348175205686005],[92.6612134205278,24.348175205686005],[92.66149343376601,24.348302920080023],[92.68767467153786,24.35328378144677],[92.68963476420527,24.35366692462883],[92.69117483701538,24.357242927661364],[92.69131484363449,24.359669501147728],[92.6927149098255,24.36056350190586],[92.6935549495401,24.36273464660419],[92.6927149098255,24.36528893448457],[92.6945349958738,24.367076936000842],[92.69635508192212,24.371419225397492],[92.69775514811312,24.372440940549644],[92.69789515473222,24.372440940549644],[92.72057622702656,24.42378212694535],[92.72323635278947,24.43336070649679],[92.73009667712542,24.450091292113296],[92.73793704779506,24.46337358909129],[92.75389780237256,24.499516762598713],[92.75319776927705,24.50436990957144],[92.75319776927705,24.50436990957144],[92.75781798770738,24.508329055786035],[92.75879803404109,24.50909534215015],[92.7613181531849,24.512415916394648],[92.79925994696123,24.41918440876066],[92.80009998667583,24.4188012655786],[92.80402017201065,24.41624697769822],[92.80850038382188,24.413564975423817],[92.8101804632511,24.412543260271665],[92.8107404897275,24.412160117089606],[92.81452066844322,24.40986125799726],[92.81914088687354,24.40705154132884],[92.81984091996905,24.40551896860061],[92.82054095306455,24.40398639587238],[92.82096097292185,24.40373096708434],[92.82418112516118,24.401432107991997],[92.8290813568297,24.399133248899652],[92.82964138330611,24.399005534505633],[92.82880134359151,24.394152387532905],[92.82712126416229,24.383296664041275],[92.82614121782859,24.376527801158257],[92.82754128401959,24.376527801158257],[92.83804178045216,24.377421801916395],[92.84084191283418,24.377549516310413],[92.84294201212069,24.377677230704432],[92.84910230336112,24.384956951163524],[92.85736269388808,24.39466324510898],[92.85834274022179,24.395557245867113],[92.8622629255566,24.39657896101927],[92.87108334255996,24.394152387532905],[92.87318344184646,24.394407816320943],[92.8775236470386,24.395940389049173],[92.8775236470386,24.395940389049173],[92.8775236470386,24.395940389049173],[92.88354393165993,24.400154964051804],[92.88634406404195,24.399005534505633],[92.88830415670935,24.396706675413288],[92.88816415009026,24.398494676929555],[92.89180432218689,24.396834389807307],[92.89362440823518,24.392364386016634],[92.8955845009026,24.391342670864482],[92.8955845009026,24.391342670864482]]]}},{"type":"Feature","properties":{"district":"Lawngtlai","dt_code":"264","st_nm":"Mizoram","st_code":"15","year":"2011_c"},"geometry":{"type":"Polygon","coordinates":[[[92.93464634763174,22.554554256080866],[92.93744648001375,22.545103390923448],[92.93982659253847,22.539739386374645],[92.94108665211037,22.52964994924713],[92.93604641382274,22.498104493924398],[92.93646643368004,22.482012480277984],[92.94010660577666,22.474732759818888],[92.946126890398,22.46706989617774],[92.9462668970171,22.462216749205012],[92.94192669182497,22.458002174202377],[92.94290673815868,22.438589586311465],[92.9452868506834,22.43028815070022],[92.9464069036362,22.423519287817204],[92.94822698968451,22.41368527947773],[92.95158714854293,22.406788702200693],[92.95270720149574,22.400786125681794],[92.96460776411931,22.397082408255237],[92.96670786340582,22.392740118858587],[92.96278767807101,22.377542105970306],[92.95690740006876,22.37230581581552],[92.94080663887217,22.379074678698537],[92.93884654620476,22.384183254459302],[92.94332675801598,22.388780972643993],[92.93954657930027,22.39197383249447],[92.93212622848792,22.39478354916289],[92.92288579162727,22.388653258249974],[92.91868559305424,22.383672396883227],[92.91070521576549,22.377542105970306],[92.90510495100146,22.3721781014215],[92.89992470609472,22.366814096872695],[92.89460445456889,22.364004380204275],[92.88718410375655,22.359917519595662],[92.88312391180263,22.3568523741392],[92.8806037926588,22.35263779913657],[92.87500352789478,22.343570077161207],[92.86870323003524,22.327733492302833],[92.86562308441502,22.32377434608824],[92.85232245560044,22.323008059724124],[92.84196196578698,22.33118178094135],[92.82586120459038,22.330287780183216],[92.82460114501848,22.325179204422447],[92.8285213303533,22.319432056691586],[92.8290813568297,22.313812623354742],[92.8276812906387,22.308959476382014],[92.83020140978252,22.30040261198273],[92.83720174073756,22.29401689228177],[92.84028188635777,22.287375743792776],[92.83748175397575,22.27932973696957],[92.83426160173644,22.27460430439086],[92.83622169440385,22.26975115741813],[92.83706173411845,22.264131724081288],[92.83482162821284,22.255191716499947],[92.83580167454654,22.249444568769086],[92.83734174735665,22.244846850584395],[92.83888182016676,22.240376846793723],[92.84014187973867,22.232713983152575],[92.84056189959597,22.226328263451617],[92.84154194592968,22.21649425511214],[92.84070190621507,22.20589396040855],[92.84168195254878,22.19516595131094],[92.84126193269148,22.18788623085185],[92.84280200550158,22.181883654332946],[92.8436420452162,22.167068784626725],[92.84420207169259,22.160299921743707],[92.8460221577409,22.14906105507002],[92.8464421775982,22.14165362021691],[92.84826226364652,22.134501614151837],[92.8456021378836,22.123901319448247],[92.8451821180263,22.114705883078866],[92.84770223717011,22.10538273231547],[92.84742222393191,22.096187295946088],[92.84882229012292,22.088396717910918],[92.84826226364652,22.08086156866379],[92.85204244236223,22.070899845930292],[92.85456256150606,22.0636201254712],[92.84658218421731,22.06042726562072],[92.84224197902518,22.066174413351582],[92.83902182678587,22.070005845172158],[92.83412159511734,22.07434813456881],[92.82320107882747,22.077796423207328],[92.81788082730164,22.088396717910918],[92.81466067506233,22.093633008065705],[92.80808036396458,22.095804152764032],[92.80094002639044,22.10040187094872],[92.79281964248258,22.104361017163313],[92.78637933800395,22.107043019437718],[92.78077907323991,22.106787590649677],[92.77503880185678,22.107937020195852],[92.76691841794894,22.11406731110877],[92.76775845766355,22.121219317173843],[92.76341825247141,22.12453989141834],[92.74899757070403,22.1309256111193],[92.74087718679618,22.1342461853638],[92.73555693527035,22.137311330820257],[92.73051669698272,22.14791162552385],[92.71567599535803,22.15097677098031],[92.70573552540188,22.151870771738444],[92.69719512163672,22.146634481583657],[92.69845518120863,22.136800473244183],[92.69747513487492,22.12070845959777],[92.69495501573111,22.097719868674318],[92.69523502896931,22.084565286090342],[92.69131484363449,22.075625278509],[92.68837470463336,22.093249864883646],[92.68739465829967,22.105510446709488],[92.68165438691653,22.103722445193217],[92.68235442001203,22.090440148215226],[92.68305445310753,22.084054428514268],[92.68361447958394,22.07498670653891],[92.68459452591765,22.06834555804991],[92.68501454577495,22.061576695166895],[92.68403449944124,22.057106691376223],[92.68445451929854,22.04842211258292],[92.68767467153786,22.03948210500158],[92.68725465168056,22.034245814846795],[92.68585458548955,22.029137239086026],[92.68501454577495,22.022368376203012],[92.68207440677384,22.01636579968411],[92.6785742412963,22.012662082257556],[92.66933380443565,22.01330065422765],[92.6609334072896,22.014066940591764],[92.64245253356829,21.99682549739918],[92.63881236147168,21.990822920880277],[92.62789184518181,21.983543200421185],[92.61599128255824,21.98009491178267],[92.610111004556,21.978945482236494],[92.6088509449841,21.984054057997263],[92.61571126932003,21.98852406178793],[92.61025101117511,22.001678644371907],[92.59989052136164,22.011001795135304],[92.60255064712456,22.021218946656838],[92.60521077288747,22.026327522417606],[92.60381070669646,22.0329686709066],[92.59905048164703,22.03769410348531],[92.59891047502794,22.04254725045804],[92.60255064712456,22.052125830009476],[92.60269065374365,22.056851262588186],[92.60115058093355,22.06195983834895],[92.59569032278861,22.066046698957564],[92.59485028307401,22.0789458527535],[92.58392976678414,22.098486155038433],[92.57860951525831,22.110108164894175],[92.57356927697069,22.12019760202169],[92.56964909163585,22.125178463388437],[92.56222874082351,22.128243608844897],[92.57132917106507,22.136672758850164],[92.57804948878191,22.143697050521215],[92.58434978664144,22.14012104748868],[92.59037007126278,22.135012471727915],[92.59583032940772,22.13067018233126],[92.60073056107625,22.1276050368748],[92.60521077288747,22.124029033842266],[92.60619081922118,22.136034186880067],[92.60717086555488,22.146762195977676],[92.60801090526948,22.158256491439403],[92.60843092512678,22.16476992553438],[92.60423072655377,22.170006215689163],[92.60073056107625,22.1735822187217],[92.59695038236052,22.17805222251237],[92.5938702367403,22.18137279675687],[92.59289019040659,22.19210080585448],[92.5921901573111,22.200913099041802],[92.5914901242156,22.20844824828893],[92.59093009773919,22.214067681625774],[92.59023006464368,22.221730545266926],[92.58967003816728,22.229137980120036],[92.58882999845267,22.237567130125303],[92.58770994549987,22.245102279372432],[92.58686990578526,22.255958002864062],[92.58630987930886,22.263748580899232],[92.58560984621336,22.271156015752343],[92.58490981311785,22.279712880151628],[92.58420978002235,22.287758886974835],[92.58322973368864,22.297337466526272],[92.58168966087854,22.31291862259661],[92.58098962778303,22.321986344571968],[92.57636940935271,22.33577949912604],[92.57314925711339,22.34497493549542],[92.56978909825496,22.356086087775086],[92.56628893277744,22.367197240054754],[92.56222874082351,22.378819249910496],[92.55900858858419,22.38929183022007],[92.55578843634487,22.399253552953564],[92.55270829072467,22.409470704475098],[92.55130822453364,22.419049284026535],[92.55004816496174,22.431437580246392],[92.54878810538983,22.44408130525429],[92.54724803257973,22.45761903102032],[92.54584796638872,22.470773613604294],[92.54458790681682,22.482523337854058],[92.54374786710221,22.490697059071284],[92.55088820467634,22.497849065136357],[92.54374786710221,22.499381637864587],[92.55116821791455,22.513047078024638],[92.54500792667412,22.522881086364116],[92.53548747657526,22.538206813646415],[92.52792711914381,22.550339681078235],[92.52344690733258,22.557491687143308],[92.52190683452247,22.559662831841635],[92.5273670926674,22.56911369699905],[92.53016722504942,22.57422227275982],[92.53366739052694,22.580352563672736],[92.53674753614716,22.585971997009583],[92.53884763543368,22.589548000042118],[92.53744756924267,22.596189148531113],[92.53492745009885,22.609726874297145],[92.53296735743145,22.618922310666527],[92.53184730447863,22.623903172033273],[92.53142728462133,22.627862318247868],[92.53058724490673,22.63194917885648],[92.52974720519212,22.63667461143519],[92.52834713900111,22.64254947356007],[92.5262470397146,22.653660625839738],[92.52470696690449,22.661834347056963],[92.52022675509326,22.684950652374432],[92.51714660947304,22.70117038041487],[92.51476649694834,22.712281532694533],[92.51308641751912,22.72019982512372],[92.5104262917562,22.735142409223965],[92.5093062388034,22.741017271348845],[92.5093062388034,22.741144985742867],[92.5100062718989,22.74331613044119],[92.5100062718989,22.74344384483521],[92.5108463116135,22.747530705443825],[92.51504651018654,22.750084993324208],[92.51756662933035,22.75557671226703],[92.52386692718989,22.76055757363378],[92.52848714562022,22.757875571359374],[92.54010769500559,22.759280429693586],[92.54654799948422,22.756470713025163],[92.55032817819995,22.751745280446457],[92.56054866139431,22.744337845593346],[92.57020911811226,22.730672405433292],[92.57720944906731,22.73386526528377],[92.58070961454483,22.737185839528273],[92.58084962116394,22.744465559987365],[92.58798995873806,22.74689213347373],[92.5940102433594,22.729395261493103],[92.59639035588413,22.729139832705066],[92.59751040883692,22.72696868800674],[92.59877046840883,22.722498684216067],[92.60185061402905,22.720327539517744],[92.60213062726726,22.712153818300514],[92.60017053459984,22.704107811477307],[92.60241064050545,22.69491237510793],[92.60577079936388,22.689037512983045],[92.610111004556,22.685844653132566],[92.61179108398521,22.679458933431608],[92.61529124946273,22.67767093191534],[92.62229158041777,22.670518925850267],[92.62803185180091,22.66719835160577],[92.63405213642224,22.6627283478151],[92.63181203051663,22.65979091675266],[92.63209204375482,22.6567257712962],[92.63839234161438,22.654043769021797],[92.6425925401874,22.65034005159524],[92.64483264609301,22.64612547659261],[92.64903284466604,22.635397467494997],[92.64749277185592,22.626329745519637],[92.64735276523682,22.61687888036222],[92.66247348009972,22.61994402581868],[92.67493406919968,22.62454174400337],[92.68417450606034,22.62454174400337],[92.69719512163672,22.61662345157418],[92.6941149760165,22.607044872022744],[92.69607506868391,22.59555057656102],[92.69845518120863,22.589931143224174],[92.712875862976,22.580224849278718],[92.71469594902433,22.57524398791197],[92.71917616083556,22.568219696240917],[92.72351636602768,22.563877406844266],[92.7438173257973,22.551361396230387],[92.74717748465572,22.54689139243972],[92.75543787518266,22.541527387890913],[92.75655792813546,22.533736809855743],[92.75683794137367,22.52019908408971],[92.76285822599502,22.5007864961988],[92.76481831866242,22.497976779530376],[92.76957854371184,22.4974659219543],[92.77587884157138,22.501680496956933],[92.7769988945242,22.49912620907655],[92.77923900042981,22.49759363634832],[92.78189912619273,22.498232208318417],[92.77993903352531,22.513685649994734],[92.7778389342388,22.518283368179425],[92.7802190467635,22.530799378793304],[92.78273916590733,22.538334528040433],[92.79183959614889,22.54752996440981],[92.79827990062752,22.551872253806465],[92.79883992710393,22.556469971991156],[92.80402017201065,22.566942552300727],[92.80416017862976,22.574477701547856],[92.80164005948595,22.580735706854796],[92.80094002639044,22.585461139433505],[92.79687983443651,22.597594006865325],[92.79729985429381,22.602191725050016],[92.79645981457921,22.6047460129304],[92.80360015215335,22.607172586416763],[92.80486021172526,22.61202573338949],[92.80304012567694,22.615984879604085],[92.80318013229605,22.62134888415289],[92.80808036396458,22.62722374627777],[92.8132606088713,22.62773460385385],[92.82222103249376,22.625308030367485],[92.82572119797129,22.62569117354954],[92.83692172749934,22.623903172033273],[92.8450421114072,22.620582597788776],[92.85036236293303,22.612919734147624],[92.85680266741167,22.606789443234707],[92.86268294541391,22.602447153838053],[92.86576309103413,22.598743436411496],[92.87178337565545,22.594912004590924],[92.8779436668959,22.586738283373695],[92.88368393827903,22.58162970761293],[92.89964469285653,22.582395993977045],[92.90384489142954,22.574733130335893],[92.90440491790595,22.56949684018111],[92.90888512971718,22.551489110624406],[92.91308532829021,22.54484796213541],[92.91756554010144,22.545103390923448],[92.9287660696295,22.549956537896175],[92.93464634763174,22.554554256080866]]]}},{"type":"Feature","properties":{"district":"Lunglei","dt_code":"265","st_nm":"Mizoram","st_code":"15","year":"2011_c"},"geometry":{"type":"Polygon","coordinates":[[[92.67269396329408,23.382654386901127],[92.67843423467721,23.37882295508055],[92.6789942611536,23.37269266416763],[92.67871424791541,23.3711600914394],[92.67493406919968,23.368478089165],[92.68459452591765,23.367073230830787],[92.68753466491876,23.363114084616193],[92.68837470463336,23.358516366431502],[92.69061481053899,23.35481264900495],[92.69005478406258,23.35289693309466],[92.68935475096707,23.3438292111193],[92.69033479730078,23.341658066420973],[92.68977477082437,23.338720635358534],[92.68949475758617,23.32978062777719],[92.68977477082437,23.329014341413075],[92.68935475096707,23.327992626260922],[92.68907473772887,23.327481768684848],[92.68753466491876,23.32658776792671],[92.68655461858506,23.32709862550279],[92.68417450606034,23.326332339138673],[92.68809469139516,23.317392331557333],[92.68711464506146,23.311517469432452],[92.6918748701109,23.307302894429817],[92.68963476420527,23.297085742908287],[92.68711464506146,23.29070002320733],[92.68865471787157,23.284952875476463],[92.68655461858506,23.280355157291776],[92.68739465829967,23.27958887092766],[92.69075481715808,23.27933344213962],[92.68921474434796,23.27358629440876],[92.69159485687268,23.26924400501211],[92.693414942921,23.260559426218805],[92.69243489658729,23.248171129998944],[92.69145485025359,23.242679411056123],[92.693414942921,23.239614265599663],[92.69285491644459,23.236932263325258],[92.6946750024929,23.222117393619037],[92.69691510839851,23.216497960282194],[92.70755561145018,23.20768566709487],[92.70713559159287,23.20423737845635],[92.70335541287716,23.197851658755393],[92.70671557173557,23.19734080117932],[92.70615554525918,23.19529737087501],[92.70937569749849,23.19248765420659],[92.71637602845354,23.191210510266398],[92.72225630645576,23.191976796630513],[92.72491643221869,23.205897665578604],[92.7274365513625,23.210367669369273],[92.72603648517149,23.21713653225229],[92.7272965447434,23.222245108013055],[92.72561646531419,23.228247684531954],[92.72463641898048,23.238847979235548],[92.72505643883778,23.240763695145834],[92.73625696836585,23.239231122417603],[92.73835706765237,23.2371876921133],[92.74087718679618,23.23233454514057],[92.74493737875011,23.234250261050857],[92.74927758394223,23.233100831504686],[92.75361778913435,23.23348397468674],[92.75501785532536,23.232845402716645],[92.75669793475457,23.231823687564493],[92.75851802080288,23.226842826197746],[92.76663840471073,23.23092968680636],[92.76859849737815,23.23246225953459],[92.77335872242757,23.233356260292723],[92.77965902028711,23.228503113319995],[92.79071954319608,23.230674258018322],[92.79883992710393,23.22773682695588],[92.80248009920055,23.22633196862167],[92.81662076772973,23.225565682257553],[92.81844085377804,23.226459683015687],[92.81956090673086,23.228503113319995],[92.81886087363534,23.2338671178688],[92.82012093320725,23.239614265599663],[92.82152099939826,23.24140226711593],[92.82348109206566,23.24140226711593],[92.82572119797129,23.242679411056123],[92.83552166130835,23.245489127724543],[92.83874181354767,23.24446741257239],[92.83986186650047,23.241146838327893],[92.8467221908364,23.238081692871432],[92.84910230336112,23.236549120143202],[92.84910230336112,23.23527197620301],[92.84910230336112,23.234888833020953],[92.84882229012292,23.234250261050857],[92.84966232983753,23.23399483226282],[92.84896229674203,23.231440544382433],[92.85008234969483,23.22901397089607],[92.84938231659933,23.22735368377382],[92.85148241588584,23.22352225195325],[92.85442255488695,23.22147882164894],[92.85512258798246,23.22007396331473],[92.85750270050717,23.218669104980517],[92.86058284612739,23.215093101947982],[92.8618429056993,23.210750812551332],[92.85862275345998,23.19580822845109],[92.85932278655548,23.19261536860061],[92.8622629255566,23.18635736329367],[92.86282295203301,23.183930789807306],[92.86520306455772,23.17997164359271],[92.86408301160492,23.175501639802043],[92.86366299174762,23.173969067073813],[92.86492305131952,23.163879629946297],[92.8612828792229,23.152513048878593],[92.8612828792229,23.141912754175003],[92.860022819651,23.139613895082658],[92.85540260122066,23.13169560265347],[92.85568261445886,23.13118474507739],[92.8612828792229,23.120456735979783],[92.8622629255566,23.118924163251553],[92.86548307779591,23.113943301884806],[92.86436302484312,23.107940725365903],[92.85960279979369,23.097851288238388],[92.86016282627008,23.096829573086236],[92.86492305131952,23.08827270868695],[92.86716315722514,23.084185848078338],[92.87206338889366,23.075245840496997],[92.87262341537007,23.062091257913025],[92.87276342198916,23.06132497154891],[92.87500352789478,23.05149096320943],[92.87500352789478,23.050086104875223],[92.87500352789478,23.04255095562809],[92.8775236470386,23.026714370769714],[92.8786436999914,23.020456365462778],[92.88214386546892,23.000277491207747],[92.88270389194533,22.996701488175212],[92.88956421628126,22.980864903316835],[92.88984422951947,22.98009861695272],[92.88956421628126,22.979076901800568],[92.88718410375655,22.973329754069706],[92.88634406404195,22.97115860937138],[92.88718410375655,22.962984888154153],[92.88746411699475,22.959792028303674],[92.88858416994756,22.949064019206062],[92.88872417656665,22.94791458965989],[92.88774413023296,22.946765160113717],[92.86912324989254,22.9253091419185],[92.86758317708244,22.92364885479625],[92.86058284612739,22.91560284797304],[92.86030283288919,22.914964276002948],[92.8625429387948,22.911132844182372],[92.86688314398693,22.90385312372328],[92.86716315722514,22.903342266147202],[92.86926325651164,22.899766263114667],[92.86968327636895,22.89912769114457],[92.86926325651164,22.898616833568493],[92.86744317046333,22.896317974476148],[92.8612828792229,22.88839968204696],[92.85442255488695,22.879970532041696],[92.85260246883864,22.87626681461514],[92.85386252841056,22.871669096430452],[92.85470256812516,22.87179681082447],[92.85750270050717,22.872690811582604],[92.8619829123184,22.874223384310834],[92.86912324989254,22.87652224340318],[92.8779436668959,22.865283376729494],[92.87626358746668,22.863750804001263],[92.87206338889366,22.859919372180688],[92.87164336903636,22.858642228240495],[92.86968327636895,22.852767366115614],[92.8797637529442,22.840251355501735],[92.8797637529442,22.840251355501735],[92.88284389856443,22.836930781257237],[92.88746411699475,22.83194991989049],[92.88676408389925,22.82300991230915],[92.88676408389925,22.822499054733072],[92.88886418318576,22.816496478214173],[92.89082427585318,22.811132473665367],[92.8954444942835,22.807173327450773],[92.90188479876214,22.802447894872063],[92.90636501057337,22.799127320627566],[92.9121052819565,22.796573032747183],[92.9140653746239,22.791592171380433],[92.91420538124301,22.791209028198377],[92.91672550038683,22.78788845395388],[92.92134571881715,22.780608733494788],[92.92316580486546,22.777799016826364],[92.92750601005758,22.773456727429714],[92.92498589091377,22.771413297125406],[92.91980564600705,22.764261291060333],[92.91868559305424,22.736547267558176],[92.91980564600705,22.72811811755291],[92.92106570557895,22.722498684216067],[92.93366630129803,22.713686391028745],[92.93702646015645,22.70666209935769],[92.93296626820252,22.684184366010317],[92.93380630791712,22.677543217521322],[92.93394631453623,22.663366919785194],[92.94178668520587,22.645103761440453],[92.95186716178114,22.632587750826577],[92.95508731402046,22.62735146067179],[92.95172715516203,22.619050025060545],[92.95396726106765,22.601808581867957],[92.94892702278003,22.594784290196905],[92.95032708897102,22.588526284889966],[92.94934704263733,22.57524398791197],[92.94500683744519,22.563877406844266],[92.94094664549127,22.559279688659576],[92.93464634763174,22.554554256080866],[92.9287660696295,22.549956537896175],[92.91756554010144,22.545103390923448],[92.91308532829021,22.54484796213541],[92.90888512971718,22.551489110624406],[92.90440491790595,22.56949684018111],[92.90384489142954,22.574733130335893],[92.89964469285653,22.582395993977045],[92.88368393827903,22.58162970761293],[92.8779436668959,22.586738283373695],[92.87178337565545,22.594912004590924],[92.86576309103413,22.598743436411496],[92.86268294541391,22.602447153838053],[92.85680266741167,22.606789443234707],[92.85036236293303,22.612919734147624],[92.8450421114072,22.620582597788776],[92.83692172749934,22.623903172033273],[92.82572119797129,22.62569117354954],[92.82222103249376,22.625308030367485],[92.8132606088713,22.62773460385385],[92.80808036396458,22.62722374627777],[92.80318013229605,22.62134888415289],[92.80304012567694,22.615984879604085],[92.80486021172526,22.61202573338949],[92.80360015215335,22.607172586416763],[92.79645981457921,22.6047460129304],[92.79729985429381,22.602191725050016],[92.79687983443651,22.597594006865325],[92.80094002639044,22.585461139433505],[92.80164005948595,22.580735706854796],[92.80416017862976,22.574477701547856],[92.80402017201065,22.566942552300727],[92.79883992710393,22.556469971991156],[92.79827990062752,22.551872253806465],[92.79183959614889,22.54752996440981],[92.78273916590733,22.538334528040433],[92.7802190467635,22.530799378793304],[92.7778389342388,22.518283368179425],[92.77993903352531,22.513685649994734],[92.78189912619273,22.498232208318417],[92.77923900042981,22.49759363634832],[92.7769988945242,22.49912620907655],[92.77587884157138,22.501680496956933],[92.76957854371184,22.4974659219543],[92.76481831866242,22.497976779530376],[92.76285822599502,22.5007864961988],[92.75683794137367,22.52019908408971],[92.75655792813546,22.533736809855743],[92.75543787518266,22.541527387890913],[92.74717748465572,22.54689139243972],[92.7438173257973,22.551361396230387],[92.72351636602768,22.563877406844266],[92.71917616083556,22.568219696240917],[92.71469594902433,22.57524398791197],[92.712875862976,22.580224849278718],[92.69845518120863,22.589931143224174],[92.69607506868391,22.59555057656102],[92.6941149760165,22.607044872022744],[92.69719512163672,22.61662345157418],[92.68417450606034,22.62454174400337],[92.67493406919968,22.62454174400337],[92.66247348009972,22.61994402581868],[92.64735276523682,22.61687888036222],[92.64749277185592,22.626329745519637],[92.64903284466604,22.635397467494997],[92.64483264609301,22.64612547659261],[92.6425925401874,22.65034005159524],[92.63839234161438,22.654043769021797],[92.63209204375482,22.6567257712962],[92.63181203051663,22.65979091675266],[92.63405213642224,22.6627283478151],[92.62803185180091,22.66719835160577],[92.62229158041777,22.670518925850267],[92.61529124946273,22.67767093191534],[92.61179108398521,22.679458933431608],[92.610111004556,22.685844653132566],[92.60577079936388,22.689037512983045],[92.60241064050545,22.69491237510793],[92.60017053459984,22.704107811477307],[92.60213062726726,22.712153818300514],[92.60185061402905,22.720327539517744],[92.59877046840883,22.722498684216067],[92.59751040883692,22.72696868800674],[92.59639035588413,22.729139832705066],[92.5940102433594,22.729395261493103],[92.58798995873806,22.74689213347373],[92.58084962116394,22.744465559987365],[92.58070961454483,22.737185839528273],[92.57720944906731,22.73386526528377],[92.57020911811226,22.730672405433292],[92.56054866139431,22.744337845593346],[92.55032817819995,22.751745280446457],[92.54654799948422,22.756470713025163],[92.54010769500559,22.759280429693586],[92.52848714562022,22.757875571359374],[92.52386692718989,22.76055757363378],[92.51756662933035,22.75557671226703],[92.51504651018654,22.750084993324208],[92.5108463116135,22.747530705443825],[92.5100062718989,22.74344384483521],[92.5100062718989,22.74331613044119],[92.5093062388034,22.741144985742867],[92.5091662321843,22.741017271348845],[92.5079061726124,22.736930410740232],[92.50230590784835,22.739612413014637],[92.49614561660792,22.742549844077075],[92.49082536508209,22.74497641756344],[92.48424505398435,22.747658419837844],[92.47794475612481,22.75097899408234],[92.4761246700765,22.76489986303043],[92.47402457079,22.779331589554594],[92.47220448474168,22.78903788350005],[92.47066441193157,22.7967007471412],[92.46604419350125,22.804108181994312],[92.46310405450012,22.807939613814888],[92.45974389564171,22.81253733199958],[92.45652374340239,22.817007335790247],[92.45470365735407,22.819306194882593],[92.4583438294507,22.8246701994314],[92.46156398169002,22.830289632768242],[92.45596371692598,22.837697067621352],[92.45288357130576,22.842422500200062],[92.46268403464282,22.841783928229965],[92.45652374340239,22.85149022217542],[92.46408410083383,22.854299938843845],[92.45526368383048,22.860302515362743],[92.45274356468667,22.862090516879015],[92.4586238426889,22.86885937976203],[92.46016391549901,22.870647381278296],[92.45134349849566,22.87486195628093],[92.44840335949453,22.87613910022112],[92.44952341244735,22.888144253258922],[92.44994343230465,22.89312511462567],[92.44392314768331,22.890443112351267],[92.43888290939569,22.888144253258922],[92.43370266448895,22.885973108560595],[92.42754237324851,22.900021691902705],[92.42236212834177,22.91126055857639],[92.41942198934066,22.918412564641464],[92.41564181062495,22.917263135095293],[92.40094111561936,22.912154559334525],[92.39940104280925,22.917901707065386],[92.39926103619014,22.921605424491943],[92.40178115533396,22.927863429798883],[92.39744095014183,22.929523716921132],[92.38904055299578,22.93169486161946],[92.38330028161265,22.932972005559648],[92.37111970575089,22.936164865410127],[92.37209975208458,22.94203972753501],[92.3732198050374,22.948680876024007],[92.3744798646093,22.95557745330104],[92.3750398910857,22.959281170727596],[92.37559991756211,22.96324031694219],[92.37601993741941,22.96681631997473],[92.374059844752,22.9706477517953],[92.37784002346771,22.97550089876803],[92.37882006980142,22.98048176013478],[92.37980011613513,22.986995194229756],[92.38078016246884,22.992870056354636],[92.38176020880255,22.998234060903442],[92.38260024851715,23.00295949348215],[92.38330028161265,23.008068069242917],[92.38414032132725,23.013176645003686],[92.38428032794636,23.017391220006317],[92.38512036766096,23.021733509402967],[92.38652043385197,23.026586656375695],[92.38708046032838,23.030290373802252],[92.38736047356657,23.035782092745077],[92.38834051990028,23.03986895335369],[92.38974058609129,23.045488386690533],[92.3911406522823,23.052768107149625],[92.3918406853778,23.057365825334315],[92.38960057947219,23.06247440109508],[92.38666044047108,23.070009550342213],[92.38512036766096,23.07333012458671],[92.38372030146995,23.07652298443719],[92.38106017570703,23.08278098974413],[92.37966010951602,23.086612421564702],[92.37770001684862,23.087889565504895],[92.37461987122839,23.087506422322836],[92.37013965941718,23.093764427629775],[92.36495941451044,23.097468145056332],[92.36089922255651,23.10091643369485],[92.3578190769363,23.103087578393176],[92.36103922917562,23.11138901400442],[92.36327933508123,23.116625304159207],[92.36565944760595,23.122500166284087],[92.36747953365426,23.12684245568074],[92.36439938803403,23.129141314773086],[92.35893912988911,23.133100460987677],[92.3568390306026,23.13437760492787],[92.36019918946101,23.14497789963146],[92.36201927550933,23.150852761756344],[92.36425938141494,23.157110767063283],[92.36271930860482,23.162985629188164],[92.36089922255651,23.17115935040539],[92.3590791365082,23.179460786016634],[92.3580990901745,23.184569361777402],[92.3564190107453,23.188400793597978],[92.35543896441158,23.19414794132884],[92.35473893131608,23.19874565951353],[92.35291884526777,23.205386808002526],[92.35249882541046,23.209856811793195],[92.35095875260036,23.215987102706116],[92.34927867317114,23.22352225195325],[92.34633853417003,23.23667683453722],[92.35613899750709,23.23667683453722],[92.36243929536663,23.23680454893124],[92.36859958660706,23.237315406507317],[92.37349981827559,23.23846483605349],[92.38820051328118,23.23846483605349],[92.3933807581879,23.239231122417603],[92.39940104280925,23.238847979235548],[92.39884101633284,23.240635980751815],[92.39674091704633,23.245233698936506],[92.39450081114072,23.25085313227335],[92.3929607383306,23.254429135305884],[92.390720632425,23.25940999667263],[92.38974058609129,23.26260285652311],[92.38806050666207,23.26592343076761],[92.39492083099802,23.26605114516163],[92.40164114871486,23.26566800197957],[92.40402126123958,23.263752286069284],[92.4086414796699,23.26605114516163],[92.40934151276541,23.265029430009474],[92.41340170471933,23.261581141370957],[92.4261423070575,23.263624571675265],[92.43314263801255,23.272692293650625],[92.44084300206309,23.27933344213962],[92.43678281010916,23.281632301231966],[92.43650279687097,23.28418658911235],[92.44644326682713,23.284952875476463],[92.45372361102037,23.286357733810675],[92.4572237764979,23.297468886090343],[92.46016391549901,23.303216033821204],[92.46016391549901,23.305131749731494],[92.46352407435742,23.308324609581973],[92.46590418688214,23.318286332315466],[92.46674422659675,23.318797189891544],[92.47220448474168,23.317264617163314],[92.47514462374279,23.321479192165945],[92.47248449797988,23.32684319671475],[92.47052440531247,23.34178578081499],[92.46254402802373,23.349065501274087],[92.46380408759563,23.350853502790354],[92.46380408759563,23.35634522173318],[92.46576418026304,23.355195792187004],[92.46534416040573,23.36222008385806],[92.4607239419754,23.36362494219227],[92.4598839022608,23.365029800526482],[92.46142397507091,23.367200945224806],[92.46114396183272,23.37409752250184],[92.46016391549901,23.379461527050648],[92.46534416040573,23.384314674023376],[92.46674422659675,23.388656963420026],[92.46800428616865,23.389040106602085],[92.47808476274392,23.389678678572178],[92.48214495469784,23.387124390691795],[92.48550511355626,23.382909815689164],[92.49082536508209,23.381249528566915],[92.49572559675062,23.383931530841316],[92.49712566294163,23.3898063929662],[92.50006580194275,23.38801839144993],[92.50132586151466,23.38801839144993],[92.50216590122926,23.38661353311572],[92.5079061726124,23.3831652444772],[92.51154634470902,23.37856752629251],[92.52092678818877,23.37843981189849],[92.52092678818877,23.37843981189849],[92.52848714562022,23.379333812656625],[92.53296735743145,23.377545811140358],[92.53744756924267,23.37882295508055],[92.53814760233817,23.37882295508055],[92.5436078604831,23.379206098262607],[92.54850809215164,23.378056668716436],[92.54948813848534,23.37741809674634],[92.54948813848534,23.37690723917026],[92.55144823115275,23.376013238412128],[92.5580285422505,23.369372089923132],[92.56558889968193,23.37128780583342],[92.56712897249204,23.376396381594187],[92.56866904530216,23.377545811140358],[92.57888952849652,23.376651810382224],[92.58868999183358,23.384059245235335],[92.59051007788189,23.390061821754237],[92.58798995873806,23.400917545245864],[92.59205015069199,23.404493548278403],[92.60185061402905,23.400917545245864],[92.60367070007736,23.396702970243233],[92.61375117665263,23.39402096796883],[92.61739134874924,23.389295535390122],[92.62159154732227,23.38635810432768],[92.626771792229,23.385847246751606],[92.63041196432562,23.390061821754237],[92.63713228204246,23.39095582251237],[92.64161249385369,23.38789067705591],[92.64707275199862,23.38176038614299],[92.6596733477177,23.380738670990837],[92.66569363233903,23.381121814172896],[92.67269396329408,23.382654386901127]]]}},{"type":"Feature","properties":{"district":"Mamit","dt_code":"266","st_nm":"Mizoram","st_code":"15","year":"2011_c"},"geometry":{"type":"Polygon","coordinates":[[[92.6274718253245,23.953793156954827],[92.6274718253245,23.95366544256081],[92.63013195108742,23.944853149373486],[92.62523171941889,23.94114943194693],[92.62299161351328,23.935146855428027],[92.63685226880426,23.93169856678951],[92.6446926394739,23.929399707697165],[92.64637271890311,23.922119987238073],[92.6579932682885,23.919948842539746],[92.66303350657611,23.908326832684004],[92.65939333447949,23.90130254101295],[92.64539267256941,23.896066250858166],[92.64133248061549,23.891979390249553],[92.64133248061549,23.88584909933663],[92.6431525666638,23.880485094787826],[92.6431525666638,23.8723113735706],[92.64763277847503,23.863499080383278],[92.65113294395255,23.85392050083184],[92.65407308295366,23.84779020991892],[92.66247348009972,23.83706220082131],[92.6612134205278,23.832081339454565],[92.65197298366715,23.830676481120353],[92.64651272552221,23.827611335663892],[92.64623271228402,23.81994847202274],[92.65617318224017,23.818288184900492],[92.65113294395255,23.81113617883542],[92.6428725534256,23.811774750805515],[92.63811232837617,23.81560618262609],[92.63321209670764,23.80781560459092],[92.62943191799192,23.80194074246604],[92.62523171941889,23.796449023523216],[92.62999194446832,23.79287302049068],[92.63951239456718,23.7930007348847],[92.64245253356829,23.78533787124355],[92.64035243428178,23.772055574265558],[92.63489217613684,23.767585570474886],[92.62957192461101,23.762349280320098],[92.63559220923236,23.758390134105504],[92.63769230851887,23.74740669621986],[92.63923238132898,23.738594403032536],[92.64175250047279,23.734124399241864],[92.6438525997593,23.728121822722965],[92.64847281818963,23.719820387111717],[92.65211299028626,23.714073239380856],[92.65743324181209,23.711391237106454],[92.66345352643341,23.711008093924395],[92.66765372500645,23.70730437649784],[92.6606533940514,23.690062933305253],[92.65645319547838,23.682016926482046],[92.65253301014356,23.6770360651153],[92.64777278509413,23.667968343139936],[92.63699227542335,23.6583897635885],[92.63713228204246,23.647406325702853],[92.64077245413908,23.642553178730125],[92.64567268580761,23.639488033273665],[92.65239300352445,23.63514574387701],[92.65239300352445,23.630292596904283],[92.65827328152669,23.628632309782034],[92.66919379781655,23.626461165083708],[92.67521408243789,23.62314059083921],[92.67423403610418,23.614456012045906],[92.67493406919968,23.609092007497104],[92.67185392357948,23.60002428552174],[92.66429356614802,23.594915709760976],[92.65673320871657,23.593383137032745],[92.65183297704804,23.58980713400021],[92.65211299028626,23.584443129451405],[92.65407308295366,23.576780265810253],[92.6603733808132,23.570394546109295],[92.6588333080031,23.559794251405705],[92.65673320871657,23.554174818068862],[92.64819280495144,23.55315310291671],[92.64497265271211,23.547661383973885],[92.64371259314021,23.54114794987891],[92.63797232175708,23.53948766275666],[92.63503218275595,23.533612800631776],[92.64035243428178,23.521735361987993],[92.64665273214132,23.51930878850163],[92.65449310281096,23.51803164456144],[92.65673320871657,23.508453065010002],[92.6592533278604,23.503599918037274],[92.6610734139087,23.497214198336316],[92.65757324843119,23.48916819151311],[92.65771325505028,23.47856789680952],[92.6584132881458,23.466690458165736],[92.6579932682885,23.45557930588607],[92.65855329476489,23.440509007391807],[92.65813327490758,23.431568999810466],[92.65939333447949,23.421734991470988],[92.66625365881544,23.411773268737495],[92.66961381767385,23.40155611721596],[92.66751371838734,23.390700393724334],[92.67269396329408,23.382654386901127],[92.66569363233903,23.381121814172896],[92.6596733477177,23.380738670990837],[92.64707275199862,23.38176038614299],[92.64161249385369,23.38789067705591],[92.63713228204246,23.39095582251237],[92.63041196432562,23.390061821754237],[92.626771792229,23.385847246751606],[92.62159154732227,23.38635810432768],[92.61739134874924,23.389295535390122],[92.61375117665263,23.39402096796883],[92.60367070007736,23.396702970243233],[92.60185061402905,23.400917545245864],[92.59205015069199,23.404493548278403],[92.58798995873806,23.400917545245864],[92.59051007788189,23.390061821754237],[92.58868999183358,23.384059245235335],[92.57888952849652,23.376651810382224],[92.56866904530216,23.377545811140358],[92.56712897249204,23.376396381594187],[92.56558889968193,23.37128780583342],[92.5580285422505,23.369372089923132],[92.55144823115275,23.376013238412128],[92.54948813848534,23.37690723917026],[92.54948813848534,23.37741809674634],[92.54850809215164,23.378056668716436],[92.5436078604831,23.379206098262607],[92.53814760233817,23.37882295508055],[92.53744756924267,23.37882295508055],[92.53296735743145,23.377545811140358],[92.52848714562022,23.379333812656625],[92.52092678818877,23.37843981189849],[92.52092678818877,23.37843981189849],[92.51154634470902,23.37856752629251],[92.5079061726124,23.3831652444772],[92.50216590122926,23.38661353311572],[92.50132586151466,23.38801839144993],[92.50006580194275,23.38801839144993],[92.49712566294163,23.3898063929662],[92.49572559675062,23.383931530841316],[92.49082536508209,23.381249528566915],[92.48550511355626,23.382909815689164],[92.48214495469784,23.387124390691795],[92.47808476274392,23.389678678572178],[92.46800428616865,23.389040106602085],[92.46674422659675,23.388656963420026],[92.46534416040573,23.384314674023376],[92.46016391549901,23.379461527050648],[92.46114396183272,23.37409752250184],[92.46142397507091,23.367200945224806],[92.4598839022608,23.365029800526482],[92.4607239419754,23.36362494219227],[92.46534416040573,23.36222008385806],[92.46576418026304,23.355195792187004],[92.46380408759563,23.35634522173318],[92.46380408759563,23.350853502790354],[92.46254402802373,23.349065501274087],[92.47052440531247,23.34178578081499],[92.47248449797988,23.32684319671475],[92.47514462374279,23.321479192165945],[92.47220448474168,23.317264617163314],[92.46674422659675,23.318797189891544],[92.46590418688214,23.318286332315466],[92.46352407435742,23.308324609581973],[92.46016391549901,23.305131749731494],[92.46016391549901,23.303216033821204],[92.4572237764979,23.297468886090343],[92.45372361102037,23.286357733810675],[92.44644326682713,23.284952875476463],[92.43650279687097,23.28418658911235],[92.43678281010916,23.281632301231966],[92.44084300206309,23.27933344213962],[92.43314263801255,23.272692293650625],[92.4261423070575,23.263624571675265],[92.41340170471933,23.261581141370957],[92.40934151276541,23.265029430009474],[92.4086414796699,23.26605114516163],[92.40402126123958,23.263752286069284],[92.40164114871486,23.26566800197957],[92.39492083099802,23.26605114516163],[92.3933807581879,23.266434288343685],[92.38960057947219,23.272181436074547],[92.38666044047108,23.276396011077182],[92.38428032794636,23.280482871685795],[92.38078016246884,23.28571916184058],[92.38274025513624,23.294148311845845],[92.38442033456546,23.301683461092974],[92.38554038751826,23.306536608065702],[92.38008012937333,23.311006611856374],[92.37657996389581,23.313688614130776],[92.37293979179918,23.31637061640518],[92.36775954689246,23.320202048225752],[92.36383936155764,23.323139479288194],[92.36761954027335,23.333612059597765],[92.36985964617897,23.340125493692742],[92.37167973222728,23.345106355059492],[92.37349981827559,23.34995950203222],[92.3748998844666,23.354174077034852],[92.37784002346771,23.362347798252078],[92.3748998844666,23.36643465886069],[92.37139971898908,23.366179230072653],[92.36901960646436,23.37103237704538],[92.3599191762228,23.368478089165],[92.35935914974641,23.375119237653994],[92.36425938141494,23.379844670232703],[92.36005918284191,23.3804832422028],[92.35179879231497,23.381504957354952],[92.35403889822058,23.393382395998735],[92.35459892469697,23.39683068463725],[92.35305885188687,23.40347183312625],[92.35529895779248,23.40193926039802],[92.3564190107453,23.406792407370748],[92.3568390306026,23.410623839191324],[92.35403889822058,23.411517839949457],[92.34731858050374,23.413433555859744],[92.34703856726554,23.42007470434874],[92.34661854740823,23.425310994503526],[92.34633853417003,23.42939785511214],[92.34591851431273,23.43374014450879],[92.34241834883521,23.43207985738654],[92.33667807745208,23.429525569506158],[92.33247787887905,23.429525569506158],[92.33205785902175,23.43552814602506],[92.33191785240264,23.441019864967885],[92.33149783254534,23.447150155880802],[92.33163783916444,23.453152732399705],[92.33191785240264,23.457622736190373],[92.33205785902175,23.462348168769083],[92.33121781930714,23.465796457407603],[92.32673760749591,23.46745674452985],[92.3239374751139,23.46758445892387],[92.31749717063525,23.471160461956405],[92.3232374420184,23.475630465747077],[92.32631758763861,23.47818475362746],[92.3247775148285,23.480355898325787],[92.32071732287457,23.483165614994206],[92.31637711768245,23.486486189238704],[92.31651712430155,23.494659910455933],[92.31651712430155,23.503344489249233],[92.31693714415886,23.514583355922923],[92.31721715739705,23.52071364683584],[92.31735716401616,23.527610224112877],[92.31203691249033,23.53169708472149],[92.30643664772629,23.53603937411814],[92.30685666758359,23.550981958218383],[92.3078367139173,23.565796827924608],[92.3083967403937,23.577929695356428],[92.30545660139259,23.583804557481308],[92.30335650210607,23.588913133242077],[92.29481609834093,23.58942399081815],[92.29355603876901,23.594915709760976],[92.28767576076677,23.596065139307147],[92.28767576076677,23.603855717342316],[92.28781576738588,23.610752294619353],[92.28767576076677,23.61688258553227],[92.290755906387,23.61994773098873],[92.29593615129373,23.621224874928924],[92.28907582695778,23.62339601962725],[92.27871533714432,23.6250563067495],[92.28235550924094,23.63821088933347],[92.27297506576119,23.642297749942085],[92.27423512533309,23.645873752974623],[92.27731527095332,23.654175188585867],[92.28053542319265,23.662221195409074],[92.28361556881285,23.671033488596397],[92.28529564824207,23.67537577799305],[92.28837579386229,23.683677213604295],[92.2910359196252,23.690956934063387],[92.28865580710048,23.69670408179425],[92.28641570119487,23.70232351513109],[92.28417559528926,23.708326091649994],[92.27983539009713,23.719054100747602],[92.27591520476231,23.720458959081814],[92.26541470832974,23.725056677266505],[92.26527470171065,23.726078392418657],[92.26373462890054,23.74063783333684],[92.26317460242413,23.747917553795933],[92.26163452961403,23.764520425018425],[92.26135451637583,23.765925283352637],[92.26121450975673,23.768607285627038],[92.25813436413651,23.800152740949773],[92.25771434427921,23.802834743224174],[92.257434331041,23.807560175802884],[92.2572943244219,23.808454176561018],[92.2567342979455,23.81266875156365],[92.2570143111837,23.81266875156365],[92.26107450313762,23.813307323533746],[92.26905488042637,23.81445675307992],[92.27619521800051,23.815095325050013],[92.27815531066793,23.815095325050013],[92.28025540995444,23.815223039444035],[92.28179548276455,23.81560618262609],[92.28039541657354,23.818543613688533],[92.28025540995444,23.818543613688533],[92.28025540995444,23.81879904247657],[92.27997539671624,23.819309900052648],[92.27969538347803,23.81994847202274],[92.27899535038253,23.821608759144993],[92.27703525771511,23.826078762935662],[92.274095118714,23.831825910666524],[92.27185501280839,23.83604048566916],[92.26863486056907,23.842426205370117],[92.26849485394996,23.842553919764136],[92.2719950194275,23.847534781130882],[92.28053542319265,23.860433934926817],[92.28319554895555,23.86439308114141],[92.28487562838477,23.867202797809835],[92.28501563500387,23.867202797809835],[92.28697572767128,23.866819654627776],[92.2899158666724,23.86618108265768],[92.29285600567351,23.865670225081605],[92.29425607186452,23.865287081899545],[92.29551613143643,23.86490393871749],[92.29579614467463,23.86490393871749],[92.30125640281956,23.863626794777296],[92.30335650210607,23.86337136598926],[92.3071366808218,23.862349650837103],[92.30993681320382,23.86183879326103],[92.31259693896672,23.861200221290932],[92.31455703163414,23.862605079625144],[92.31441702501505,23.86324365159524],[92.31413701177684,23.864137652353374],[92.31371699191953,23.865797939475623],[92.31371699191953,23.867075083415813],[92.31273694558583,23.872055944782563],[92.31245693234763,23.872694516752656],[92.31245693234763,23.873333088722752],[92.31105686615662,23.88022966599979],[92.32505752806671,23.914201694808884],[92.308816760251,23.931315423607455],[92.3078367139173,23.96068973423186],[92.3260375744004,23.99785462289144],[92.3243574949712,24.004623485774452],[92.3242174883521,24.004751200168474],[92.31679713753975,24.01586235244814],[92.31707715077795,24.017011781994313],[92.31847721696897,24.01739492517637],[92.32057731625548,24.01611778123618],[92.32113734273187,24.016884067600294],[92.32113734273187,24.01726721078235],[92.31791719049257,24.02084321381489],[92.31875723020717,24.02365293048331],[92.31637711768245,24.02620721836369],[92.31833721034987,24.027995219879962],[92.31777718387346,24.030294078972304],[92.31371699191953,24.03297608124671],[92.31637711768245,24.035274940339054],[92.31203691249033,24.052260954743602],[92.32757764721052,24.101558710835],[92.32855769354423,24.11381929266084],[92.32827768030603,24.114074721448876],[92.32799766706782,24.12275930024218],[92.32939773325883,24.124547301758447],[92.32967774649703,24.12697387524481],[92.32841768692512,24.127867876002945],[92.32897771340153,24.129783591913235],[92.32785766044873,24.13335959494577],[92.32799766706782,24.13680788358429],[92.32897771340153,24.13795731313046],[92.33051778621163,24.13834045631252],[92.33163783916444,24.15187818207855],[92.3237974684948,24.171290769969463],[92.32967774649703,24.17742106088238],[92.32981775311613,24.178187347246496],[92.33051778621163,24.180230777550804],[92.33023777297343,24.182785065431187],[92.33009776635433,24.183040494219224],[92.326877614115,24.184317638159417],[92.326877614115,24.184317638159417],[92.32855769354423,24.18559478209961],[92.31441702501505,24.210371374539328],[92.31259693896672,24.209094230599135],[92.30951679334652,24.21292566241971],[92.30951679334652,24.214330520753922],[92.31105686615662,24.216373951058227],[92.308816760251,24.22046081166684],[92.30321649548698,24.219822239696743],[92.30069637634315,24.220205382878802],[92.30097638958136,24.22199338439507],[92.30097638958136,24.222759670759185],[92.30181642929597,24.223270528335263],[92.29747622410383,24.22544167303359],[92.29901629691395,24.227612817731913],[92.29929631015216,24.22978396243024],[92.29607615791284,24.231955107128567],[92.29607615791284,24.234253966220912],[92.29663618438923,24.236297396525217],[92.29467609172183,24.2388516844056],[92.29397605862631,24.242555401832156],[92.29481609834093,24.24510968971254],[92.29509611157913,24.246259119258713],[92.29593615129373,24.246897691228806],[92.29691619762744,24.24766397759292],[92.29649617777014,24.249962836685267],[92.30335650210607,24.2508568374434],[92.31035683306112,24.249451979109192],[92.31385699853864,24.250729123049382],[92.37629995065761,24.24932426471517],[92.39548085747442,24.250601408655363],[92.40654138038339,24.249962836685267],[92.41620183710134,24.25136769501948],[92.42208211510358,24.25111226623144],[92.42208211510358,24.25111226623144],[92.42208211510358,24.250729123049382],[92.42222212172268,24.248813407139096],[92.42222212172268,24.24613140486469],[92.42194210848447,24.244343403348424],[92.41928198272157,24.201048223775928],[92.41942198934066,24.20040965180583],[92.41900196948336,24.196450505591237],[92.41900196948336,24.195556504833103],[92.41900196948336,24.19261907377066],[92.43370266448895,24.183295923007265],[92.43384267110805,24.180741635126882],[92.43468271082266,24.171418484363482],[92.43734283658557,24.16848105330104],[92.43776285644287,24.167076194966832],[92.43538274391815,24.161839904812044],[92.43608277701367,24.15366618359482],[92.43636279025186,24.153410754806778],[92.43860289615748,24.15175046768453],[92.44070299544398,24.15047332374434],[92.4414030285395,24.150856466926395],[92.443503127826,24.151111895714436],[92.44630326020803,24.147152749499842],[92.45568370368778,24.141405601768977],[92.4568037566406,24.141405601768977],[92.45778380297429,24.140256172222806],[92.45974389564171,24.138979028282613],[92.46492414054843,24.13655245479625],[92.47290451783718,24.13987302904075],[92.47430458402819,24.140767029798884],[92.47472460388549,24.14063931540486],[92.47892480245852,24.142427316921133],[92.47934482231582,24.14434303283142],[92.47822476936301,24.146641891923764],[92.48018486203043,24.148046750257976],[92.48018486203043,24.1502178949563],[92.48074488850683,24.15034560935032],[92.48158492822144,24.153793897988837],[92.48074488850683,24.15494332753501],[92.48186494145963,24.15494332753501],[92.48214495469784,24.15494332753501],[92.48354502088884,24.155965042687164],[92.48438506060344,24.157242186627354],[92.48452506722255,24.159285616931662],[92.48536510693717,24.160051903295777],[92.48760521284277,24.160051903295777],[92.4943255305596,24.15775304420343],[92.49964578208545,24.158391616173528],[92.50202589461016,24.15992418890176],[92.50230590784835,24.161584476024007],[92.50272592770565,24.164521907086446],[92.50440600713488,24.165160479056542],[92.50482602699218,24.165032764662524],[92.50636609980228,24.164649621480464],[92.5090262255652,24.160690475265874],[92.51238638442362,24.160435046477833],[92.51154634470902,24.16260619117616],[92.50818618585059,24.167076194966832],[92.51322642413822,24.167076194966832],[92.51434647709104,24.167970195724966],[92.51308641751912,24.171418484363482],[92.51462649032923,24.173334200273768],[92.51714660947304,24.173972772243864],[92.52120680142697,24.170779912393385],[92.5248469735236,24.170652197999367],[92.52918717871572,24.172567913909653],[92.52946719195393,24.1742282010319],[92.53100726476403,24.175249916184057],[92.53240733095504,24.178315061640518],[92.53254733757414,24.178187347246496],[92.53604750305166,24.175888488154154],[92.53604750305166,24.171035341181422],[92.53604750305166,24.171035341181422],[92.53604750305166,24.170907626787404],[92.53212731771683,24.16567133663262],[92.53212731771683,24.16567133663262],[92.52932718533482,24.164394192692427],[92.52932718533482,24.16145676162999],[92.54038770824378,24.152899897230704],[92.54122774795839,24.15034560935032],[92.5438878737213,24.14702503510582],[92.54528793991231,24.140894744192902],[92.54528793991231,24.140894744192902],[92.5447279134359,24.13808502752448],[92.54248780753029,24.134253595703903],[92.5423478009112,24.133998166915866],[92.53940766191008,24.131060735853424],[92.53898764205277,24.128123304790986],[92.53772758248087,24.12544130251658],[92.53800759571908,24.124036444182373],[92.54374786710221,24.123525586606295],[92.5438878737213,24.123525586606295],[92.54416788695951,24.122248442666102],[92.54290782738761,24.120843584331894],[92.53954766852918,24.112669863114665],[92.53954766852918,24.112669863114665],[92.53926765529098,24.11215900553859],[92.53828760895728,24.109860146446245],[92.54066772148198,24.09964299492471],[92.54024770162468,24.095556134316098],[92.54024770162468,24.09542841992208],[92.54024770162468,24.09530070552806],[92.54024770162468,24.09530070552806],[92.54024770162468,24.09530070552806],[92.53828760895728,24.09185241688954],[92.54080772810109,24.079208691881647],[92.54066772148198,24.07869783430557],[92.54066772148198,24.07869783430557],[92.54052771486289,24.07703754718332],[92.53996768838648,24.07269525778667],[92.53996768838648,24.072567543392648],[92.53996768838648,24.072567543392648],[92.53660752952806,24.06337210702327],[92.53660752952806,24.06324439262925],[92.53842761557638,24.058008102474464],[92.53842761557638,24.058008102474464],[92.53856762219547,24.057880388080445],[92.53856762219547,24.053665813077814],[92.53758757586176,24.051877811561543],[92.53758757586176,24.051877811561543],[92.53730756262357,24.051494668379487],[92.53688754276627,24.048557237317045],[92.53688754276627,24.04817409413499],[92.53688754276627,24.04817409413499],[92.53674753614716,24.047280093376855],[92.53884763543368,24.038467800189533],[92.53884763543368,24.038340085795515],[92.53912764867188,24.0375737994314],[92.53926765529098,24.033103795640727],[92.5417877744348,24.033870082004842],[92.55018817158084,24.040128087311782],[92.55018817158084,24.0402558017058],[92.55018817158084,24.04038351609982],[92.54920812524713,24.044342662314413],[92.55032817819995,24.053665813077814],[92.55032817819995,24.053665813077814],[92.55032817819995,24.054815242623985],[92.55060819143814,24.05545381459408],[92.55074819805725,24.05570924338212],[92.55130822453364,24.057624959292408],[92.55368833705836,24.06017924717279],[92.55382834367747,24.060434675960828],[92.55396835029657,24.060562390354846],[92.55410835691566,24.060562390354846],[92.55424836353477,24.060562390354846],[92.55536841648757,24.060690104748865],[92.55788853563139,24.059412960808675],[92.55858856872689,24.05711410171633],[92.55858856872689,24.05698638732231],[92.55858856872689,24.056858672928293],[92.5584485621078,24.0528995267137],[92.56418883349093,24.05238866913762],[92.56418883349093,24.05238866913762],[92.56418883349093,24.05238866913762],[92.56320878715722,24.0495789524692],[92.56320878715722,24.04945123807518],[92.5595686150606,24.0402558017058],[92.5595686150606,24.040128087311782],[92.56110868787071,24.03923408655365],[92.56544889306284,24.039489515341685],[92.56782900558756,24.038212371401492],[92.57090915120777,24.045875235042644],[92.57356927697069,24.04919580928714],[92.57258923063698,24.05851896005054],[92.57258923063698,24.05864667444456],[92.57272923725608,24.061200962324943],[92.5760893961145,24.065160108539537],[92.5762294027336,24.065415537327574],[92.57678942921001,24.06605410929767],[92.5769294358291,24.067842110813938],[92.57412930344708,24.073206115362744],[92.57412930344708,24.073206115362744],[92.57412930344708,24.073333829756763],[92.57426931006619,24.074227830514896],[92.58224968735493,24.074227830514896],[92.58336974030775,24.074227830514896],[92.58350974692684,24.074227830514896],[92.58350974692684,24.074227830514896],[92.58350974692684,24.074227830514896],[92.58588985945156,24.073078400968726],[92.58616987268977,24.063755250205325],[92.58616987268977,24.063627535811307],[92.58616987268977,24.063499821417288],[92.58700991240437,24.062350391871117],[92.58826997197627,24.06132867671896],[92.59247017054929,24.060562390354846],[92.59247017054929,24.060562390354846],[92.59919048826613,24.05251638353164],[92.59919048826613,24.05251638353164],[92.60129058755265,24.049834381257238],[92.60129058755265,24.049834381257238],[92.61137106412791,24.049962095651257],[92.61445120974813,24.04919580928714],[92.61599128255824,24.04638609261872],[92.61711133551104,24.040000372917763],[92.61921143479756,24.03604122670317],[92.62047149436947,24.033486938822783],[92.62061150098856,24.033359224428764],[92.62243158703687,24.03144350851848],[92.62635177237169,24.030549507760345],[92.62635177237169,24.030549507760345],[92.6262117657526,24.030677222154363],[92.6249517061807,24.03450865397494],[92.62509171279979,24.03706294185532],[92.62509171279979,24.03731837064336],[92.6256517392762,24.038467800189533],[92.6274718253245,24.038978657765607],[92.62971193123012,24.038340085795515],[92.63335210332674,24.034764082762976],[92.63825233499527,24.03272065245867],[92.63839234161438,24.03272065245867],[92.63783231513797,24.03118807973044],[92.63657225556605,24.030421793366326],[92.63195203713573,24.029016935032114],[92.62971193123012,24.025951789575654],[92.62943191799192,24.023780644877327],[92.6271918120863,24.02046007063283],[92.6271918120863,24.020204641844792],[92.6262117657526,24.017011781994313],[92.6260717591335,24.017011781994313],[92.6257917458953,24.012414063809622],[92.6256517392762,24.012286349415604],[92.6256517392762,24.012158635021585],[92.62313162013238,24.00781634562493],[92.62299161351328,24.00781634562493],[92.62313162013238,24.00781634562493],[92.62439167970429,24.005645200926608],[92.63237205699303,24.000281196377802],[92.63265207023123,23.997088336527323],[92.63265207023123,23.996960622133304],[92.63139201065933,23.995172620617037],[92.63125200404022,23.994917191828996],[92.63069197756383,23.99261833273665],[92.63069197756383,23.99261833273665],[92.63069197756383,23.990191759250287],[92.63209204375482,23.9855940410656],[92.63209204375482,23.985466326671578],[92.63209204375482,23.985466326671578],[92.62551173265709,23.978058891818467],[92.62551173265709,23.97793117742445],[92.62299161351328,23.96988517060124],[92.62019148113126,23.961200591807938],[92.62019148113126,23.961200591807938],[92.62019148113126,23.9609451630199],[92.62019148113126,23.957369159987362],[92.6274718253245,23.953793156954827]]]}},{"type":"Feature","properties":{"district":"Saiha","dt_code":"267","st_nm":"Mizoram","st_code":"15","year":"2011_c"},"geometry":{"type":"Polygon","coordinates":[[[92.85456256150606,22.0636201254712],[92.85204244236223,22.070899845930292],[92.84826226364652,22.08086156866379],[92.84882229012292,22.088396717910918],[92.84742222393191,22.096187295946088],[92.84770223717011,22.10538273231547],[92.8451821180263,22.114705883078866],[92.8456021378836,22.123901319448247],[92.84826226364652,22.134501614151837],[92.8464421775982,22.14165362021691],[92.8460221577409,22.14906105507002],[92.84420207169259,22.160299921743707],[92.8436420452162,22.167068784626725],[92.84280200550158,22.181883654332946],[92.84126193269148,22.18788623085185],[92.84168195254878,22.19516595131094],[92.84070190621507,22.20589396040855],[92.84154194592968,22.21649425511214],[92.84056189959597,22.226328263451617],[92.84014187973867,22.232713983152575],[92.83888182016676,22.240376846793723],[92.83734174735665,22.244846850584395],[92.83580167454654,22.249444568769086],[92.83482162821284,22.255191716499947],[92.83706173411845,22.264131724081288],[92.83622169440385,22.26975115741813],[92.83426160173644,22.27460430439086],[92.83748175397575,22.27932973696957],[92.84028188635777,22.287375743792776],[92.83720174073756,22.29401689228177],[92.83020140978252,22.30040261198273],[92.8276812906387,22.308959476382014],[92.8290813568297,22.313812623354742],[92.8285213303533,22.319432056691586],[92.82460114501848,22.325179204422447],[92.82586120459038,22.330287780183216],[92.84196196578698,22.33118178094135],[92.85232245560044,22.323008059724124],[92.86562308441502,22.32377434608824],[92.86870323003524,22.327733492302833],[92.87500352789478,22.343570077161207],[92.8806037926588,22.35263779913657],[92.88312391180263,22.3568523741392],[92.88718410375655,22.359917519595662],[92.89460445456889,22.364004380204275],[92.89992470609472,22.366814096872695],[92.90510495100146,22.3721781014215],[92.91070521576549,22.377542105970306],[92.91868559305424,22.383672396883227],[92.92288579162727,22.388653258249974],[92.93212622848792,22.39478354916289],[92.93954657930027,22.39197383249447],[92.94332675801598,22.388780972643993],[92.93884654620476,22.384183254459302],[92.94080663887217,22.379074678698537],[92.95690740006876,22.37230581581552],[92.96278767807101,22.377542105970306],[92.96670786340582,22.392740118858587],[92.96460776411931,22.397082408255237],[92.95270720149574,22.400786125681794],[92.95158714854293,22.406788702200693],[92.94822698968451,22.41368527947773],[92.9464069036362,22.423519287817204],[92.9452868506834,22.43028815070022],[92.94290673815868,22.438589586311465],[92.94192669182497,22.458002174202377],[92.9462668970171,22.462216749205012],[92.946126890398,22.46706989617774],[92.94010660577666,22.474732759818888],[92.93646643368004,22.482012480277984],[92.93604641382274,22.498104493924398],[92.94108665211037,22.52964994924713],[92.93982659253847,22.539739386374645],[92.93744648001375,22.545103390923448],[92.93464634763174,22.554554256080866],[92.94094664549127,22.559279688659576],[92.94500683744519,22.563877406844266],[92.94934704263733,22.57524398791197],[92.95032708897102,22.588526284889966],[92.94892702278003,22.594784290196905],[92.95396726106765,22.601808581867957],[92.95172715516203,22.619050025060545],[92.95508731402046,22.62735146067179],[92.95186716178114,22.632587750826577],[92.94178668520587,22.645103761440453],[92.93394631453623,22.663366919785194],[92.93380630791712,22.677543217521322],[92.93296626820252,22.684184366010317],[92.93702646015645,22.70666209935769],[92.93366630129803,22.713686391028745],[92.92106570557895,22.722498684216067],[92.91980564600705,22.72811811755291],[92.91868559305424,22.736547267558176],[92.91980564600705,22.764261291060333],[92.92498589091377,22.771413297125406],[92.92750601005758,22.773456727429714],[92.92316580486546,22.777799016826364],[92.92134571881715,22.780608733494788],[92.92274578500816,22.780608733494788],[92.92274578500816,22.782269020617036],[92.92316580486546,22.78444016531536],[92.92386583796097,22.786100452437612],[92.92288579162727,22.78763302516584],[92.92232576515086,22.788399311529954],[92.92260577838906,22.790442741834262],[92.92386583796097,22.791719885774455],[92.92582593062838,22.79261388653259],[92.9273660034385,22.792869315320626],[92.93016613582051,22.79223074335053],[92.93142619539242,22.791209028198377],[92.93240624172611,22.790825885016318],[92.93422632777444,22.79108131380436],[92.93520637410813,22.791975314562492],[92.93674644691825,22.791975314562492],[92.93856653296656,22.79108131380436],[92.93996659915757,22.790442741834262],[92.94038661901487,22.790315027440244],[92.94136666534857,22.79095359941034],[92.94206669844408,22.791592171380433],[92.94318675139688,22.79108131380436],[92.9436067712542,22.789804169864166],[92.9440267911115,22.788654740317995],[92.94948704925642,22.78584502364957],[92.95788744640248,22.78163044864694],[92.96026755892719,22.78048101910077],[92.96040756554629,22.780353304706747],[92.96082758540359,22.779842447130672],[92.96824793621593,22.76949758121512],[92.9801484988395,22.75749242817732],[92.98840888936645,22.754554997114877],[92.99092900851026,22.753660996356743],[92.99120902174847,22.753660996356743],[92.99414916074959,22.75378871075076],[92.99988943213272,22.753916425144784],[93.00030945199002,22.753916425144784],[93.00590971675406,22.753533281962724],[93.00884985575517,22.756598427419185],[93.00856984251698,22.762601003938084],[93.0120700079945,22.76783729409287],[93.0130500543282,22.776394158492153],[93.01753026613943,22.779714732736654],[93.01921034556864,22.784184736527322],[93.02873079566749,22.783546164557226],[93.0315309280495,22.795806746383068],[93.04539158334049,22.793507887290723],[93.05575207315395,22.791847600168474],[93.06093231806068,22.793252458502682],[93.0633124305854,22.79389103047278],[93.06317242396631,22.800149035779718],[93.06975273506404,22.802192466084026],[93.07857315206739,22.80627932669264],[93.08333337711682,22.804874468358427],[93.08641352273703,22.803980467600294],[93.08333337711682,22.80117075093187],[93.08221332416402,22.797850176687373],[93.0819333109258,22.797083890323258],[93.09033370807185,22.79108131380436],[93.09257381397748,22.789676455470147],[93.0971940324078,22.786866738801727],[93.10167424421903,22.784057022133304],[93.10559442955385,22.767198722122775],[93.10895458841227,22.74995727893019],[93.11035465460328,22.741272700136886],[93.10671448250666,22.73475926604191],[93.10223427069543,22.728628975128988],[93.09957414493252,22.724414400126356],[93.0984540919797,22.716623822091186],[93.0966340059314,22.7113875319364],[93.09313384045387,22.7080669576919],[93.09551395297859,22.698360663746445],[93.10181425083813,22.69312437359166],[93.10447437660105,22.683290365252184],[93.10069419788532,22.675755216005054],[93.10111421774263,22.671157497820364],[93.10503440307744,22.66119577508687],[93.10825455531676,22.6560871993261],[93.11203473403249,22.65187262432347],[93.11609492598642,22.648424335684954],[93.11231474727069,22.636163753859112],[93.12183519736955,22.627096031883752],[93.12701544227627,22.62620203112562],[93.13387576661222,22.61981631142466],[93.13653589237514,22.61521859323997],[93.14045607770996,22.60461829853638],[93.14185614390097,22.595806005349058],[93.14311620347287,22.58303456594714],[93.13345574675492,22.57843684776245],[93.1312156408493,22.574349987153838],[93.12673542903808,22.571412556091396],[93.12197520398865,22.564132835632304],[93.11903506498753,22.55698082956723],[93.1130147803662,22.551744539412446],[93.1139948266999,22.542804531831106],[93.1134348002235,22.53756824167632],[93.10909459503137,22.528883662883015],[93.11735498555832,22.525818517426554],[93.12323526356056,22.525563088638517],[93.12827550184818,22.523136515152153],[93.1310756342302,22.517006224239232],[93.12799548860998,22.511003647720333],[93.12799548860998,22.502957640897126],[93.13261570704032,22.49606106362009],[93.13569585266053,22.483672767400233],[93.13373575999312,22.476648475729178],[93.1319156739448,22.47192304315047],[93.13555584604143,22.466303609813625],[93.13947603137626,22.460301033294723],[93.14311620347287,22.455447886321995],[93.15417672638185,22.449189881015055],[93.16019701100318,22.450722453743285],[93.17279760672226,22.44829588025692],[93.17545773248517,22.443570447678212],[93.1795179244391,22.435652155249027],[93.18525819582223,22.43054357948826],[93.18805832820425,22.4241578597873],[93.18553820906043,22.415856424176056],[93.18623824215592,22.41049241962725],[93.19155849368177,22.40576698704854],[93.19281855325367,22.400147553711697],[93.19057844734806,22.396060693103085],[93.18959840101435,22.38775925749184],[93.19365859296828,22.380990394608823],[93.18987841425255,22.36783581202485],[93.19183850691996,22.360428377171736],[93.19435862606377,22.35557523019901],[93.1972987650649,22.34050493170475],[93.1967387385885,22.33411921200379],[93.19995889082782,22.330543208971253],[93.20373906954353,22.32645634836264],[93.19351858634917,22.321603201389912],[93.1967387385885,22.314706624112876],[93.19785879154131,22.31010890592819],[93.1985588246368,22.303084614257134],[93.1989788444941,22.296826608950195],[93.19827881139861,22.288908316521006],[93.19869883125591,22.28341659757818],[93.19911885111321,22.27779716424134],[93.20121895039972,22.272688588480573],[93.20457910925813,22.266558297567652],[93.20569916221095,22.258001433168367],[93.19365859296828,22.252637428619565],[93.18749830172784,22.24676256649468],[93.18091799063009,22.246123994524588],[93.16817738829192,22.24676256649468],[93.1632771566234,22.245996280130566],[93.15753688524026,22.2442082786143],[93.14871646823691,22.24522999376645],[93.14367622994928,22.2382057020954],[93.14913648809421,22.23181998239444],[93.15375670652455,22.22581740587554],[93.15487675947735,22.220197972538696],[93.15347669328634,22.214578539201852],[93.15627682566836,22.2069156755607],[93.1631371500043,22.202317957376014],[93.16705733533911,22.197209381615245],[93.1635571698616,22.19069594752027],[93.16019701100318,22.179457080846582],[93.15165660723802,22.17537022023797],[93.1456363226167,22.173965361903758],[93.13583585927964,22.173965361903758],[93.12799548860998,22.176264220996103],[93.12001511132124,22.1862259437296],[93.11721497893922,22.195804523281037],[93.10881458179317,22.19797566797936],[93.09957414493252,22.196059952069074],[93.09453390664488,22.19669852403917],[93.08613350949884,22.19989138388965],[93.07885316530559,22.20576624601453],[93.06891269534944,22.205510817226493],[93.05715213934496,22.201296242223858],[93.05127186134273,22.200657670253765],[93.0439915171495,22.195038236916922],[93.04385151053039,22.18750308766979],[93.05099184810453,22.173199075539642],[93.05225190767644,22.16285420962409],[93.04931176867532,22.154041916436768],[93.04819171572251,22.14765619673581],[93.04539158334049,22.14331390733916],[93.04427153038769,22.136161901274086],[93.05141186796183,22.12913760960303],[93.05659211286856,22.1249230346004],[93.05995227172698,22.118281886111404],[93.0637324504427,22.11074673686427],[93.0628924107281,22.099507870190585],[93.05701213272586,22.09720901109824],[93.04931176867532,22.096698153522166],[93.04357149729218,22.09886929822049],[93.03657116633714,22.102445301253027],[93.0295708353821,22.102445301253027],[93.02033039852145,22.103211587617142],[93.0133300675664,22.103083873223124],[93.0105299351844,22.09567643837001],[93.0129100477091,22.090695577003263],[93.0117899947563,22.082777284574075],[93.00912986899337,22.076902422449194],[93.00534969027765,22.067579271685794],[93.00114949170464,22.058766978498472],[92.9980693460844,22.053275259555647],[92.99736931298891,22.048038969400864],[92.9972293063698,22.037183245909233],[92.99890938579901,22.029775811056123],[93.00576971013496,22.017515229230284],[93.00772980280237,22.00883065043698],[93.00688976308777,22.000273786037695],[93.00744978956416,21.99337720876066],[93.00660974984956,21.9816274845109],[93.00394962408664,21.977540623902286],[92.99624926003611,21.975624907991996],[92.98966894893836,21.978562339054438],[92.98308863784062,21.987757775423816],[92.9790284458867,21.9996352140676],[92.97692834660019,22.00410521785827],[92.97048804212154,22.007681220890806],[92.96684787002492,22.01189579589344],[92.96432775088111,22.01802608680636],[92.96390773102381,22.024922664083395],[92.95830746625978,22.027987809539855],[92.95312722135304,22.027732380751814],[92.94850700292272,22.02377323453722],[92.93954657930027,22.016110370896072],[92.93198622186881,22.01789837241234],[92.93310627482163,22.010618651953248],[92.93646643368004,22.006404076950616],[92.9296061093441,21.999762928461617],[92.92512589753288,21.99376035194272],[92.92218575853175,21.984948058755396],[92.91966563938794,21.978690053448457],[92.91686550700592,21.97179347617142],[92.91308532829021,21.962981182984098],[92.9118252687183,21.954552032978835],[92.91350534814751,21.947400026913762],[92.90832510324077,21.944207167063283],[92.90328486495315,21.951486887522375],[92.90216481200034,21.978690053448457],[92.89880465314192,21.988268632999894],[92.8939044214734,22.001806358765926],[92.89166431556778,22.009852365589133],[92.88690409051836,22.016110370896072],[92.88326391842173,22.01955865953459],[92.8769636205622,22.023900948931242],[92.87220339551277,22.028115523933874],[92.86996328960714,22.034501243634832],[92.86884323665434,22.044590680762344],[92.86772318370154,22.052253544403495],[92.86772318370154,22.058766978498472],[92.86520306455772,22.063364696683163],[92.8608628593656,22.065663555775508],[92.85456256150606,22.0636201254712]]]}},{"type":"Feature","properties":{"district":"Serchhip","dt_code":"268","st_nm":"Mizoram","st_code":"15","year":"2011_c"},"geometry":{"type":"Polygon","coordinates":[[[92.68935475096707,23.327992626260922],[92.69159485687268,23.32262862171212],[92.70209535330525,23.296958028514265],[92.71217582988051,23.297852029272402],[92.73611696174675,23.313688614130776],[92.75655792813546,23.304620892155416],[92.76565835837702,23.30270517624513],[92.78119909309723,23.29951231639465],[92.79127956967248,23.275757439107085],[92.8125605757758,23.272820008044643],[92.82754128401959,23.298618315636514],[92.85358251517235,23.32262862171212],[92.83118145611621,23.33488920353796],[92.8120005492994,23.36796723158892],[92.81998092658816,23.386102675539643],[92.83398158849823,23.416626415710223],[92.83916183340497,23.42760985359587],[92.85232245560044,23.480228183931768],[92.88088380589701,23.518670216531536],[92.9136453547666,23.522118505170052],[92.91980564600705,23.52262936274613],[92.947526956589,23.514072498346845],[92.97188810831256,23.477546181657363],[93.01907033894953,23.43399557329683],[93.03629115309894,23.417775845256394],[93.03979131857646,23.414710699799937],[93.04455154362589,23.410751553585342],[93.04147139800567,23.379461527050648],[93.04077136491017,23.372437235379593],[93.04245144433938,23.36055979673581],[93.0452515767214,23.34178578081499],[93.0465116362933,23.31483804367695],[93.04497156348319,23.312794613372642],[93.04119138476747,23.307941466399914],[93.01487014037652,23.273841723196796],[93.01277004109,23.262091998947035],[93.02621067652368,23.249448273939137],[93.03797123252815,23.24446741257239],[93.05057182824723,23.213177386037696],[93.07843314544829,23.206536237548697],[93.130795620992,23.194658798904914],[93.1653772559099,23.179205357228597],[93.18357811639302,23.121095307949876],[93.18875836129975,23.09810671702643],[93.19337857973008,23.075628983679056],[93.19561868563568,23.064900974581445],[93.1965987319694,23.055322395030007],[93.19211852015817,23.056982682152256],[93.18861835468064,23.05493925184795],[93.18483817596493,23.053789822301777],[93.180777984011,23.05468382305991],[93.17447768615146,23.049702961693164],[93.16985746772113,23.047531816994837],[93.16565726914811,23.04574381547857],[93.15977699114588,23.048681246541012],[93.15347669328634,23.054811537453933],[93.14507629614029,23.058387540486468],[93.13961603799535,23.057365825334315],[93.13807596518524,23.053278964725703],[93.13471580632682,23.050213819269242],[93.130795620992,23.044338957144358],[93.13289572027851,23.038464095019478],[93.13359575337401,23.0319506609245],[93.13219568718301,23.027991514709907],[93.129395554801,23.02275522455512],[93.1319156739448,23.016624933642202],[93.13359575337401,23.009728356365166],[93.12799548860998,23.003342636664208],[93.12267523708415,23.006918639696746],[93.11889505836842,23.009728356365166],[93.0959339728359,23.025437226829524],[93.08361339035503,23.028374657891966],[93.0819333109258,23.031312088954405],[93.08347338373592,23.033866376834787],[93.0806732513539,23.035909807139095],[93.06149234453709,23.04421124275034],[93.046091616436,23.04599924426661],[93.04175141124387,23.049447532905127],[93.04245144433938,23.07026497913025],[93.04455154362589,23.074224125344845],[93.04329148405398,23.077416985195324],[93.03965131195736,23.08099298822786],[93.03335101409782,23.08086527383384],[93.02719072285738,23.078949557923554],[93.02187047133155,23.078949557923554],[93.00688976308777,23.08712327914078],[92.99974942551361,23.092742712477623],[92.9951292070833,23.094402999599872],[92.99400915413048,23.097468145056332],[92.99148903498667,23.097212716268295],[92.99022897541477,23.099000717784563],[92.98952894231925,23.100150147330734],[92.98798886950915,23.100022432936715],[92.98476871726983,23.10436472233337],[92.96768790973954,23.1112612996104],[92.96726788988222,23.11496501703696],[92.96278767807101,23.114709588248918],[92.96040756554629,23.11611444658313],[92.96110759864179,23.130290744319257],[92.9622276515946,23.13156788825945],[92.9622276515946,23.13437760492787],[92.95998754568899,23.134633033715907],[92.96110759864179,23.140124752658732],[92.95970753245078,23.141401896598925],[92.96096759202268,23.147787616299883],[92.95788744640248,23.15161904812046],[92.96012755230808,23.15749391024534],[92.95690740006876,23.165412202674528],[92.95508731402046,23.1665616322207],[92.95074710882832,23.167072489796777],[92.94892702278003,23.169243634495103],[92.93982659253847,23.169371348889122],[92.93772649325194,23.171414779193427],[92.93632642706095,23.1758847829841],[92.93688645353734,23.180737929956827],[92.93800650649015,23.182653645867113],[92.93828651972835,23.186612792081707],[92.93604641382274,23.186995935263766],[92.93226623510702,23.185846505717592],[92.92806603653399,23.18622964889965],[92.92554591739018,23.18674050647573],[92.92456587105647,23.188273079203956],[92.92218575853175,23.189805651932186],[92.91938562614975,23.18482479056544],[92.91910561291154,23.18469707617142],[92.91756554010144,23.181887359502998],[92.9129453216711,23.18022707238075],[92.90832510324077,23.177545070106348],[92.90132477228573,23.177161926924292],[92.89754459357002,23.178055927682426],[92.88718410375655,23.169243634495103],[92.88438397137453,23.168732776919025],[92.8783636867532,23.169371348889122],[92.87528354113297,23.171670207981467],[92.87332344846557,23.17422449586185],[92.87192338227456,23.17435221025587],[92.86814320355884,23.17281963752764],[92.86702315060603,23.17435221025587],[92.86716315722514,23.175118496619984],[92.86408301160492,23.175501639802043],[92.86520306455772,23.17997164359271],[92.86282295203301,23.183930789807306],[92.8622629255566,23.18635736329367],[92.85932278655548,23.19261536860061],[92.85862275345998,23.19580822845109],[92.8618429056993,23.210750812551332],[92.86058284612739,23.215093101947982],[92.85750270050717,23.218669104980517],[92.85512258798246,23.22007396331473],[92.85442255488695,23.22147882164894],[92.85148241588584,23.22352225195325],[92.84938231659933,23.22735368377382],[92.85008234969483,23.22901397089607],[92.84896229674203,23.231440544382433],[92.84966232983753,23.23399483226282],[92.84882229012292,23.234250261050857],[92.84910230336112,23.234888833020953],[92.84910230336112,23.23527197620301],[92.84910230336112,23.236549120143202],[92.8467221908364,23.238081692871432],[92.83986186650047,23.241146838327893],[92.83874181354767,23.24446741257239],[92.83552166130835,23.245489127724543],[92.82572119797129,23.242679411056123],[92.82348109206566,23.24140226711593],[92.82152099939826,23.24140226711593],[92.82012093320725,23.239614265599663],[92.81886087363534,23.2338671178688],[92.81956090673086,23.228503113319995],[92.81844085377804,23.226459683015687],[92.81662076772973,23.225565682257553],[92.80248009920055,23.22633196862167],[92.79883992710393,23.22773682695588],[92.79071954319608,23.230674258018322],[92.77965902028711,23.228503113319995],[92.77335872242757,23.233356260292723],[92.76859849737815,23.23246225953459],[92.76663840471073,23.23092968680636],[92.75851802080288,23.226842826197746],[92.75669793475457,23.231823687564493],[92.75501785532536,23.232845402716645],[92.75361778913435,23.23348397468674],[92.74927758394223,23.233100831504686],[92.74493737875011,23.234250261050857],[92.74087718679618,23.23233454514057],[92.73835706765237,23.2371876921133],[92.73625696836585,23.239231122417603],[92.72505643883778,23.240763695145834],[92.72463641898048,23.238847979235548],[92.72561646531419,23.228247684531954],[92.7272965447434,23.222245108013055],[92.72603648517149,23.21713653225229],[92.7274365513625,23.210367669369273],[92.72491643221869,23.205897665578604],[92.72225630645576,23.191976796630513],[92.71637602845354,23.191210510266398],[92.70937569749849,23.19248765420659],[92.70615554525918,23.19529737087501],[92.70671557173557,23.19734080117932],[92.70335541287716,23.197851658755393],[92.70713559159287,23.20423737845635],[92.70755561145018,23.20768566709487],[92.69691510839851,23.216497960282194],[92.6946750024929,23.222117393619037],[92.69285491644459,23.236932263325258],[92.693414942921,23.239614265599663],[92.69145485025359,23.242679411056123],[92.69243489658729,23.248171129998944],[92.693414942921,23.260559426218805],[92.69159485687268,23.26924400501211],[92.68921474434796,23.27358629440876],[92.69075481715808,23.27933344213962],[92.68739465829967,23.27958887092766],[92.68655461858506,23.280355157291776],[92.68865471787157,23.284952875476463],[92.68711464506146,23.29070002320733],[92.68963476420527,23.297085742908287],[92.6918748701109,23.307302894429817],[92.68711464506146,23.311517469432452],[92.68809469139516,23.317392331557333],[92.68417450606034,23.326332339138673],[92.68655461858506,23.32709862550279],[92.68753466491876,23.32658776792671],[92.68907473772887,23.327481768684848],[92.68935475096707,23.327992626260922]]]}},{"type":"Feature","properties":{"district":"Khawzawl","dt_code":"996","st_nm":"Mizoram","st_code":"15","year":"2019"},"geometry":{"type":"Polygon","coordinates":[[[93.04455154362589,23.410751553585342],[93.05953225186968,23.416498701316204],[93.0448315568641,23.475630465747077],[93.05687212610675,23.555579676403074],[93.04581160319779,23.653408902221752],[93.0455315899596,23.666691199199747],[93.0467916495315,23.666818913593765],[93.05113185472362,23.666691199199747],[93.05631209963036,23.66618034162367],[93.06051229820338,23.665541769653572],[93.06359244382361,23.66490319768348],[93.06443248353821,23.665030912077498],[93.06737262253932,23.666563484805728],[93.07717308587638,23.671288917384437],[93.08711355583254,23.653153473433715],[93.0964939993123,23.648555755249024],[93.10839456193587,23.642808607518162],[93.10867457517406,23.642808607518162],[93.11679495908191,23.64344717948826],[93.13219568718301,23.64446889464041],[93.13821597180434,23.649577470401177],[93.14479628290209,23.655069189344],[93.14577632923579,23.655963190102135],[93.15431673300094,23.65864519237654],[93.1625771235279,23.66132719465094],[93.1634171632425,23.663242910561227],[93.17069750743573,23.679973496177738],[93.16831739491103,23.701684943161],[93.164117196338,23.708836949226068],[93.15921696466947,23.717138384837316],[93.15739687862116,23.744596979551435],[93.16075703747958,23.76515899698852],[93.17419767291327,23.77116157350742],[93.18861835468064,23.764903568200484],[93.1965987319694,23.747917553795933],[93.1967387385885,23.73476297121196],[93.20499912911544,23.727610965146887],[93.22796021464798,23.7290158234811],[93.24280091627267,23.73604011515215],[93.25120131341872,23.73936068939665],[93.25988172380298,23.729271252269136],[93.2633818892805,23.71343466741076],[93.26646203490071,23.70423923104138],[93.27080224009283,23.691340077245446],[93.27528245190406,23.674098634052857],[93.27864261076249,23.65826204919448],[93.27696253133327,23.639488033273665],[93.27472242542765,23.623906877203325],[93.27220230628384,23.611646295377486],[93.26716206799621,23.601429143855952],[93.26842212756813,23.597597712035377],[93.27066223347373,23.59146742112246],[93.26856213418722,23.588402275666],[93.2663220282816,23.58533713020954],[93.26198182308949,23.57933455369064],[93.26030174366028,23.572054833231544],[93.27444241218946,23.554941104432977],[93.27654251147597,23.552386816552595],[93.28004267695349,23.540892521090868],[93.27920263723888,23.537316518058333],[93.27766256442878,23.531441655933452],[93.27360237247485,23.5237787922923],[93.27416239895126,23.51943650289565],[93.27416239895126,23.51943650289565],[93.27430240557035,23.51803164456144],[93.27458241880856,23.515221927893016],[93.27416239895126,23.510879638496366],[93.27402239233216,23.509347065768136],[93.27388238571305,23.508453065010002],[93.27360237247485,23.505260205159523],[93.27136226656924,23.502067345309044],[93.27066223347373,23.50091791576287],[93.26940217390182,23.498874485458565],[93.2663220282816,23.494276767273874],[93.26156180323218,23.488146476360953],[93.26002173042207,23.486358474844685],[93.25820164437376,23.48393190135832],[93.25694158480185,23.48124989908392],[93.25386143918163,23.47499189377698],[93.25470147889624,23.474225607412865],[93.25638155832544,23.472565320290617],[93.25848165761197,23.47064960438033],[93.25974171718387,23.469372460440137],[93.26044175027937,23.46017702407076],[93.26072176351758,23.455834734674106],[93.26072176351758,23.449449014973148],[93.26072176351758,23.448555014215014],[93.2674420812344,23.449704443761185],[93.26912216066363,23.464647027861428],[93.26884214742543,23.469883318016215],[93.26814211432992,23.47933418317363],[93.27472242542765,23.484698187722437],[93.29194323957707,23.47230989150258],[93.2983835440557,23.46758445892387],[93.31392427877589,23.46439159907339],[93.32680488773318,23.4691170316521],[93.33702537092753,23.47831246802148],[93.35536623802975,23.489423620301146],[93.36936689993982,23.49351048090976],[93.39092791928135,23.496703340760238],[93.39456809137798,23.497341912730334],[93.39470809799707,23.495809340002104],[93.39470809799707,23.49491533924397],[93.39526812447347,23.492105622575547],[93.39512811785437,23.491594764999473],[93.39400806490157,23.489551334695165],[93.39400806490157,23.48763561878488],[93.39358804504427,23.486486189238704],[93.39386805828246,23.48610304605665],[93.39526812447347,23.486230760450667],[93.39582815094988,23.48584761726861],[93.39596815756897,23.48546447408655],[93.39554813771167,23.48393190135832],[93.39554813771167,23.482271614236073],[93.39526812447347,23.481505327871957],[93.39442808475887,23.48086675590186],[93.39288801194877,23.480483612719805],[93.39246799209147,23.480100469537746],[93.39218797885326,23.478951039991575],[93.39246799209147,23.477929324839423],[93.39330803180607,23.477418467263345],[93.39386805828246,23.47665218089923],[93.39512811785437,23.475247322565018],[93.39582815094988,23.474608750594925],[93.39652818404538,23.475247322565018],[93.39750823037909,23.475247322565018],[93.3982082634746,23.47499189377698],[93.39834827009369,23.474608750594925],[93.3980682568555,23.474097893018847],[93.39736822376,23.47384246423081],[93.39736822376,23.472948463472672],[93.3977882436173,23.472565320290617],[93.3990483031892,23.472693034684635],[93.3991883098083,23.47205446271454],[93.39834827009369,23.471032747562386],[93.3977882436173,23.47026646119827],[93.3976482369982,23.469372460440137],[93.39736822376,23.468350745287985],[93.39736822376,23.466562743771718],[93.39694820390268,23.46617960058966],[93.39638817742627,23.46617960058966],[93.39484810461617,23.465796457407603],[93.39386805828246,23.464902456649465],[93.39358804504427,23.46439159907339],[93.39344803842516,23.463625312709276],[93.39386805828246,23.46298674073918],[93.39428807813977,23.462220454375064],[93.39400806490157,23.461709596798986],[93.39344803842516,23.46132645361693],[93.39344803842516,23.460687881646834],[93.39344803842516,23.45992159528272],[93.39414807152068,23.459155308918604],[93.39428807813977,23.45864445134253],[93.39400806490157,23.45838902255449],[93.39344803842516,23.45826130816047],[93.39274800532966,23.45864445134253],[93.39232798547236,23.45838902255449],[93.39190796561506,23.457750450584392],[93.39218797885326,23.45698416422028],[93.39330803180607,23.45672873543224],[93.39414807152068,23.455323877098028],[93.39568814433078,23.454429876339894],[93.39582815094988,23.45391901876382],[93.39568814433078,23.453280446793723],[93.39512811785437,23.452769589217645],[93.39344803842516,23.451620159671474],[93.39288801194877,23.45085387330736],[93.39274800532966,23.450215301337263],[93.39316802518697,23.449959872549226],[93.39372805166337,23.449959872549226],[93.39428807813977,23.449449014973148],[93.39470809799707,23.448427299820995],[93.39484810461617,23.448044156638936],[93.39456809137798,23.44766101345688],[93.39442808475887,23.4477887278509],[93.39400806490157,23.447916442244917],[93.39316802518697,23.447916442244917],[93.39204797223415,23.44881044300305],[93.39064790604314,23.450981587701378],[93.39008787956675,23.450981587701378],[93.38952785309034,23.4504707301253],[93.38840780013754,23.448682728609032],[93.38770776704203,23.44600072633463],[93.38798778028024,23.445234439970516],[93.38868781337574,23.444212724818364],[93.39106792590044,23.442424723302093],[93.39120793251955,23.441786151332],[93.39092791928135,23.44140300814994],[93.39022788618584,23.441019864967885],[93.38952785309034,23.43987043542171],[93.38952785309034,23.439487292239654],[93.39050789942405,23.437316147541328],[93.39064790604314,23.436549861177213],[93.39008787956675,23.434634145266926],[93.38910783323304,23.433101572538696],[93.38910783323304,23.431696714204485],[93.38980786632854,23.430164141476254],[93.39050789942405,23.42773756798989],[93.39036789280495,23.426971281625775],[93.38966785970945,23.425821852079604],[93.38966785970945,23.42480013692745],[93.38952785309034,23.42339527859324],[93.38812778689933,23.422884421017162],[93.38784777366114,23.421734991470988],[93.38812778689933,23.420585561924817],[93.38882781999484,23.41994698995472],[93.39008787956675,23.419436132378646],[93.39064790604314,23.41879756040855],[93.39050789942405,23.41854213162051],[93.39036789280495,23.417775845256394],[93.39008787956675,23.41688184449826],[93.39008787956675,23.416370986922185],[93.39022788618584,23.41560470055807],[93.39036789280495,23.414582985405914],[93.39092791928135,23.41215641191955],[93.39120793251955,23.409729838433186],[93.39134793913865,23.407558693734863],[93.39204797223415,23.405770692218592],[93.39302801856786,23.40193926039802],[93.39386805828246,23.40002354448773],[93.39414807152068,23.39887411494156],[93.39386805828246,23.397852399789407],[93.39428807813977,23.39734154221333],[93.39498811123528,23.39721382781931],[93.39680819728359,23.397469256607348],[93.39736822376,23.39734154221333],[93.3977882436173,23.39683068463725],[93.3980682568555,23.395936683879118],[93.39792825023639,23.394659539938928],[93.39792825023639,23.393254681604716],[93.39834827009369,23.3924883952406],[93.40156842233301,23.390317250542275],[93.40226845542853,23.389678678572178],[93.40240846204762,23.389167820996104],[93.40226845542853,23.388784677814044],[93.40170842895212,23.38789067705591],[93.40128840909482,23.385847246751606],[93.40142841571391,23.384314674023376],[93.40142841571391,23.38354838765926],[93.4010083958566,23.382909815689164],[93.40030836276111,23.382526672507105],[93.3994683230465,23.382526672507105],[93.3990483031892,23.3831652444772],[93.3984882767128,23.383803816447298],[93.3977882436173,23.384059245235335],[93.39680819728359,23.38367610205328],[93.39596815756897,23.382526672507105],[93.39582815094988,23.381377242960934],[93.39512811785437,23.38010009902074],[93.39512811785437,23.37882295508055],[93.39484810461617,23.37729038235232],[93.39456809137798,23.376396381594187],[93.39274800532966,23.375119237653994],[93.39190796561506,23.374863808865957],[93.38952785309034,23.375119237653994],[93.38714774056562,23.374863808865957],[93.38672772070832,23.374480665683897],[93.38644770747013,23.37256494977361],[93.38686772732743,23.37154323462146],[93.38812778689933,23.37141552022744],[93.38952785309034,23.37154323462146],[93.39050789942405,23.370776948257344],[93.39134793913865,23.369755233105188],[93.39092791928135,23.36949980431715],[93.38812778689933,23.36835037477098],[93.38756776042294,23.367456374012846],[93.38798778028024,23.367073230830787],[93.38868781337574,23.367073230830787],[93.38896782661394,23.36681780204275],[93.38896782661394,23.366179230072653],[93.38910783323304,23.365029800526482],[93.38910783323304,23.364518942950404],[93.38826779351844,23.362730941434137],[93.38784777366114,23.360815225523847],[93.38798778028024,23.36043208234179],[93.38756776042294,23.359665795977676],[93.38714774056562,23.35941036718964],[93.38686772732743,23.35941036718964],[93.38602768761282,23.360048939159732],[93.38560766775552,23.361198368705907],[93.38490763466001,23.361836940676003],[93.38392758832632,23.36222008385806],[93.3832275552308,23.36209236946404],[93.3825275221353,23.361198368705907],[93.3823875155162,23.359921224765714],[93.3819674956589,23.358644080825524],[93.38098744932519,23.358388652037483],[93.38056742946789,23.358644080825524],[93.37972738975328,23.36043208234179],[93.37916736327688,23.360942939917866],[93.37846733018138,23.360942939917866],[93.37776729708587,23.360304367947773],[93.37622722427577,23.359921224765714],[93.37454714484656,23.35902722400758],[93.37314707865555,23.35941036718964],[93.37104697936903,23.35941036718964],[93.36992692641623,23.3591549384016],[93.3667067741769,23.35698379370327],[93.3641866550331,23.35621750733916],[93.36208655574657,23.35596207855112],[93.36222656236568,23.35621750733916],[93.36236656898478,23.356600650521216],[93.36180654250838,23.356856079309253],[93.36124651603197,23.356856079309253],[93.36012646307917,23.35621750733916],[93.35942642998367,23.355195792187004],[93.35802636379265,23.35442950582289],[93.35620627774435,23.353663219458774],[93.35564625126794,23.353280076276718],[93.35536623802975,23.35264150430662],[93.35592626450614,23.351875217942506],[93.35578625788705,23.350853502790354],[93.35606627112524,23.350214930820258],[93.35634628436344,23.349193215668105],[93.35690631083985,23.347660642939875],[93.35816637041175,23.346638927787723],[93.35830637703086,23.345617212635567],[93.35802636379265,23.344212354301355],[93.35774635055445,23.342807495967147],[93.35816637041175,23.34216892399705],[93.35928642336457,23.341658066420973],[93.35998645646006,23.340891780056857],[93.36194654912748,23.337315777024322],[93.36376663517579,23.335400061114033],[93.3674068072724,23.333995202779825],[93.36782682712972,23.333867488385806],[93.36950690655893,23.333356630809728],[93.37034694627353,23.332462630051594],[93.37062695951172,23.331440914899442],[93.37062695951172,23.3311854861114],[93.37146699922633,23.32965291338317],[93.3662867543196,23.33016377095925],[93.35746633731625,23.330419199747286],[93.35592626450614,23.330419199747286],[93.35186607255221,23.331824058081498],[93.3472458541219,23.33629406187217],[93.34556577469269,23.339359207328627],[93.33688536430843,23.345617212635567],[93.33660535107023,23.345872641423608],[93.33632533783202,23.346128070211645],[93.32876498040058,23.351747503548488],[93.31392427877589,23.347916071727912],[93.3000636234849,23.336166347478148],[93.29712348448379,23.333356630809728],[93.29138321310066,23.33322891641571],[93.28984314029054,23.33310120202169],[93.28508291524112,23.333867488385806],[93.28298281595461,23.335016917931977],[93.28172275638269,23.335527775508055],[93.27976266371529,23.338592920964512],[93.27780257104789,23.34178578081499],[93.27598248499956,23.350981217184373],[93.27500243866587,23.3531523618827],[93.27052222685464,23.362730941434137],[93.27066223347373,23.368733517953036],[93.26940217390182,23.375630095230072],[93.26912216066363,23.376779524776243],[93.26646203490071,23.384442388417394],[93.26646203490071,23.38801839144993],[93.2646419488524,23.391722108876486],[93.264081922376,23.390317250542275],[93.2638019091378,23.38955096417816],[93.2629618694232,23.388912392208063],[93.26226183632768,23.38942324978414],[93.26170180985127,23.390317250542275],[93.26114178337488,23.390828108118352],[93.26100177675578,23.390828108118352],[93.25792163113556,23.390061821754237],[93.25792163113556,23.3898063929662],[93.25876167085016,23.389295535390122],[93.25960171056477,23.388784677814044],[93.25988172380298,23.38801839144993],[93.25918169070746,23.387379819479833],[93.25792163113556,23.38789067705591],[93.25750161127826,23.38827382023797],[93.25652156494455,23.389040106602085],[93.25540151199175,23.389295535390122],[93.25456147227715,23.389167820996104],[93.2464410883693,23.38520867478151],[93.2464410883693,23.38520867478151],[93.24616107513108,23.384570102811413],[93.24518102879739,23.38495324599347],[93.24434098908279,23.385591817963565],[93.24406097584458,23.385974961145624],[93.24392096922547,23.386102675539643],[93.24280091627267,23.3864858187217],[93.24266090965357,23.3864858187217],[93.24140085008166,23.386102675539643],[93.24028079712886,23.386868961903758],[93.24014079050976,23.387379819479833],[93.23790068460414,23.388146105843948],[93.23748066474684,23.387762962661892],[93.23678063165133,23.38789067705591],[93.22936028083899,23.38623038993366],[93.22936028083899,23.386102675539643],[93.22964029407719,23.385464103569547],[93.2300603139345,23.38482553159945],[93.2299203073154,23.384186959629353],[93.2295002874581,23.38367610205328],[93.22894026098169,23.38354838765926],[93.22880025436258,23.38469781720543],[93.22838023450528,23.38508096038749],[93.22768020140978,23.385464103569547],[93.22684016169518,23.385591817963565],[93.22600012198058,23.38354838765926],[93.22614012859967,23.3831652444772],[93.22810022126708,23.380866385384856],[93.22824022788618,23.379589241444666],[93.22726018155248,23.37882295508055],[93.22670015507607,23.37843981189849],[93.22670015507607,23.378184383110455],[93.22670015507607,23.37741809674634],[93.22558010212327,23.37729038235232],[93.22348000283675,23.37741809674634],[93.22348000283675,23.37741809674634],[93.21829975793003,23.37422523689586],[93.21829975793003,23.37422523689586],[93.21759972483451,23.373842093713805],[93.21731971159632,23.373714379319782],[93.21633966526261,23.37307580734969],[93.21633966526261,23.37282037856165],[93.21633966526261,23.372309520985574],[93.21703969835812,23.37154323462146],[93.21787973807272,23.370904662651363],[93.21829975793003,23.370138376287247],[93.21843976454912,23.36949980431715],[93.21801974469182,23.368861232347054],[93.21647967188171,23.368733517953036],[93.215499625548,23.36822266037696],[93.21521961230981,23.367456374012846],[93.21997983735923,23.359921224765714],[93.22081987707384,23.359538081583658],[93.22109989031205,23.35889950961356],[93.22165991678844,23.358133223249446],[93.22179992340754,23.35736693688533],[93.22179992340754,23.357239222491312],[93.22193993002665,23.356600650521216],[93.22165991678844,23.356089792945138],[93.22095988369294,23.356089792945138],[93.21619965864352,23.350470359608295],[93.21605965202441,23.350214930820258],[93.2153596189289,23.349193215668105],[93.2145195792143,23.34842692930399],[93.21395955273789,23.34842692930399],[93.21325951964239,23.34855464369801],[93.21269949316599,23.348937786880064],[93.20989936078396,23.347660642939875],[93.20989936078396,23.34689435657576],[93.20933933430757,23.345106355059492],[93.20905932106936,23.343573782331262],[93.20863930121206,23.342041209603032],[93.20835928797386,23.340253208086764],[93.20821928135476,23.33897606414657],[93.20695922178285,23.338848349752553],[93.20513913573454,23.338848349752553],[93.20177897687613,23.34063635126882],[93.19239853339637,23.34370149672528],[93.16943744786383,23.34523406945351],[93.15515677271554,23.341274923238917],[93.14493628952118,23.33271805883963],[93.13975604461446,23.32709862550279],[93.13373575999312,23.32377805125829],[93.13261570704032,23.323139479288194],[93.12015511794034,23.32237319292408],[93.11105468769878,23.321351477771927],[93.10503440307744,23.31803090352743],[93.09971415155161,23.31483804367695],[93.09817407874151,23.314327186100872],[93.09425389340669,23.31292232776666],[93.08585349626063,23.31292232776666],[93.08137328444941,23.312794613372642],[93.0791331785438,23.313050042160683],[93.05673211948766,23.31343318534274],[93.0476316892461,23.309346324734125],[93.04427153038769,23.308324609581973],[93.04301147081577,23.307941466399914],[93.04119138476747,23.307941466399914],[93.04497156348319,23.312794613372642],[93.0465116362933,23.31483804367695],[93.0452515767214,23.34178578081499],[93.04245144433938,23.36055979673581],[93.04077136491017,23.372437235379593],[93.04147139800567,23.379461527050648],[93.04455154362589,23.410751553585342]]]}},{"type":"Feature","properties":{"district":"Hnahthial","dt_code":"994","st_nm":"Mizoram","st_code":"15","year":"2019"},"geometry":{"type":"Polygon","coordinates":[[[92.92134571881715,22.780608733494788],[92.91672550038683,22.78788845395388],[92.91420538124301,22.791209028198377],[92.9140653746239,22.791592171380433],[92.9121052819565,22.796573032747183],[92.90636501057337,22.799127320627566],[92.90188479876214,22.802447894872063],[92.8954444942835,22.807173327450773],[92.89082427585318,22.811132473665367],[92.88886418318576,22.816496478214173],[92.88676408389925,22.822499054733072],[92.88676408389925,22.82300991230915],[92.88746411699475,22.83194991989049],[92.88284389856443,22.836930781257237],[92.8797637529442,22.840251355501735],[92.8797637529442,22.840251355501735],[92.86968327636895,22.852767366115614],[92.87164336903636,22.858642228240495],[92.87206338889366,22.859919372180688],[92.87626358746668,22.863750804001263],[92.8779436668959,22.865283376729494],[92.86912324989254,22.87652224340318],[92.8619829123184,22.874223384310834],[92.85750270050717,22.872690811582604],[92.85470256812516,22.87179681082447],[92.85386252841056,22.871669096430452],[92.85260246883864,22.87626681461514],[92.85442255488695,22.879970532041696],[92.8612828792229,22.88839968204696],[92.86744317046333,22.896317974476148],[92.86926325651164,22.898616833568493],[92.86968327636895,22.89912769114457],[92.86926325651164,22.899766263114667],[92.86716315722514,22.903342266147202],[92.86688314398693,22.90385312372328],[92.8625429387948,22.911132844182372],[92.86030283288919,22.914964276002948],[92.86058284612739,22.91560284797304],[92.86758317708244,22.92364885479625],[92.86912324989254,22.9253091419185],[92.88774413023296,22.946765160113717],[92.88872417656665,22.94791458965989],[92.88858416994756,22.949064019206062],[92.88746411699475,22.959792028303674],[92.88718410375655,22.962984888154153],[92.88634406404195,22.97115860937138],[92.88718410375655,22.973329754069706],[92.88956421628126,22.979076901800568],[92.88984422951947,22.98009861695272],[92.88956421628126,22.980864903316835],[92.88270389194533,22.996701488175212],[92.88214386546892,23.000277491207747],[92.8786436999914,23.020456365462778],[92.8775236470386,23.026714370769714],[92.87500352789478,23.04255095562809],[92.87500352789478,23.050086104875223],[92.87500352789478,23.05149096320943],[92.87276342198916,23.06132497154891],[92.87262341537007,23.062091257913025],[92.87206338889366,23.075245840496997],[92.86716315722514,23.084185848078338],[92.86492305131952,23.08827270868695],[92.86016282627008,23.096829573086236],[92.85960279979369,23.097851288238388],[92.86436302484312,23.107940725365903],[92.86548307779591,23.113943301884806],[92.8622629255566,23.118924163251553],[92.8612828792229,23.120456735979783],[92.85568261445886,23.13118474507739],[92.85540260122066,23.13169560265347],[92.860022819651,23.139613895082658],[92.8612828792229,23.141912754175003],[92.8612828792229,23.152513048878593],[92.86492305131952,23.163879629946297],[92.86366299174762,23.173969067073813],[92.86408301160492,23.175501639802043],[92.86716315722514,23.175118496619984],[92.86702315060603,23.17435221025587],[92.86814320355884,23.17281963752764],[92.87192338227456,23.17435221025587],[92.87332344846557,23.17422449586185],[92.87528354113297,23.171670207981467],[92.8783636867532,23.169371348889122],[92.88438397137453,23.168732776919025],[92.88718410375655,23.169243634495103],[92.89754459357002,23.178055927682426],[92.90132477228573,23.177161926924292],[92.90832510324077,23.177545070106348],[92.9129453216711,23.18022707238075],[92.91756554010144,23.181887359502998],[92.91910561291154,23.18469707617142],[92.91938562614975,23.18482479056544],[92.92218575853175,23.189805651932186],[92.92456587105647,23.188273079203956],[92.92554591739018,23.18674050647573],[92.92806603653399,23.18622964889965],[92.93226623510702,23.185846505717592],[92.93604641382274,23.186995935263766],[92.93828651972835,23.186612792081707],[92.93800650649015,23.182653645867113],[92.93688645353734,23.180737929956827],[92.93632642706095,23.1758847829841],[92.93772649325194,23.171414779193427],[92.93982659253847,23.169371348889122],[92.94892702278003,23.169243634495103],[92.95074710882832,23.167072489796777],[92.95508731402046,23.1665616322207],[92.95690740006876,23.165412202674528],[92.96012755230808,23.15749391024534],[92.95788744640248,23.15161904812046],[92.96096759202268,23.147787616299883],[92.95970753245078,23.141401896598925],[92.96110759864179,23.140124752658732],[92.95998754568899,23.134633033715907],[92.9622276515946,23.13437760492787],[92.9622276515946,23.13156788825945],[92.96110759864179,23.130290744319257],[92.96040756554629,23.11611444658313],[92.96278767807101,23.114709588248918],[92.96726788988222,23.11496501703696],[92.96768790973954,23.1112612996104],[92.98476871726983,23.10436472233337],[92.98798886950915,23.100022432936715],[92.98952894231925,23.100150147330734],[92.99022897541477,23.099000717784563],[92.99148903498667,23.097212716268295],[92.99400915413048,23.097468145056332],[92.9951292070833,23.094402999599872],[92.99974942551361,23.092742712477623],[93.00688976308777,23.08712327914078],[93.02187047133155,23.078949557923554],[93.02719072285738,23.078949557923554],[93.03335101409782,23.08086527383384],[93.03965131195736,23.08099298822786],[93.04329148405398,23.077416985195324],[93.04455154362589,23.074224125344845],[93.04245144433938,23.07026497913025],[93.04175141124387,23.049447532905127],[93.046091616436,23.04599924426661],[93.06149234453709,23.04421124275034],[93.0806732513539,23.035909807139095],[93.08347338373592,23.033866376834787],[93.0819333109258,23.031312088954405],[93.08361339035503,23.028374657891966],[93.0959339728359,23.025437226829524],[93.11889505836842,23.009728356365166],[93.12267523708415,23.006918639696746],[93.12169519075044,23.005513781362534],[93.11945508484483,23.005002923786456],[93.11945508484483,23.00308720787617],[93.12085515103584,23.00155463514794],[93.12281524370326,23.001810063935977],[93.12547536946617,23.00270406469411],[93.12645541579988,23.001810063935977],[93.12631540918078,22.999511204843632],[93.12701544227627,22.996573773781193],[93.1299555812774,22.993380913930714],[93.1310756342302,22.991337483626406],[93.13359575337401,22.99057119726229],[93.13751593870884,22.991592912414447],[93.14101610418636,22.99069891165631],[93.14115611080547,22.98788919498789],[93.13947603137626,22.986612051047697],[93.13891600489985,22.98201433286301],[93.14129611742456,22.97843832983047],[93.14367622994928,22.978182901042434],[93.14423625642569,22.976267185132144],[93.14311620347287,22.972052610129513],[93.13961603799535,22.971541752553435],[93.13555584604143,22.970264608613245],[93.13541583942234,22.96783803512688],[93.13835597842345,22.961069172243864],[93.14115611080547,22.959792028303674],[93.14157613066277,22.95544973890702],[93.13751593870884,22.95110744951037],[93.14059608432906,22.948808590418025],[93.14479628290209,22.946765160113717],[93.1464763623313,22.942933728293145],[93.14507629614029,22.938336010108454],[93.14535630937849,22.933355148741708],[93.146056342474,22.927735715404864],[93.15039654766612,22.92364885479625],[93.15389671314364,22.921988567674],[93.15305667342903,22.92020056615773],[93.15375670652455,22.91764627827735],[93.15753688524026,22.91764627827735],[93.16187709043238,22.916369134337156],[93.1649572360526,22.909089413878064],[93.15851693157397,22.90857855630199],[93.15025654104701,22.90819541311993],[93.1478764285223,22.910749701000313],[93.13919601813805,22.9133039888807],[93.13541583942234,22.91177141615247],[93.12967556803919,22.903214551753184],[93.12967556803919,22.9006602638728],[93.13177566732571,22.898999976750552],[93.13485581294593,22.891975685079498],[93.1300955878965,22.883035677498157],[93.12743546213358,22.879076531283562],[93.12631540918078,22.876011385827102],[93.12785548199088,22.874095669916816],[93.12505534960887,22.868220807791932],[93.12001511132124,22.865283376729494],[93.11987510470213,22.85813137066442],[93.11805501865382,22.85481079641992],[93.11665495246282,22.845487645656522],[93.11749499217743,22.8426779289881],[93.1149748730336,22.838718782773505],[93.1144148465572,22.835653637317048],[93.11035465460328,22.83475963655891],[93.11035465460328,22.832716206254606],[93.1130147803662,22.831183633526376],[93.1142748399381,22.829778775192164],[93.11245475388979,22.826713629735703],[93.10461438322014,22.82581962897757],[93.10405435674375,22.82313762670317],[93.10475438983924,22.820838767610823],[93.11077467446059,22.820072481246708],[93.11077467446059,22.817390478972307],[93.10839456193587,22.816241049426132],[93.10349433026734,22.811515616847423],[93.09901411845611,22.809599900937137],[93.09537394635949,22.806917898662736],[93.09537394635949,22.803725038812257],[93.09747404564601,22.800915322143833],[93.0963539926932,22.79887189183953],[93.0966340059314,22.79682846153522],[93.09831408536061,22.795806746383068],[93.0977540588842,22.792358457744548],[93.0971940324078,22.786866738801727],[93.0971940324078,22.786866738801727],[93.09257381397748,22.789676455470147],[93.09033370807185,22.79108131380436],[93.0819333109258,22.797083890323258],[93.08221332416402,22.797850176687373],[93.08333337711682,22.80117075093187],[93.08641352273703,22.803980467600294],[93.08333337711682,22.804874468358427],[93.07857315206739,22.80627932669264],[93.06975273506404,22.802192466084026],[93.06317242396631,22.800149035779718],[93.0633124305854,22.79389103047278],[93.06093231806068,22.793252458502682],[93.05575207315395,22.791847600168474],[93.04539158334049,22.793507887290723],[93.0315309280495,22.795806746383068],[93.02873079566749,22.783546164557226],[93.01921034556864,22.784184736527322],[93.01753026613943,22.779714732736654],[93.0130500543282,22.776394158492153],[93.0120700079945,22.76783729409287],[93.00856984251698,22.762601003938084],[93.00884985575517,22.756598427419185],[93.00590971675406,22.753533281962724],[93.00030945199002,22.753916425144784],[92.99988943213272,22.753916425144784],[92.99414916074959,22.75378871075076],[92.99120902174847,22.753660996356743],[92.99092900851026,22.753660996356743],[92.98840888936645,22.754554997114877],[92.9801484988395,22.75749242817732],[92.96824793621593,22.76949758121512],[92.96082758540359,22.779842447130672],[92.96040756554629,22.780353304706747],[92.96026755892719,22.78048101910077],[92.95788744640248,22.78163044864694],[92.94948704925642,22.78584502364957],[92.9440267911115,22.788654740317995],[92.9436067712542,22.789804169864166],[92.94318675139688,22.79108131380436],[92.94206669844408,22.791592171380433],[92.94136666534857,22.79095359941034],[92.94038661901487,22.790315027440244],[92.93996659915757,22.790442741834262],[92.93856653296656,22.79108131380436],[92.93674644691825,22.791975314562492],[92.93520637410813,22.791975314562492],[92.93422632777444,22.79108131380436],[92.93240624172611,22.790825885016318],[92.93142619539242,22.791209028198377],[92.93016613582051,22.79223074335053],[92.9273660034385,22.792869315320626],[92.92582593062838,22.79261388653259],[92.92386583796097,22.791719885774455],[92.92260577838906,22.790442741834262],[92.92232576515086,22.788399311529954],[92.92288579162727,22.78763302516584],[92.92386583796097,22.786100452437612],[92.92316580486546,22.78444016531536],[92.92274578500816,22.782269020617036],[92.92274578500816,22.780608733494788],[92.92134571881715,22.780608733494788]]]}},{"type":"Feature","properties":{"district":"Upper Subansiri","dt_code":"249","st_nm":"Arunachal Pradesh","st_code":"12","year":"2011_c"},"geometry":{"type":"Polygon","coordinates":[[[94.40163570257027,28.338483732420762],[94.40317577538038,28.327883437717173],[94.37755456408493,28.308981707402335],[94.37475443170291,28.295060838454248],[94.39407534513882,28.263643097525534],[94.41689642405225,28.254319946762134],[94.38343484208715,28.258023664188688],[94.36915416693887,28.24423050963462],[94.36775410074787,28.211535624765713],[94.3564135646007,28.198636470969777],[94.39141521937592,28.14193128002527],[94.39183523923322,28.082799515594395],[94.46701879369036,28.0488274867853],[94.48409960122066,28.021752035253236],[94.48451962107796,28.021752035253236],[94.51294096475543,28.015494029946296],[94.51294096475543,28.015366315552278],[94.51322097799363,28.015366315552278],[94.53226187819135,27.98586429053385],[94.5258215737127,27.96006598294198],[94.53296191128685,27.945251113235756],[94.55830310934411,27.90233907684532],[94.59288474426201,27.890078495019477],[94.59288474426201,27.890078495019477],[94.5931647575002,27.88995078062546],[94.59512485016762,27.870793621522584],[94.58966459202269,27.866195903337893],[94.58910456554628,27.861725899547224],[94.58238424782945,27.860193326818994],[94.44405770815783,27.82877558589028],[94.43845744339379,27.812939001031904],[94.38203477589616,27.797357844961564],[94.33499255187827,27.760320670696007],[94.33485254525917,27.76019295630199],[94.31805175096707,27.773219824491942],[94.31791174434797,27.77334753888596],[94.2714295468065,27.809746141181424],[94.19330585334822,27.811534142697692],[94.19176578053812,27.836566163925447],[94.16012428462133,27.843845884384542],[94.14906376171237,27.866068188943874],[94.07416022049341,27.849337603327363],[94.04755896286426,27.911917656396756],[94.06813993587208,27.939248536716857],[94.02333781775982,27.956489979909442],[94.01101723527894,27.956234551121405],[93.99911667265538,27.965813130672842],[93.96789519659589,27.977945998104662],[93.96173490535546,27.978839998862796],[93.94899430301727,27.980628000379067],[93.94101392572853,28.000423731452035],[93.91231256881285,28.012812027671895],[93.90965244304994,28.029414898894387],[93.87395075517922,28.05342520496999],[93.87479079489384,28.073220936042958],[93.8546298417433,28.081266942866165],[93.88081107951517,28.107831536822154],[93.87647087432305,28.120858405012108],[93.89257163551963,28.128776697441296],[93.84650945783547,28.20783190733916],[93.83992914673772,28.236950789175527],[93.76558563199518,28.26287681116142],[93.70202262692341,28.307959992250183],[93.67990158110547,28.32200857559229],[93.66030065443135,28.304639418005685],[93.62767911218086,28.30693827709803],[93.61185836422247,28.272072247530797],[93.61157835098426,28.2714336755607],[93.60317795383821,28.269517959650415],[93.56103596148887,28.260450237675055],[93.55473566362933,28.259045379340844],[93.47969211579128,28.281523112688216],[93.45673103025874,28.272327676318834],[93.45519095744864,28.27168910434874],[93.45365088463852,28.27347710586501],[93.42914972629588,28.282800256628406],[93.42480952110375,28.282672542234387],[93.42326944829364,28.28509911572075],[93.40856875328805,28.30681056270401],[93.38616769423191,28.306299705127934],[93.38420760156451,28.310641994524584],[93.37888735003868,28.311535995282718],[93.37034694627353,28.32647857938296],[93.36082649617467,28.32979915362746],[93.36040647631737,28.34372002257555],[93.33688536430843,28.353426316521006],[93.29418334548268,28.34039944833105],[93.2828428093355,28.36492061198273],[93.25386143918163,28.36172775213225],[93.22291997636034,28.334141443024112],[93.22432004255135,28.342442878635357],[93.23342047279291,28.400297499126037],[93.18301808991662,28.432353812024846],[93.23734065812774,28.48241785448036],[93.27794257766698,28.504512444645677],[93.30734396767815,28.565943068168895],[93.30202371615232,28.599276525007895],[93.32988503335339,28.608088818195217],[93.33912547021404,28.63988970230599],[93.41402901143299,28.652661141707906],[93.44791061325539,28.675777447025375],[93.46891160612051,28.651767140949772],[93.49327275784407,28.683695739454564],[93.53597477666982,28.658536003832786],[93.62207884741683,28.657258859892597],[93.73352411622109,28.68880431521533],[93.77706617476144,28.667986868990205],[93.84594943135906,28.706812044772033],[93.9212729924353,28.669647156112454],[93.96201491859365,28.712431478108876],[93.98973622917562,28.687782600063176],[94.02333781775982,28.651256283373694],[94.00611700361041,28.621754258355267],[94.00135677856099,28.577820506812674],[94.07150009473051,28.539378474212906],[94.09684129278776,28.536185614362427],[94.10874185541132,28.521370744656206],[94.11476214003267,28.475776705991365],[94.14850373523596,28.439633532483942],[94.15746415885842,28.43503581429925],[94.16838467514827,28.432736955206906],[94.21920707788189,28.43631295823944],[94.23152766036276,28.428266951416234],[94.24174814355712,28.446785538549015],[94.29271055290982,28.42877780899231],[94.30853130086821,28.417028084742547],[94.30167097653228,28.395955209729387],[94.30853130086821,28.37564862108034],[94.32953229373334,28.357896320311674],[94.36789410736696,28.353170887732965],[94.36915416693887,28.352021458186794],[94.38609496785008,28.33592944454038],[94.40135568933206,28.34039944833105],[94.40163570257027,28.338483732420762]]]}},{"type":"Feature","properties":{"district":"Anjaw","dt_code":"260","st_nm":"Arunachal Pradesh","st_code":"12","year":"2011_c"},"geometry":{"type":"Polygon","coordinates":[[[96.86127198693372,27.631073703948612],[96.84881139783374,27.62404941227756],[96.78258826699906,27.64256799941034],[96.76564746608784,27.618302264546696],[96.76480742637324,27.617152835000525],[96.71734518249806,27.648953719111297],[96.7054446198745,27.650741720627565],[96.69984435511046,27.66057572896704],[96.64874193913866,27.673858025945034],[96.6393614956589,27.681648603980204],[96.62928101908363,27.684713749436664],[96.62410077417691,27.69442004338212],[96.61934054912747,27.703615479751498],[96.61626040350725,27.70936262748236],[96.62004058222298,27.71408806006107],[96.6397815155162,27.737970651742653],[96.61556037041176,27.770026964641463],[96.61262023141063,27.773986110856058],[96.63194114484655,27.81051242754554],[96.61388029098254,27.85763903893861],[96.58587896716237,27.853296749541958],[96.52875626656925,27.90067878972307],[96.41647095805037,27.92328423746446],[96.39182979308862,27.975008567042224],[96.2878048750967,28.061854354975253],[96.28262463018997,28.072071506496787],[96.27296417347202,28.09122866559966],[96.32714673506403,28.13120327092766],[96.33554713221008,28.17219959140781],[96.29536523252816,28.249211371001365],[96.30166553038768,28.28382197178056],[96.3370872050202,28.339633161966937],[96.31132598710565,28.365559183952826],[96.30544570910341,28.36964604456144],[96.30642575543712,28.371434046077706],[96.3040456429124,28.373988333958092],[96.31370609963035,28.383439199115507],[96.36928872741339,28.38931406124039],[96.37824915103585,28.35891803546383],[96.39042972689762,28.35751317712962],[96.39757006447175,28.339250018784877],[96.41087069328634,28.341421163483204],[96.4210911764807,28.345635738485836],[96.43033161334135,28.386504344571968],[96.45665285773231,28.41409065368011],[96.50845530679962,28.413068938527953],[96.57789858987363,28.45776897643466],[96.66274260104873,28.460323264315043],[96.74898667841485,28.415878655196376],[96.78048816771253,28.364282040012633],[96.84993145078656,28.36211089531431],[96.89641364832804,28.379607767294935],[96.92357493243358,28.33861144681478],[96.99399826184131,28.309492564978413],[97.02017949961316,28.319454287711906],[97.04930087638614,28.351382886216697],[97.09004280254447,28.362877181678424],[97.14926560242414,28.32698943695904],[97.17110663500387,28.29186797860377],[97.22150901788017,28.292506550573865],[97.23830981217226,28.267729958134147],[97.27919174494971,28.2687516732863],[97.30999320115188,28.2441027952406],[97.37145610693716,28.217665915678634],[97.39721732485171,28.185354173991787],[97.36879598117424,28.192378465662838],[97.32749402853949,28.154958148215226],[97.32147374391816,28.140143278509],[97.33561441244734,28.11140753985469],[97.30677304891258,28.08509837468674],[97.30439293638786,28.068878646646308],[97.328194061635,28.057001208002525],[97.37005604074615,28.061854354975253],[97.36445577598212,28.04397433981257],[97.37341619960456,28.03056432844056],[97.411498,28.015366315552278],[97.38755686813376,28.003233448120458],[97.37439624593827,27.977435140528588],[97.37187612679446,27.9355448192903],[97.38377668941803,27.917664804127618],[97.37467625917648,27.909107939728333],[97.38503674898993,27.887396492745076],[97.3608156038855,27.87615762607139],[97.33967460440127,27.88522534804675],[97.31727354534513,27.88075534425608],[97.32007367772715,27.903105363209434],[97.30495296286426,27.921240807160153],[97.25273049393965,27.900934218511107],[97.15654594661737,27.814088430578074],[97.09858320630963,27.784969548741707],[97.08766269001977,27.734139219922078],[97.0614814522479,27.748570946446243],[97.04748079033783,27.739247795682846],[97.03152003576034,27.74946494720438],[96.98545785807616,27.685863178982835],[96.98307774555144,27.666450591091923],[96.93505547519986,27.661597444119195],[96.90355398590216,27.613832260756027],[96.86127198693372,27.631073703948612]]]}},{"type":"Feature","properties":{"district":"Tinsukia","dt_code":"309","st_nm":"Assam","st_code":"18","year":"2011_c"},"geometry":{"type":"Polygon","coordinates":[[[95.77454060947305,27.732095789617773],[95.76151999389667,27.727242642645045],[95.75493968279893,27.7249437835527],[95.7653001726124,27.714726632031166],[95.767540278518,27.687395751711065],[95.79036135743144,27.680243745645992],[95.77510063594946,27.67436888352111],[95.77034041090002,27.658021441086657],[95.79568160895727,27.641801713046224],[95.78000086761799,27.6209842668211],[95.78840126476403,27.603998252416552],[95.79134140376514,27.5996559630199],[95.81570255548868,27.598761962261765],[95.8155625488696,27.597229389533535],[95.81430248929769,27.574368513004107],[95.86078468683917,27.54320620086343],[95.86386483245937,27.543461629651468],[95.87422532227284,27.544227916015583],[95.87576539508295,27.51255474629883],[95.88682591799191,27.49722901901653],[95.87422532227284,27.493397587195954],[95.87058515017623,27.46670527884595],[95.85322432940771,27.456998984900494],[95.84440391240436,27.421622097757187],[95.86008465374366,27.408084371991155],[95.85700450812344,27.419961810634934],[95.88318574589529,27.435415252311255],[95.88556585842001,27.398250363651677],[95.90782691085704,27.4343935371591],[95.94114848620303,27.43733096822154],[95.95458912163672,27.419706381846897],[95.9692898166423,27.428007817458145],[95.9701298563569,27.414980949268188],[95.98315047193329,27.411915803811727],[96.01521198770737,27.368365195451194],[95.98917075655463,27.35661547120143],[95.96522962468838,27.328007446941136],[95.97545010788275,27.32455915830262],[95.95500914149402,27.317790295419606],[95.95990937316255,27.311021432536588],[95.89718640780538,27.282285693882276],[95.90418673876042,27.27398425827103],[95.89228617613685,27.255337956744235],[95.85630447502794,27.27117454160261],[95.85924461402905,27.287266555249023],[95.80506205243702,27.273090257512898],[95.800861853864,27.284329124186584],[95.77944084114158,27.26989739766242],[95.74205907384166,27.26670453781194],[95.72007803464282,27.24959080901337],[95.68143620777099,27.251889668105715],[95.6338339572767,27.230433649910495],[95.60891277907676,27.2264745036959],[95.59925232235881,27.223026215057384],[95.59687220983409,27.224558787785615],[95.57937138244648,27.2357976544593],[95.53484927757242,27.264405678719594],[95.50866803980057,27.26197910523323],[95.50376780813204,27.248569093861217],[95.49116721241296,27.243971375676526],[95.48416688145792,27.241289373402125],[95.46666605407032,27.26248996280931],[95.45112531935013,27.23119993627461],[95.44202488910857,27.256615100684424],[95.44076482953666,27.260446532505],[95.46050576282988,27.270408255238493],[95.44594507444339,27.294418561314096],[95.48066671598039,27.320855440876066],[95.46750609378492,27.31676858026745],[95.4483251869681,27.33528716740023],[95.46568600773661,27.342566887859324],[95.47380639164446,27.366960337116982],[95.45406545835124,27.37487862954617],[95.43936476334565,27.364150620448562],[95.41136343952549,27.38701149697799],[95.39008243342215,27.390970643192585],[95.3626411360784,27.382541493187322],[95.34836046093011,27.393780359861008],[95.30929861420097,27.3890549272823],[95.29543795890999,27.415108663662206],[95.2481157216539,27.404508368958616],[95.25175589375053,27.434138108371062],[95.21997439121463,27.44358897352848],[95.2290748214562,27.49876159174476],[95.26659659537522,27.50936188644835],[95.26533653580331,27.544100201621564],[95.28269735657182,27.547293061472043],[95.27331691309206,27.574240798610084],[95.28479745585832,27.56759965012109],[95.30019818395942,27.584713378919655],[95.31839904444253,27.58739538119406],[95.27905718447519,27.67283631079288],[95.27471697928307,27.676795457007476],[95.27023676747184,27.68088231761609],[95.26981674761454,27.681265460798144],[95.27373693294936,27.689183753227333],[95.2791971910943,27.690077753985467],[95.3466803815009,27.701188906265134],[95.39162250623227,27.726731785068967],[95.40506314166595,27.76951610706539],[95.46694606730851,27.81804757679267],[95.49326731169947,27.858149896514686],[95.5152483508983,27.85929932606086],[95.5146883244219,27.879605914709906],[95.5149683376601,27.879861343497947],[95.51944854947132,27.8835650609245],[95.51944854947132,27.8835650609245],[95.56341062786899,27.919325091249867],[95.56999093896673,27.936055676866378],[95.57069097206224,27.937843678382645],[95.58609170016332,27.936821963230493],[95.60667267317115,27.954829692787193],[95.60681267979025,27.95495740718121],[95.81920272096622,27.971304849615667],[95.81990275406172,27.971304849615667],[95.84790407788188,27.969644562493418],[95.97166992916702,27.962492556428344],[95.9692898166423,27.959938268547962],[95.95458912163672,27.944101683689585],[95.94898885687269,27.938099107170682],[95.9527690355884,27.920474520796038],[95.95262902896931,27.92034680640202],[95.95262902896931,27.920219092008],[95.92980795005587,27.902849934421393],[95.93764832072551,27.898252216236706],[95.91538726828848,27.889439923049384],[95.92504772500644,27.881777059408233],[95.91552727490759,27.88382048971254],[95.87100517003353,27.83350101846899],[95.87030513693801,27.832734732104875],[95.83768359468752,27.82417786770559],[95.83796360792573,27.81038471315152],[95.83754358806843,27.810256998757502],[95.83754358806843,27.809873855575443],[95.81290242310668,27.79837956011372],[95.77594067566406,27.753679522207012],[95.77916082790337,27.73503322068021],[95.77930083452247,27.733756076740022],[95.77454060947305,27.732095789617773]]]}},{"type":"Feature","properties":{"district":"Dhemaji","dt_code":"308","st_nm":"Assam","st_code":"18","year":"2011_c"},"geometry":{"type":"Polygon","coordinates":[[[95.5149683376601,27.879861343497947],[95.5146883244219,27.879605914709906],[95.5152483508983,27.85929932606086],[95.49326731169947,27.858149896514686],[95.46694606730851,27.81804757679267],[95.40506314166595,27.76951610706539],[95.39162250623227,27.726731785068967],[95.3466803815009,27.701188906265134],[95.2791971910943,27.690077753985467],[95.27373693294936,27.689183753227333],[95.26981674761454,27.681265460798144],[95.27023676747184,27.68088231761609],[95.2465756488438,27.656616582752445],[95.20485367635175,27.658149155480675],[95.18889292177425,27.676412313825416],[95.1961732659675,27.703615479751498],[95.1964532792057,27.704381766115613],[95.19589325272929,27.704254051721595],[95.11790956589013,27.685735464588817],[95.09298838769018,27.660320300179002],[95.03614570033525,27.668494021396228],[95.01682478689933,27.656361153964408],[94.99652382712972,27.65917087063283],[94.95592190759047,27.614087689544064],[94.8944590018052,27.578838516794775],[94.7932342161953,27.482669578098346],[94.77111317037736,27.48241414931031],[94.74633199879652,27.43758639700958],[94.73177131041004,27.443078115952403],[94.71889070145276,27.427369245488048],[94.6932694901573,27.421622097757187],[94.6908893776326,27.39339721667895],[94.66470813986074,27.377049774244497],[94.66638821928994,27.352528610592817],[94.63852690208888,27.33809688406865],[94.63824688885069,27.32136629845214],[94.62200612103499,27.332988308307886],[94.626206319608,27.337458312098555],[94.62900645199002,27.338735456038748],[94.62858643213272,27.340012599978937],[94.62046604822487,27.362618047720332],[94.5931647575002,27.358403472717697],[94.5923247177856,27.377688346214594],[94.53688209662167,27.34767546362009],[94.51308097137454,27.34920803634832],[94.49824026974984,27.329923162851426],[94.46043848259262,27.33222202194377],[94.44321766844322,27.309105716626302],[94.44167759563311,27.310127431778454],[94.42683689400842,27.337841455280614],[94.4061159143815,27.33081716360956],[94.3900151531849,27.35061289468253],[94.3394727636895,27.33681974012846],[94.33359248568726,27.3277520181531],[94.31147143986934,27.318939724965777],[94.30979136044013,27.318939724965777],[94.29901085076936,27.35035746589449],[94.24706839508295,27.39186464395072],[94.26484923570875,27.39965522198589],[94.26848940780538,27.39786722046962],[94.2903304403851,27.383307779551437],[94.29299056614802,27.3857343530378],[94.305451155248,27.396973219711487],[94.3071312346772,27.434904394735177],[94.3071312346772,27.43592610988733],[94.27772984466603,27.46657756445193],[94.26988947399639,27.51255474629883],[94.26932944751998,27.51561989175529],[94.26834940118627,27.51549217736127],[94.26582928204246,27.52021760993998],[94.25812891799191,27.5350324796462],[94.25868894446832,27.555594497083288],[94.22480734264592,27.574240798610084],[94.22662742869423,27.59786796150363],[94.20982663440213,27.603998252416552],[94.21248676016504,27.606807969084972],[94.22354728307401,27.618302264546696],[94.2375479449841,27.632733991070864],[94.24636836198745,27.634011135011054],[94.2563088319436,27.635288278951247],[94.26162908346944,27.635926850921344],[94.26484923570875,27.630818275160575],[94.26652931513797,27.628263987280192],[94.26708934161437,27.627497700916077],[94.25756889151552,27.61779140697062],[94.25448874589529,27.614215403938083],[94.27758983804694,27.589694240286406],[94.29817081105475,27.602082536506263],[94.36271386246024,27.57487937058018],[94.36453394850855,27.574623941792144],[94.43159711905784,27.600422249384014],[94.43173712567695,27.600294534989995],[94.43187713229605,27.600294534989995],[94.46169854216453,27.55546678268927],[94.47765929674202,27.576284228914393],[94.49894030284534,27.5723250826998],[94.54444245405313,27.60118853574813],[94.57398385068339,27.60387053802253],[94.58742448611707,27.618557693334736],[94.63306664394395,27.624304841065598],[94.66260804057423,27.64537771607876],[94.68262898710564,27.646016288048855],[94.68780923201237,27.66530116154575],[94.7089502314966,27.656616582752445],[94.7250509926932,27.669132593366324],[94.75417236946618,27.66070344336106],[94.7936542360526,27.695314044140254],[94.84083646668958,27.700678048689056],[94.85231700945585,27.72775350022112],[94.9618021855927,27.76147010024218],[95.13625043299234,27.815748717700323],[95.20891386830567,27.83784330786564],[95.24895576136852,27.85010388969148],[95.30873858772458,27.868111619248182],[95.37944193037049,27.83924816619985],[95.5149683376601,27.879861343497947]]]}},{"type":"Feature","properties":{"district":"Changlang","dt_code":"253","st_nm":"Arunachal Pradesh","st_code":"12","year":"2011_c"},"geometry":{"type":"Polygon","coordinates":[[[96.69984435511046,27.66057572896704],[96.7054446198745,27.650741720627565],[96.71734518249806,27.648953719111297],[96.76480742637324,27.617152835000525],[96.76564746608784,27.618302264546696],[96.78258826699906,27.64256799941034],[96.84881139783374,27.62404941227756],[96.86127198693372,27.631073703948612],[96.89655365494713,27.616003405454354],[96.89025335708759,27.579349374370853],[96.9083142109516,27.579349374370853],[96.9066341315224,27.5443556304096],[96.93533548843806,27.508340171296197],[96.91041431023811,27.48662872431294],[96.90341397928307,27.45278440989786],[96.93239534943694,27.431328391702642],[96.93477546196166,27.415364092450247],[96.96235676592451,27.401570937896174],[96.96207675268631,27.372962913635885],[96.99021808312558,27.344099460587554],[96.99847847365254,27.318812010571758],[97.02815987690191,27.308467144656206],[97.05490114115017,27.265427393871747],[97.08822271649618,27.23886279991576],[97.09046282240178,27.213575349899966],[97.16354627757242,27.142183003643254],[97.161586184905,27.123281273328416],[97.13820507951516,27.091480389217647],[97.10040329235794,27.108977261198273],[97.09676312026131,27.09671667937243],[97.06344154491532,27.091735818005684],[97.03053998942663,27.131327280151623],[96.9928782088885,27.140267287732968],[96.98419779850425,27.154315871075074],[96.90131387999656,27.16861988320522],[96.8598719207427,27.189820472612404],[96.85469167583598,27.210765633231546],[96.88563313865725,27.22698536127198],[96.88493310556176,27.25929710295883],[96.84685130516633,27.271685399178686],[96.84811136473824,27.290331700705483],[96.79672893552824,27.345759747709803],[96.70418456030258,27.37219662727177],[96.69774425582395,27.357764900747604],[96.6056199004556,27.36581090757081],[96.59119921868822,27.347930892408126],[96.59609945035675,27.33362688027798],[96.55087731238717,27.31830115299568],[96.5235760216625,27.28624484009687],[96.50761526708501,27.299016279498787],[96.45777291068512,27.306679143139938],[96.38622952832459,27.28471226736864],[96.30614574219891,27.29416313252606],[96.27422423304392,27.28343512342845],[96.2714241006619,27.27142997039065],[96.22858207521705,27.27883740524376],[96.18532002991489,27.249207665831314],[96.15507860018911,27.2484413794672],[96.08997552230723,27.22328164384542],[96.02235232528152,27.17973103548489],[96.01017174941975,27.142310718037272],[95.96746973059399,27.0985046808887],[95.94576870463337,27.05137806949563],[95.90404673214132,27.039117487669788],[95.87016513031892,27.01306375128988],[95.83096327697068,27.007444317953038],[95.802261920055,27.015107181594185],[95.75521969603713,26.953931986859008],[95.75983991446746,26.93669054366642],[95.74793935184388,26.92609024896283],[95.74499921284277,26.896205080762343],[95.7165778691653,26.87883592317574],[95.67919610186539,26.895949651974306],[95.68451635339122,26.903612515615457],[95.69403680349006,26.917661098957563],[95.68101618791368,26.98496658460566],[95.64279438089916,26.990713732336527],[95.63103382489469,27.01114803537959],[95.62893372560818,27.02685690584395],[95.6497947118542,27.06325550813941],[95.63901420218343,27.10003725361693],[95.66365536714518,27.125196989238706],[95.66771555909911,27.1718127430557],[95.64055427499355,27.1931410468569],[95.6338339572767,27.230433649910495],[95.68143620777099,27.251889668105715],[95.72007803464282,27.24959080901337],[95.74205907384166,27.26670453781194],[95.77944084114158,27.26989739766242],[95.800861853864,27.284329124186584],[95.80506205243702,27.273090257512898],[95.85924461402905,27.287266555249023],[95.85630447502794,27.27117454160261],[95.89228617613685,27.255337956744235],[95.90418673876042,27.27398425827103],[95.89718640780538,27.282285693882276],[95.95990937316255,27.311021432536588],[95.95500914149402,27.317790295419606],[95.97545010788275,27.32455915830262],[95.96522962468838,27.328007446941136],[95.98917075655463,27.35661547120143],[96.01521198770737,27.368365195451194],[95.98315047193329,27.411915803811727],[95.9701298563569,27.414980949268188],[95.9692898166423,27.428007817458145],[95.95458912163672,27.419706381846897],[95.94114848620303,27.43733096822154],[95.90782691085704,27.4343935371591],[95.88556585842001,27.398250363651677],[95.88318574589529,27.435415252311255],[95.85700450812344,27.419961810634934],[95.86008465374366,27.408084371991155],[95.84440391240436,27.421622097757187],[95.85322432940771,27.456998984900494],[95.87058515017623,27.46670527884595],[95.87422532227284,27.493397587195954],[95.88682591799191,27.49722901901653],[95.87576539508295,27.51255474629883],[95.87422532227284,27.544227916015583],[95.87422532227284,27.54448334480362],[95.87408531565373,27.546909918289984],[96.00177135227369,27.55674392662946],[96.06141417201066,27.606424825902916],[96.12567721017794,27.619707122880907],[96.13267754113298,27.606424825902916],[96.22480189650133,27.568238222091185],[96.29396516633713,27.558659642539748],[96.30740580177081,27.566961078150992],[96.31160600034384,27.569898509213434],[96.3726488862718,27.644994572896703],[96.38370940918077,27.638864281983782],[96.39406989899423,27.64882600471728],[96.43971205682111,27.652529722143832],[96.45231265254019,27.641163141076127],[96.48017396974124,27.646144002442874],[96.51909580985128,27.636693137285455],[96.58195878182755,27.65610572517637],[96.6407615618499,27.628008558492155],[96.68220352110376,27.654828581236178],[96.69984435511046,27.66057572896704]]]}},{"type":"Feature","properties":{"district":"Dibrugarh","dt_code":"310","st_nm":"Assam","st_code":"18","year":"2011_c"},"geometry":{"type":"Polygon","coordinates":[[[95.27023676747184,27.68088231761609],[95.27471697928307,27.676795457007476],[95.27905718447519,27.67283631079288],[95.31839904444253,27.58739538119406],[95.30019818395942,27.584713378919655],[95.28479745585832,27.56759965012109],[95.27331691309206,27.574240798610084],[95.28269735657182,27.547293061472043],[95.26533653580331,27.544100201621564],[95.26659659537522,27.50936188644835],[95.2290748214562,27.49876159174476],[95.21997439121463,27.44358897352848],[95.25175589375053,27.434138108371062],[95.2481157216539,27.404508368958616],[95.29543795890999,27.415108663662206],[95.30929861420097,27.3890549272823],[95.34836046093011,27.393780359861008],[95.3626411360784,27.382541493187322],[95.39008243342215,27.390970643192585],[95.41136343952549,27.38701149697799],[95.43936476334565,27.364150620448562],[95.45406545835124,27.37487862954617],[95.47380639164446,27.366960337116982],[95.46568600773661,27.342566887859324],[95.4483251869681,27.33528716740023],[95.46750609378492,27.31676858026745],[95.48066671598039,27.320855440876066],[95.44594507444339,27.294418561314096],[95.46050576282988,27.270408255238493],[95.44076482953666,27.260446532505],[95.44202488910857,27.256615100684424],[95.45112531935013,27.23119993627461],[95.46666605407032,27.26248996280931],[95.48416688145792,27.241289373402125],[95.46876615335682,27.22098278475308],[95.45868567678156,27.207572773381067],[95.46652604745121,27.181774465789196],[95.45322541863663,27.157381016531534],[95.46218584225909,27.149718152890383],[95.45560553116135,27.1351587119722],[95.45322541863663,27.129539278635356],[95.4488852134445,27.13234899530378],[95.44104484277486,27.12902842105928],[95.43950476996474,27.12596327560282],[95.43390450520072,27.12596327560282],[95.3973627776154,27.110637548320522],[95.3788819038941,27.0985046808887],[95.37636178475027,27.09684439376645],[95.37132154646264,27.093523819521952],[95.36922144717613,27.105145829377697],[95.36838140746153,27.109871261956407],[95.35830093088626,27.16593788093082],[95.35620083159975,27.168236740023165],[95.33715993140204,27.1838178960935],[95.32791949454139,27.186244469579865],[95.31405883925041,27.183562467305464],[95.28633752866844,27.19633390670738],[95.28395741614372,27.19748333625355],[95.26953673437635,27.19007590140044],[95.25763617175276,27.18407332488154],[95.25455602613255,27.1931410468569],[95.23705519874494,27.18969275821838],[95.23691519212585,27.18969275821838],[95.23761522522135,27.169897027145414],[95.23761522522135,27.169769312751395],[95.21983438459554,27.165043880172686],[95.2111539742113,27.174239316542064],[95.2128340536405,27.16593788093082],[95.1949132063956,27.15508215743919],[95.19477319977649,27.15508215743919],[95.18357267024842,27.163000449868377],[95.1799324981518,27.141927574855217],[95.17041204805295,27.144865005917655],[95.16201165090689,27.12775127711909],[95.15431128685636,27.136180427124355],[95.15319123390354,27.124175274086554],[95.13597041975414,27.13860700061072],[95.12392985051147,27.130177850605453],[95.11622948646092,27.136052712730333],[95.11510943350812,27.127112705148992],[95.1127293209834,27.136308141518374],[95.06512707048913,27.13554185515426],[95.04888630267342,27.15533758622723],[94.9783229666466,27.147930151374116],[94.98448325788704,27.168492168811202],[94.96852250330954,27.224431073391596],[94.89137885618499,27.162234163504262],[94.83719629459296,27.097355251342528],[94.83551621516375,27.09211896118774],[94.83313610263903,27.0925021043698],[94.83201604968623,27.091224960429606],[94.80835493105819,27.09671667937243],[94.81759536791884,27.114596694535116],[94.7606126739448,27.129794707423397],[94.75347233637066,27.140395002126986],[94.77867352780882,27.171174171085603],[94.76845304461446,27.184839611245653],[94.78105364033352,27.19952676655786],[94.76607293208974,27.220344212782983],[94.76999311742456,27.23784108476361],[94.74129176050889,27.247164235527006],[94.74997217089314,27.26823711054017],[94.73737157517407,27.274622830241128],[94.71791065511906,27.2631285347794],[94.72057078088197,27.245503948404757],[94.69480956296741,27.272068542360742],[94.67828878191352,27.24320508931241],[94.6418870609473,27.24665337795093],[94.59344477073842,27.146397578645885],[94.59302475088111,27.14563129228177],[94.59302475088111,27.14563129228177],[94.59302475088111,27.14563129228177],[94.56376336748903,27.18126360821312],[94.57062369182498,27.184584182457616],[94.5745438771598,27.19173618852269],[94.58658444640247,27.267343109782036],[94.61374573050803,27.306423714351897],[94.60660539293389,27.328646018911233],[94.626206319608,27.337458312098555],[94.62200612103499,27.332988308307886],[94.63824688885069,27.32136629845214],[94.63852690208888,27.33809688406865],[94.66638821928994,27.352528610592817],[94.66470813986074,27.377049774244497],[94.6908893776326,27.39339721667895],[94.6932694901573,27.421622097757187],[94.71889070145276,27.427369245488048],[94.73177131041004,27.443078115952403],[94.74633199879652,27.43758639700958],[94.77111317037736,27.48241414931031],[94.7932342161953,27.482669578098346],[94.8944590018052,27.578838516794775],[94.95592190759047,27.614087689544064],[94.99652382712972,27.65917087063283],[95.01682478689933,27.656361153964408],[95.03614570033525,27.668494021396228],[95.09298838769018,27.660320300179002],[95.11790956589013,27.685735464588817],[95.19589325272929,27.704254051721595],[95.1964532792057,27.704381766115613],[95.1961732659675,27.703615479751498],[95.18889292177425,27.676412313825416],[95.20485367635175,27.658149155480675],[95.2465756488438,27.656616582752445],[95.27023676747184,27.68088231761609]]]}},{"type":"Feature","properties":{"district":"Tawang","dt_code":"245","st_nm":"Arunachal Pradesh","st_code":"12","year":"2011_c"},"geometry":{"type":"Polygon","coordinates":[[[92.01382281380555,27.489949298557438],[91.98050123845955,27.464534134147623],[91.94073935863491,27.460319559144992],[91.85071510255308,27.482286434916286],[91.82999412292615,27.468748709150255],[91.72176900636121,27.470153567484466],[91.71238856288146,27.49109872810361],[91.69194759649272,27.502593023565336],[91.65498584905012,27.482797292492364],[91.62236430679962,27.513193318268925],[91.61116377727156,27.541545913741178],[91.59632307564686,27.539374769042855],[91.56412155325367,27.584074806949562],[91.57826222178286,27.608212827419184],[91.55992135468065,27.633372563040957],[91.59856318155248,27.69250432747183],[91.62600447889625,27.705914338843844],[91.64182522685464,27.765173817668735],[91.63048469070746,27.800806133600084],[91.6012233073154,27.820857293461092],[91.56790173196939,27.815365574518268],[91.54648071924697,27.855595608634303],[91.66436629252988,27.858277610908708],[91.71182853640505,27.81332214421396],[91.76041083323304,27.80118927678214],[91.82635395082953,27.810256998757502],[91.86247565855754,27.736821222196482],[91.88067651904066,27.721623209308202],[91.91035792229003,27.72609321309887],[91.9207184121035,27.714854346425184],[91.94703965649445,27.728519786585235],[91.95754015292701,27.750486662356533],[91.98582148998538,27.769771535853426],[92.05722486572681,27.758915812361796],[92.15802963147941,27.83669387831947],[92.20213171649617,27.856745038180478],[92.2570143111837,27.861853613941243],[92.30895676687011,27.778839257828785],[92.38134018894525,27.794548128293144],[92.38456034118455,27.81511014573023],[92.4083614664317,27.821623579825207],[92.44532321387432,27.800295276024006],[92.46856431264506,27.81472700254817],[92.46156398169002,27.784841834347688],[92.46100395521361,27.782032117679265],[92.4600239088799,27.78164897449721],[92.41284167824293,27.755722952511316],[92.41340170471933,27.708979484300304],[92.3933807581879,27.672708596398863],[92.34297837531162,27.67258088200484],[92.26989492014097,27.648570575929238],[92.24483373532192,27.650997149415602],[92.22229266964669,27.62724227212804],[92.2224326762658,27.602976537264396],[92.20941206068942,27.580371089523005],[92.15214935347717,27.577433658460563],[92.11224746703344,27.525198471306727],[92.04910448181896,27.51664160690744],[92.01368280718646,27.491481871285668],[92.01382281380555,27.489949298557438]]]}},{"type":"Feature","properties":{"district":"Papum Pare","dt_code":"248","st_nm":"Arunachal Pradesh","st_code":"12","year":"2011_c"},"geometry":{"type":"Polygon","coordinates":[[[93.94185396544313,27.51127760235864],[94.04517885033954,27.499272449320838],[94.06855995572938,27.48241414931031],[94.10608172964841,27.493397587195954],[94.15046382790337,27.530562475855533],[94.19092574082352,27.535926480404335],[94.20548642921,27.53120104782563],[94.21976710435828,27.50489188265768],[94.15662411914381,27.475006714457194],[94.15928424490673,27.461724417479203],[94.08956094859451,27.407190371233018],[94.05973953872603,27.361596332568176],[93.99113629536663,27.328390590123195],[93.80590753829622,27.14882415213225],[93.80534751181982,27.137202142276507],[93.79764714776927,27.136435855912392],[93.82494843849393,27.116512410445402],[93.83768904083212,27.085477812698745],[93.82914863706696,27.066959225565967],[93.81066776334565,27.067597797536063],[93.80324741253331,27.058146932378644],[93.79372696243445,27.07245094450879],[93.80016726691309,27.057891503590607],[93.7836464858592,27.05150578388965],[93.78112636671537,27.065554367231755],[93.77818622771426,27.049079210403285],[93.77076587690192,27.06210607859324],[93.76740571804349,27.039500630851848],[93.72330363302673,27.020854329325047],[93.69768242173127,26.994289735369062],[93.69768242173127,26.994289735369062],[93.67654142224706,26.97909172248078],[93.66492087286169,26.96861914217121],[93.66142070738417,26.967980570201114],[93.47395184440815,26.937201401242497],[93.47059168554972,26.93669054366642],[93.46933162597782,26.937584544424553],[93.44875065296999,26.950866841402547],[93.3984882767128,26.957380275497524],[93.39106792590044,26.958274276255658],[93.38756776042294,26.967341998231017],[93.380707436087,26.984838870211643],[93.33996550992865,26.992629448246813],[93.33996550992865,26.99288487703485],[93.34234562245337,27.036690914183424],[93.31252421258489,27.079347521785824],[93.29306329252987,27.077942663451616],[93.27192229304563,27.103613256649467],[93.21213946668959,27.117534125597555],[93.21213946668959,27.117661839991573],[93.21437957259519,27.137968428640622],[93.31168417287029,27.172834458207852],[93.27402239233216,27.210893347625564],[93.22558010212327,27.20093162489207],[93.21955981750193,27.199654480951878],[93.22109989031205,27.211787348383698],[93.22404002931316,27.23477593930715],[93.22404002931316,27.235031368095186],[93.22404002931316,27.235031368095186],[93.23384049265022,27.238096513551646],[93.22572010874237,27.251889668105715],[93.29418334548268,27.28982084312941],[93.28830306748044,27.32762430375908],[93.30314376910513,27.341162029525112],[93.31966455015902,27.347930892408126],[93.33002503997248,27.354572040897125],[93.37384711175105,27.37015319696746],[93.37034694627353,27.41472552048015],[93.37006693303533,27.414980949268188],[93.33002503997248,27.44243954398231],[93.31476431849049,27.441290114436136],[93.32736491420957,27.460702702327048],[93.32078460311183,27.487011867494996],[93.29418334548268,27.52136703948615],[93.33058506644889,27.556360783447403],[93.30020363010401,27.578838516794775],[93.28214277624001,27.577178229672526],[93.28410286890741,27.588033953164157],[93.27178228642654,27.59493053044119],[93.22824022788618,27.60259339408234],[93.22908026760078,27.603487394840474],[93.29124320648155,27.6576382979046],[93.32932500687699,27.669643450942402],[93.51469377056648,27.650230863051487],[93.54311511424396,27.621750553185215],[93.54493520029227,27.619707122880907],[93.56243602767987,27.601954822112244],[93.61773864222471,27.53222276297778],[93.60737815241124,27.493653015983995],[93.5678962858248,27.471941569000734],[93.55725578277314,27.437969540191638],[93.57853678887648,27.43477668034116],[93.6002378148371,27.36759890908708],[93.61297841717527,27.357254043171526],[93.63103927103928,27.360319188627987],[93.6659009191954,27.336181168158365],[93.74066445379523,27.352784039380854],[93.7846265321929,27.350485180288512],[93.80646756477262,27.371174912119614],[93.82690853116135,27.35814804392966],[93.8355889415456,27.363512048478466],[93.82732855101865,27.424814957607666],[93.84986961669388,27.440268399283983],[93.8525297424568,27.4650449917237],[93.88879145680392,27.49122644249763],[93.94185396544313,27.51127760235864]]]}},{"type":"Feature","properties":{"district":"Lakhimpur","dt_code":"307","st_nm":"Assam","st_code":"18","year":"2011_c"},"geometry":{"type":"Polygon","coordinates":[[[94.26582928204246,27.52021760993998],[94.26834940118627,27.51549217736127],[94.26932944751998,27.51561989175529],[94.26988947399639,27.51255474629883],[94.27772984466603,27.46657756445193],[94.3071312346772,27.43592610988733],[94.3071312346772,27.434904394735177],[94.305451155248,27.396973219711487],[94.29299056614802,27.3857343530378],[94.2903304403851,27.383307779551437],[94.26848940780538,27.39786722046962],[94.26484923570875,27.39965522198589],[94.24706839508295,27.39186464395072],[94.29901085076936,27.35035746589449],[94.30979136044013,27.318939724965777],[94.31147143986934,27.318939724965777],[94.33359248568726,27.3277520181531],[94.3394727636895,27.33681974012846],[94.3900151531849,27.35061289468253],[94.4061159143815,27.33081716360956],[94.42683689400842,27.337841455280614],[94.44167759563311,27.310127431778454],[94.44321766844322,27.309105716626302],[94.46043848259262,27.33222202194377],[94.49824026974984,27.329923162851426],[94.51308097137454,27.34920803634832],[94.53688209662167,27.34767546362009],[94.5923247177856,27.377688346214594],[94.5931647575002,27.358403472717697],[94.62046604822487,27.362618047720332],[94.62858643213272,27.340012599978937],[94.62900645199002,27.338735456038748],[94.626206319608,27.337458312098555],[94.60660539293389,27.328646018911233],[94.61374573050803,27.306423714351897],[94.58658444640247,27.267343109782036],[94.5745438771598,27.19173618852269],[94.57062369182498,27.184584182457616],[94.56376336748903,27.18126360821312],[94.53058179876214,27.164533022596608],[94.52652160680822,27.162106449110244],[94.53324192452506,27.147802436980097],[94.51070085884982,27.142183003643254],[94.50706068675319,27.12149327181215],[94.47947938279033,27.138862429398756],[94.46799884002407,27.11370269377698],[94.43397723158256,27.118938983931766],[94.41871651010058,27.093012961945877],[94.36971419341528,27.09876010967674],[94.3394727636895,27.08202952406023],[94.3228119760165,27.08790438618511],[94.31217147296483,27.07104608617458],[94.27884989761884,27.095056392250182],[94.2547687591335,27.088287529367168],[94.23432779274478,27.071684658144676],[94.22382729631221,27.031837767210696],[94.18756558196509,27.035286055849213],[94.1889656481561,27.004506886890596],[94.18574549591679,27.003485171738443],[94.13394304684948,26.988287158850163],[94.13436306670678,26.969002285353266],[94.08298063749677,26.960317706559966],[94.08004049849566,26.959934563377907],[94.06001955196423,26.98279543990734],[94.05973953872603,26.98266772551332],[94.02585793690363,26.957507989891543],[94.02431786409352,26.955847702769294],[94.02403785085532,26.951122270190584],[94.02291779790252,26.932475968663788],[94.02291779790252,26.93183739669369],[94.02179774494971,26.93234825426977],[93.99659655351155,26.942309977003262],[93.97559556064644,26.92417453305254],[93.97363546797902,26.922641960324313],[93.96299496492736,26.924302247446562],[93.96229493183185,26.926856535326944],[93.93765376687011,26.93030482396546],[93.93247352196337,26.92928310881331],[93.92505317115103,26.927750536085078],[93.9204329527207,26.926728820932926],[93.918052840196,26.91076452168053],[93.91693278724318,26.908210233800144],[93.89201160904324,26.892629077729808],[93.89201160904324,26.89237364894177],[93.89117156932863,26.86478733983363],[93.8355889415456,26.85099418527956],[93.8351689216883,26.85099418527956],[93.82382838554113,26.82519587768769],[93.79792716100748,26.82353559056544],[93.76992583718732,26.84473617997262],[93.78910674400413,26.859295620890805],[93.78882673076592,26.86031733604296],[93.78224641966818,26.881007067874062],[93.78056634023898,26.88573250045277],[93.73954440084242,26.898503939854688],[93.74906485094128,26.91395738153101],[93.74388460603456,26.95801884746762],[93.69782242835038,26.994162020975043],[93.69768242173127,26.994289735369062],[93.69768242173127,26.994289735369062],[93.72330363302673,27.020854329325047],[93.76740571804349,27.039500630851848],[93.77076587690192,27.06210607859324],[93.77818622771426,27.049079210403285],[93.78112636671537,27.065554367231755],[93.7836464858592,27.05150578388965],[93.80016726691309,27.057891503590607],[93.79372696243445,27.07245094450879],[93.80324741253331,27.058146932378644],[93.81066776334565,27.067597797536063],[93.82914863706696,27.066959225565967],[93.83768904083212,27.085477812698745],[93.82494843849393,27.116512410445402],[93.79764714776927,27.136435855912392],[93.80534751181982,27.137202142276507],[93.80590753829622,27.14882415213225],[93.99113629536663,27.328390590123195],[94.05973953872603,27.361596332568176],[94.08956094859451,27.407190371233018],[94.15928424490673,27.461724417479203],[94.15662411914381,27.475006714457194],[94.21976710435828,27.50489188265768],[94.23208768683917,27.508978743266294],[94.24132812369982,27.513065603874907],[94.24580833551104,27.513448747056962],[94.26582928204246,27.52021760993998]]]}},{"type":"Feature","properties":{"district":"Tirap","dt_code":"254","st_nm":"Arunachal Pradesh","st_code":"12","year":"2011_c"},"geometry":{"type":"Polygon","coordinates":[[[95.48416688145792,27.241289373402125],[95.49116721241296,27.243971375676526],[95.50376780813204,27.248569093861217],[95.50866803980057,27.26197910523323],[95.53484927757242,27.264405678719594],[95.57937138244648,27.2357976544593],[95.59687220983409,27.224558787785615],[95.59925232235881,27.223026215057384],[95.60891277907676,27.2264745036959],[95.6338339572767,27.230433649910495],[95.64055427499355,27.1931410468569],[95.66771555909911,27.1718127430557],[95.66365536714518,27.125196989238706],[95.63901420218343,27.10003725361693],[95.6497947118542,27.06325550813941],[95.62893372560818,27.02685690584395],[95.63103382489469,27.01114803537959],[95.64279438089916,26.990713732336527],[95.68101618791368,26.98496658460566],[95.69403680349006,26.917661098957563],[95.68451635339122,26.903612515615457],[95.6671555326227,26.90284622925134],[95.6315938513711,26.87372734741497],[95.62655361308347,26.842820464062335],[95.60807273936216,26.81319072464989],[95.56957091910942,26.816383584500368],[95.54310966809936,26.83541302920922],[95.50558789418034,26.799652998883857],[95.49648746393879,26.817788442834576],[95.50488786108484,26.876664778477412],[95.44048481629846,26.867213913319993],[95.39470265185248,26.901058227735074],[95.37902191051319,26.912680237590816],[95.36810139422333,26.935541114120248],[95.37720182446488,27.008849176287246],[95.36026102355368,27.03273176796883],[95.38882237385025,27.04473692100663],[95.38700228780193,27.084328383152574],[95.37454169870196,27.092757533157837],[95.37706181784577,27.095950393008316],[95.37636178475027,27.09684439376645],[95.3788819038941,27.0985046808887],[95.3973627776154,27.110637548320522],[95.43390450520072,27.12596327560282],[95.43950476996474,27.12596327560282],[95.44104484277486,27.12902842105928],[95.4488852134445,27.13234899530378],[95.45322541863663,27.129539278635356],[95.45560553116135,27.1351587119722],[95.46218584225909,27.149718152890383],[95.45322541863663,27.157381016531534],[95.46652604745121,27.181774465789196],[95.45868567678156,27.207572773381067],[95.46876615335682,27.22098278475308],[95.48416688145792,27.241289373402125]]]}},{"type":"Feature","properties":{"district":"Sivasagar","dt_code":"311","st_nm":"Assam","st_code":"18","year":"2011_c"},"geometry":{"type":"Polygon","coordinates":[[[94.59302475088111,27.14563129228177],[94.59302475088111,27.14563129228177],[94.59302475088111,27.14563129228177],[94.59344477073842,27.146397578645885],[94.6418870609473,27.24665337795093],[94.67828878191352,27.24320508931241],[94.69480956296741,27.272068542360742],[94.72057078088197,27.245503948404757],[94.71791065511906,27.2631285347794],[94.73737157517407,27.274622830241128],[94.74997217089314,27.26823711054017],[94.74129176050889,27.247164235527006],[94.76999311742456,27.23784108476361],[94.76607293208974,27.220344212782983],[94.78105364033352,27.19952676655786],[94.76845304461446,27.184839611245653],[94.77867352780882,27.171174171085603],[94.75347233637066,27.140395002126986],[94.7606126739448,27.129794707423397],[94.81759536791884,27.114596694535116],[94.80835493105819,27.09671667937243],[94.83201604968623,27.091224960429606],[94.83313610263903,27.0925021043698],[94.83551621516375,27.09211896118774],[94.83677627473566,27.091863532399703],[94.82487571211209,27.057125217226492],[94.82991595039972,27.01638432553438],[94.80597481853349,26.997738024007578],[94.80947498401099,26.99160773309466],[94.78707392495487,26.996844023249444],[94.73373140307746,26.932603683057806],[94.75669248860999,26.922641960324313],[94.84811681088283,26.92928310881331],[94.9097197232872,26.969513142929344],[94.90061929304564,26.983689440665472],[94.9266605241984,26.99326802021691],[94.93898110667926,26.987265443698007],[94.94178123906129,26.959423705801832],[94.92400039843548,26.948567982310202],[94.90579953795238,26.937456830030534],[94.88927875689848,26.92902768002527],[94.88255843918164,26.923152817900387],[94.87121790303446,26.913318809560913],[94.86589765150863,26.90884880577024],[94.85007690355025,26.874621348173104],[94.81759536791884,26.84780132542908],[94.81745536129975,26.847673611035063],[94.81437521567953,26.819576444350847],[94.79533431548181,26.81421243980204],[94.79491429562451,26.814084725408023],[94.80261465967506,26.801441000400125],[94.78875400438407,26.79748185418553],[94.79085410367058,26.796970996609453],[94.77013312404367,26.789180418574286],[94.7582325614201,26.766064113256817],[94.74003170093698,26.77602583599031],[94.73625152222127,26.749588956428344],[94.73709156193587,26.76248811022428],[94.6922894438236,26.7319643700537],[94.62018603498667,26.71242406776877],[94.60954553193501,26.737072945814464],[94.6092655186968,26.736945231420446],[94.608145465744,26.736817517026427],[94.59694493621593,26.7346463723281],[94.59498484354852,26.729793225355372],[94.58602441992608,26.725195507170685],[94.58350430078225,26.72711122308097],[94.57272379111149,26.752270958702745],[94.55634301667669,26.75648553370538],[94.54962269895985,26.74869495567021],[94.51224093165993,26.77181126098768],[94.5242815009026,26.788797275392227],[94.51532107728015,26.794927566305148],[94.5258215737127,26.799780713277876],[94.50370052789478,26.826089878445824],[94.48577968064987,26.830815311024534],[94.49656019032064,26.86670305574392],[94.49264000498582,26.882156497420237],[94.4741591312645,26.89250136333579],[94.48199950193415,26.905145088343687],[94.4738791180263,26.935285685332207],[94.41787647038596,26.943203977761396],[94.4056958945242,26.932986826239862],[94.39743550399724,26.951249984584603],[94.39715549075905,26.950866841402547],[94.39533540471074,26.954698273223123],[94.39533540471074,26.95482598761714],[94.39561541794893,26.95495370201116],[94.46015846935441,26.995311450521214],[94.4754191908364,27.030943766452562],[94.50174043522736,27.039883774033903],[94.54430244743402,27.07692094829946],[94.59302475088111,27.14563129228177]]]}},{"type":"Feature","properties":{"district":"Jorhat","dt_code":"312","st_nm":"Assam","st_code":"18","year":"2011_c"},"geometry":{"type":"Polygon","coordinates":[[[94.39715549075905,26.950866841402547],[94.39743550399724,26.951249984584603],[94.4056958945242,26.932986826239862],[94.41787647038596,26.943203977761396],[94.4738791180263,26.935285685332207],[94.48199950193415,26.905145088343687],[94.4741591312645,26.89250136333579],[94.49264000498582,26.882156497420237],[94.49656019032064,26.86670305574392],[94.48577968064987,26.830815311024534],[94.50370052789478,26.826089878445824],[94.5258215737127,26.799780713277876],[94.51532107728015,26.794927566305148],[94.5242815009026,26.788797275392227],[94.51224093165993,26.77181126098768],[94.54962269895985,26.74869495567021],[94.55634301667669,26.75648553370538],[94.57272379111149,26.752270958702745],[94.58350430078225,26.72711122308097],[94.58602441992608,26.725195507170685],[94.5912046648328,26.72098093216805],[94.59498484354852,26.718043501105612],[94.60142514802716,26.712934925344843],[94.60296522083726,26.711657781404654],[94.59568487664403,26.714467498073073],[94.59344477073842,26.71497835564915],[94.59372478397661,26.697353769274507],[94.57720400292271,26.700802057913023],[94.56698351972835,26.683688329114457],[94.5592831556778,26.686498045782876],[94.56222329467893,26.705144347309677],[94.52064132880598,26.699269485184793],[94.51742117656666,26.682028041992208],[94.508180739706,26.685348616236706],[94.49264000498582,26.66593602834579],[94.46015846935441,26.66172145334316],[94.45301813178028,26.6526537313678],[94.46533871426115,26.633113429082865],[94.45119804573196,26.636434003327366],[94.40289576214218,26.610635695735493],[94.41325625195563,26.577302238896493],[94.40079566285567,26.534262488112034],[94.37601449127482,26.521874191892174],[94.37209430594,26.50616532142782],[94.34773315421646,26.50450503430557],[94.35277339250408,26.490201022175423],[94.35277339250408,26.490201022175423],[94.35249337926588,26.490073307781405],[94.32547210177941,26.482027300958197],[94.31651167815696,26.45840013806465],[94.31371154577495,26.460698997156996],[94.28963040728961,26.47985615625987],[94.28417014914467,26.56082708206802],[94.28249006971546,26.559549938127827],[94.24356822960543,26.518809046435717],[94.23656789865038,26.506293035821837],[94.18322537677297,26.45533499260819],[94.1716048273876,26.429919828198376],[94.1711848075303,26.371937493313677],[94.1710448009112,26.362869771338314],[94.16348444347975,26.351120047088553],[94.16124433757415,26.347671758450034],[94.1375832189461,26.34869347360219],[94.1217624709877,26.38509207589765],[94.11518215988997,26.420852106223016],[94.11490214665176,26.424683538043592],[94.12694271589443,26.45060956002948],[94.1035616105046,26.4627424274613],[94.09740131926415,26.48432616005054],[94.11644221946187,26.544862782815624],[94.10580171641021,26.549715929788352],[94.11476214003267,26.55495221994314],[94.10706177598212,26.569639375255342],[94.09740131926415,26.56823451692113],[94.09964142516978,26.576663666926397],[94.07808040582825,26.57436480783405],[94.08256061763947,26.584837388143622],[94.06883996896758,26.59428825330104],[94.08494073016419,26.607059692702958],[94.07752037935184,26.614594841950087],[94.09782133912145,26.641925722270187],[94.08242061102037,26.66159373894914],[94.05665939310582,26.66299859728335],[94.0538592607238,26.679090610929766],[94.04335876429124,26.681006326840052],[94.04867901581707,26.687902904117088],[94.03593841347889,26.709742065494364],[94.04405879738674,26.713190354132884],[94.04615889667325,26.738605518542695],[94.0047169374194,26.74435266627356],[93.99743659322615,26.766191827650836],[93.97237540840712,26.76823525795514],[93.97223540178801,26.77909098144677],[93.98749612327,26.7866261306939],[93.97335545474081,26.79607699585132],[93.98021577907676,26.810636436769503],[94.00835710951603,26.83426359966305],[94.00835710951603,26.83426359966305],[93.99967669913178,26.86670305574392],[93.99967669913178,26.86670305574392],[94.12848278870455,26.89237364894177],[94.19274582687183,26.91204166562072],[94.20912660130662,26.926473392144885],[94.25364870618068,26.908210233800144],[94.3047511221525,26.909487377740337],[94.31217147296483,26.87845277999368],[94.32141190982549,26.88036849590397],[94.36705406765236,26.913063380772876],[94.3727943390355,26.917916527745604],[94.37993467660964,26.92762282169106],[94.39715549075905,26.950866841402547]]]}},{"type":"Feature","properties":{"district":"Mon","dt_code":"261","st_nm":"Nagaland","st_code":"13","year":"2011_c"},"geometry":{"type":"Polygon","coordinates":[[[94.79085410367058,26.796970996609453],[94.78875400438407,26.79748185418553],[94.80261465967506,26.801441000400125],[94.79491429562451,26.814084725408023],[94.79533431548181,26.81421243980204],[94.81437521567953,26.819576444350847],[94.81745536129975,26.847673611035063],[94.81759536791884,26.84780132542908],[94.85007690355025,26.874621348173104],[94.86589765150863,26.90884880577024],[94.87121790303446,26.913318809560913],[94.88255843918164,26.923152817900387],[94.88927875689848,26.92902768002527],[94.90579953795238,26.937456830030534],[94.92400039843548,26.948567982310202],[94.93072071615232,26.932603683057806],[94.95872203997249,26.936818258060438],[94.9611021524972,26.937201401242497],[94.98252316521963,26.913063380772876],[95.01668478028023,26.921109387596083],[95.10166879807444,26.961850279288196],[95.1118892812688,26.98075200960303],[95.19337313358548,27.03579691342529],[95.19351314020459,27.03579691342529],[95.19351314020459,27.03579691342529],[95.19547323287199,27.035030627061175],[95.19155304753717,26.984838870211643],[95.21129398083039,26.966320283078865],[95.20205354396974,26.95801884746762],[95.20667376240007,26.941926833821206],[95.2300548677899,26.922641960324313],[95.23215496707641,26.90284622925134],[95.22809477512249,26.880751639086025],[95.20863385506748,26.882284211814255],[95.18091254448551,26.855975046646307],[95.20289358368434,26.84639646709487],[95.19729331892032,26.822641589807304],[95.20821383521017,26.795055280699167],[95.24167541717527,26.782794698873328],[95.24251545688988,26.782539270085287],[95.21647422573713,26.755591532947246],[95.21003392125849,26.72889922459724],[95.23285500017192,26.70578291927977],[95.23383504650562,26.68304975714436],[95.23397505312472,26.682411185174264],[95.20849384844837,26.64780058439507],[95.18105255110461,26.642947437422343],[95.14913104194963,26.6159997002843],[95.15431128685636,26.582793957839318],[95.13933057861256,26.55610164948931],[95.12532991670248,26.55776193661156],[95.10726906283847,26.541414494177108],[95.11412938717442,26.51829818885964],[95.0617669116307,26.449843273665365],[95.06610711682282,26.44154183805412],[95.08444798392503,26.447288985784983],[95.10404891059915,26.42059667743498],[95.09984871202613,26.39403208347899],[95.1291100954182,26.38496436150363],[95.12210976446316,26.347927187238074],[95.08192786478122,26.33771003571654],[95.06876724258575,26.337454606928503],[95.03740575990716,26.326471169042854],[95.00030400584544,26.29364856977993],[94.96698243049943,26.297224572812464],[94.94220125891859,26.306420009181846],[94.95438183478036,26.331068887227545],[94.95228173549384,26.352780334210802],[94.90999973652539,26.356356337243337],[94.91321988876471,26.380111214530903],[94.91279986890741,26.380111214530903],[94.91560000128943,26.403099805454353],[94.89795916728272,26.43898755017374],[94.90173934599845,26.459804996398862],[94.88913875027937,26.47564158125724],[94.89767915404452,26.505271320669685],[94.88241843256253,26.553675076002946],[94.8938989753288,26.560060795703905],[94.87947829356142,26.57717452450247],[94.89459900842431,26.604633119216594],[94.88339847889624,26.61574427149626],[94.85525714845697,26.610124838159418],[94.78735393819306,26.633496572264924],[94.78665390509757,26.633624286658943],[94.78749394481217,26.654952590460145],[94.77965357414251,26.65852859349268],[94.77951356752342,26.658656307886698],[94.79015407057508,26.688286047299144],[94.77993358738073,26.69824777003264],[94.80527478543797,26.68918004805728],[94.83411614897275,26.718426644287668],[94.80443474572337,26.749078098852266],[94.79799444124473,26.76082782310203],[94.80499477219978,26.767724400379066],[94.79463428238631,26.76823525795514],[94.7936542360526,26.768362972349163],[94.79687438829193,26.769256973107296],[94.81437521567953,26.776792122354426],[94.81409520244132,26.779984982204905],[94.80373471262786,26.79428899433505],[94.79883448095933,26.795310709487204],[94.79085410367058,26.796970996609453]]]}},{"type":"Feature","properties":{"district":"Sonitpur","dt_code":"306","st_nm":"Assam","st_code":"18","year":"2011_c"},"geometry":{"type":"Polygon","coordinates":[[[93.06163235115619,26.922131102748235],[93.06121233129889,26.87245020347478],[93.04329148405398,26.850738756491523],[93.0641524703,26.82225844662525],[93.05785217244046,26.803101287522374],[93.07451296011347,26.76823525795514],[93.06807265563484,26.746651525365902],[93.08725356245165,26.712296353374747],[93.08403341021233,26.701696058671157],[93.10377434350553,26.6953103389702],[93.12337527017965,26.659550308644835],[93.14423625642569,26.59454368208908],[93.1452163027594,26.59173396542066],[93.12687543565718,26.586114532083815],[93.09901411845611,26.57768538207855],[93.0966340059314,26.577046810108452],[93.09579396621679,26.57768538207855],[93.07115280125504,26.597864256333576],[93.0137500874237,26.59760882754554],[92.99316911441588,26.613573126797935],[92.95130713530473,26.62034198968095],[92.91700551362503,26.594926825271138],[92.84210197240608,26.584326530567544],[92.7946397285309,26.556995650247444],[92.77153863637926,26.555846220701273],[92.74899757070403,26.51191246915868],[92.74843754422763,26.510890754006528],[92.72883661755351,26.51778733128356],[92.72155627336026,26.53630591841634],[92.68865471787157,26.50999675324839],[92.66303350657611,26.522257335074233],[92.5758093828763,26.499651887332842],[92.52260686761798,26.508081037338105],[92.46744425969226,26.496203598694322],[92.44336312120691,26.517531902495524],[92.41900196948336,26.517021044919446],[92.41914197610247,26.51459447143308],[92.36887959984526,26.509741324460354],[92.3594991563655,26.505271320669685],[92.35165878569586,26.508081037338105],[92.34731858050374,26.50769789415605],[92.34073826940599,26.50246160400126],[92.33205785902175,26.51510532900916],[92.33177784578353,26.51510532900916],[92.33191785240264,26.515233043403178],[92.35417890483967,26.53477334568811],[92.38036014261154,26.52762133962304],[92.36089922255651,26.558655937369693],[92.36607946746325,26.566191086616826],[92.35221881217227,26.5700225184374],[92.35977916960371,26.583177101021374],[92.36075921593742,26.583049386627355],[92.36215928212843,26.58509281693166],[92.36047920269921,26.594671396483097],[92.35361887836328,26.603228260882382],[92.3585191100318,26.605527119974727],[92.37587993080031,26.613573126797935],[92.3757399241812,26.62940971165631],[92.39534085085532,26.626983138169948],[92.39912102957105,26.638349719237652],[92.39506083761712,26.642181151058228],[92.36299932184303,26.64320286621038],[92.36411937479583,26.698120055638622],[92.34451844812172,26.692756051089816],[92.35291884526777,26.686753474570917],[92.34885865331384,26.664148026829523],[92.33149783254534,26.66274316849531],[92.33247787887905,26.694416338212065],[92.34619852755092,26.704888918521636],[92.33177784578353,26.721874932926184],[92.3418583223588,26.72915465338528],[92.33191785240264,26.725195507170685],[92.33737811054758,26.733113799599874],[92.32351745525659,26.739116376118773],[92.3243574949712,26.73937180490681],[92.33415795830825,26.742053807181215],[92.32799766706782,26.756868676887436],[92.33639806421387,26.765808684468777],[92.32869770016333,26.77168354659366],[92.34031824954869,26.771172689017583],[92.32855769354423,26.810381007981466],[92.32785766044873,26.81267986707381],[92.32995775973524,26.82047044510898],[92.33653807083297,26.845502466336736],[92.34647854078914,26.88317821257239],[92.3562790041262,26.920598530020005],[92.3576790703172,26.925834820174792],[92.36019918946101,26.925834820174792],[92.39828098985643,26.924813105022636],[92.41200163852832,26.94282083457934],[92.4257222872002,26.94116054745709],[92.44742331316084,26.958912848225754],[92.56292877391903,26.957891133073602],[92.56992910487406,26.95955142019585],[92.59807043531333,26.966192568684846],[92.60073056107625,26.966831140654943],[92.6446926394739,26.986754586121933],[92.65673320871657,27.008210604317153],[92.6606533940514,27.01268060810782],[92.67241395005587,27.031710052816678],[92.6764741420098,27.030688337664525],[92.72281633293217,27.018300041444665],[92.7782589540961,27.022897759629355],[92.78175911957362,27.02213147326524],[92.8111605095848,27.0158734679583],[92.88648407066106,26.999781454311886],[92.91840557981604,26.98241229672528],[92.91700551362503,26.962999708834367],[93.02173046471245,26.91357423834895],[93.06163235115619,26.922131102748235],[93.06163235115619,26.922131102748235]]]}},{"type":"Feature","properties":{"district":"Golaghat","dt_code":"313","st_nm":"Assam","st_code":"18","year":"2011_c"},"geometry":{"type":"Polygon","coordinates":[[[93.76992583718732,26.84473617997262],[93.79792716100748,26.82353559056544],[93.82382838554113,26.82519587768769],[93.8351689216883,26.85099418527956],[93.8355889415456,26.85099418527956],[93.89117156932863,26.86478733983363],[93.89201160904324,26.89237364894177],[93.89201160904324,26.892629077729808],[93.91693278724318,26.908210233800144],[93.918052840196,26.91076452168053],[93.9204329527207,26.926728820932926],[93.92505317115103,26.927750536085078],[93.93247352196337,26.92928310881331],[93.93765376687011,26.93030482396546],[93.96229493183185,26.926856535326944],[93.96299496492736,26.924302247446562],[93.96733517011948,26.907060804253973],[93.95669466706782,26.89211822015373],[93.97335545474081,26.873344204232914],[93.99827663294077,26.871811631504684],[93.99967669913178,26.86670305574392],[93.99967669913178,26.86670305574392],[94.00835710951603,26.83426359966305],[94.00835710951603,26.83426359966305],[93.98021577907676,26.810636436769503],[93.97335545474081,26.79607699585132],[93.98749612327,26.7866261306939],[93.97223540178801,26.77909098144677],[93.97237540840712,26.76823525795514],[93.99743659322615,26.766191827650836],[94.0047169374194,26.74435266627356],[94.04615889667325,26.738605518542695],[94.04405879738674,26.713190354132884],[94.03593841347889,26.709742065494364],[94.04867901581707,26.687902904117088],[94.04335876429124,26.681006326840052],[94.0538592607238,26.679090610929766],[94.05665939310582,26.66299859728335],[94.08242061102037,26.66159373894914],[94.09782133912145,26.641925722270187],[94.07752037935184,26.614594841950087],[94.08494073016419,26.607059692702958],[94.06883996896758,26.59428825330104],[94.08256061763947,26.584837388143622],[94.07808040582825,26.57436480783405],[94.09964142516978,26.576663666926397],[94.09740131926415,26.56823451692113],[94.10706177598212,26.569639375255342],[94.11476214003267,26.55495221994314],[94.10580171641021,26.549715929788352],[94.11644221946187,26.544862782815624],[94.09740131926415,26.48432616005054],[94.1035616105046,26.4627424274613],[94.12694271589443,26.45060956002948],[94.11490214665176,26.424683538043592],[94.11518215988997,26.420852106223016],[94.1217624709877,26.38509207589765],[94.1375832189461,26.34869347360219],[94.16124433757415,26.347671758450034],[94.16348444347975,26.351120047088553],[94.16796465529097,26.3467777576919],[94.17776511862803,26.346139185721807],[94.1716048273876,26.343329469053383],[94.16040429785953,26.337965464504578],[94.14500356975844,26.330685744045486],[94.11588219298547,26.329791743287352],[94.1216224643686,26.31791430464357],[94.10496167669561,26.320085449341896],[94.08396068383048,26.283431418258395],[94.07458024035073,26.283686847046432],[94.07458024035073,26.26452968794356],[94.04755896286426,26.2494593894493],[94.03187822152496,26.19760734547752],[94.00093675870369,26.172319895461722],[93.99449645422504,26.14843730378014],[94.00205681165649,26.13451643483205],[93.98889618946102,26.130812717405494],[93.99771660646437,26.128897001495208],[93.9866560835554,26.113954417394964],[93.99785661308346,26.109612127998314],[93.98147583864866,26.081387246920077],[93.9873561166509,26.066827806001893],[93.96243493845095,26.036687209013373],[93.95291448835209,26.003098323386332],[93.9540345413049,25.96938172336527],[93.96859522969139,25.95737657032747],[93.97853569964755,25.916891107423396],[93.93793378010831,25.89645680438033],[93.93387358815438,25.88534565210066],[93.91595274090947,25.88381307937243],[93.88165111922977,25.843455330862376],[93.83964913349952,25.85673762784037],[93.79540704186365,25.808972444477202],[93.77748619461875,25.849968764957353],[93.79526703524456,25.90565224074971],[93.77440604899854,25.965678005938717],[93.77552610195134,25.968487722607136],[93.77566610857045,25.968743151395177],[93.77664615490414,25.968743151395177],[93.78070634685807,25.98138687640307],[93.80422745886702,25.979982018068863],[93.8035274257715,25.98074830443298],[93.79820717424568,25.988283453680108],[93.79498702200635,25.992625743076758],[93.80072729338949,26.002204322628195],[93.78112636671537,26.00782375596504],[93.79960724043669,26.031323204464567],[93.78000631376257,26.03962464007581],[93.79498702200635,26.04166807038012],[93.78700664471761,26.054311795388017],[93.79736713453107,26.052396079477727],[93.79456700214905,26.06120837266505],[93.80534751181982,26.064528946909547],[93.79666710143556,26.071170095398546],[93.80590753829622,26.071297809792565],[93.80492749196252,26.0935201143519],[93.81416792882317,26.090838112077495],[93.80646756477262,26.10246012193324],[93.82802858411415,26.127747571949033],[93.8183681273962,26.136943008318415],[93.83110872973437,26.136815293924396],[93.82158827963552,26.17244760985574],[93.8351689216883,26.17589589849426],[93.82900863044786,26.196330201537325],[93.83796905407031,26.194542200021058],[93.84048917321412,26.217786219732545],[93.8515496961231,26.21561507503422],[93.86457031169947,26.23528309171317],[93.84776951740737,26.24128566823207],[93.86471031831857,26.24588338641676],[93.870870609559,26.275513125829207],[93.88109109275337,26.27359740991892],[93.86849049703429,26.294414856144044],[93.8850112780882,26.30258857736127],[93.88235115232527,26.30424886448352],[93.87381074856012,26.309740583426343],[93.8850112780882,26.31050686979046],[93.8854312979455,26.318552876613666],[93.89383169509155,26.315487731157205],[93.88165111922977,26.344989756175632],[93.88193113246797,26.34562832814573],[93.88907147004213,26.346266900115825],[93.8859913244219,26.354312906939033],[93.89411170832975,26.37180977891966],[93.88109109275337,26.372576065283774],[93.88389122513539,26.391988653174685],[93.86555035803318,26.388923507718225],[93.82676852454225,26.417786960766556],[93.79400697567266,26.37589663952827],[93.77482606885584,26.38394264635148],[93.79904721396028,26.408719238791196],[93.78210641304908,26.416382102432344],[93.79386696905355,26.428514969864167],[93.78308645938279,26.43860440699168],[93.79442699552996,26.44013697971991],[93.7513049568469,26.51829818885964],[93.75592517527723,26.529026197957247],[93.73170403017278,26.53783849114457],[93.74192451336714,26.561465654038116],[93.7522850031806,26.58496510253764],[93.7521449965615,26.58496510253764],[93.7520049899424,26.58509281693166],[93.72260359993123,26.5979919707276],[93.70832292478295,26.604249976034534],[93.7013225938279,26.607315121490995],[93.64700002561678,26.598375113909654],[93.6328593570876,26.59607625481731],[93.63187931075389,26.59594854042329],[93.63159929751569,26.595437682847212],[93.616758595891,26.565935657828785],[93.61087831788876,26.57755766768453],[93.58973731840453,26.570788804801516],[93.5860971463079,26.60361140406444],[93.55333559743832,26.612551411645782],[93.52365419418894,26.593649681330945],[93.50951352565976,26.593394252542907],[93.49551286374967,26.61114655331157],[93.47801203636207,26.603100546488363],[93.46989165245422,26.59160625102664],[93.49159267841485,26.58700853284195],[93.46373136121379,26.569256232073286],[93.45533096406774,26.571938234347687],[93.4647114075475,26.585859103295775],[93.45687103687784,26.5760250949563],[93.40870875990716,26.569128517679264],[93.39736822376,26.57142737677161],[93.40282848190492,26.580111955564913],[93.32596484801857,26.584837388143622],[93.297403497722,26.57462023662209],[93.30174370291412,26.580111955564913],[93.30202371615232,26.580495098746972],[93.29138321310066,26.590584535874484],[93.29656345800738,26.611912839675686],[93.28704300790854,26.63720028969148],[93.28690300128943,26.63745571847952],[93.30468384191524,26.636689432115404],[93.31756445087251,26.650482586669472],[93.30664393458265,26.667596315468042],[93.3150443317287,26.686498045782876],[93.30566388824894,26.69824777003264],[93.30398380881974,26.700291200336945],[93.33100508630619,26.70872035034221],[93.35130604607582,26.734774086722123],[93.35242609902862,26.73630665945035],[93.35676630422074,26.73771151778456],[93.38476762804092,26.746906954153943],[93.39638817742627,26.750610671580496],[93.50419327413393,26.756996391281454],[93.53765485609902,26.750482957186478],[93.57489661677985,26.719192930651783],[93.6509202109516,26.70616606246183],[93.67052113762571,26.71204092458671],[93.64924013152239,26.757507248857532],[93.64868010504598,26.788030989028112],[93.67038113100662,26.800930142824047],[93.68942203120433,26.79748185418553],[93.71238311673687,26.81600044131831],[93.7510249436087,26.80361214509845],[93.76992583718732,26.84473617997262]]]}},{"type":"Feature","properties":{"district":"Longleng","dt_code":"268","st_nm":"Nagaland","st_code":"13","year":"2011_c"},"geometry":{"type":"Polygon","coordinates":[[[94.73625152222127,26.749588956428344],[94.74003170093698,26.77602583599031],[94.7582325614201,26.766064113256817],[94.77013312404367,26.789180418574286],[94.79085410367058,26.796970996609453],[94.79883448095933,26.795310709487204],[94.80373471262786,26.79428899433505],[94.81409520244132,26.779984982204905],[94.81437521567953,26.776792122354426],[94.79687438829193,26.769256973107296],[94.7936542360526,26.768362972349163],[94.79463428238631,26.76823525795514],[94.80499477219978,26.767724400379066],[94.79799444124473,26.76082782310203],[94.80443474572337,26.749078098852266],[94.83411614897275,26.718426644287668],[94.80527478543797,26.68918004805728],[94.77993358738073,26.69824777003264],[94.79015407057508,26.688286047299144],[94.77951356752342,26.658656307886698],[94.77965357414251,26.65852859349268],[94.78749394481217,26.654952590460145],[94.78665390509757,26.633624286658943],[94.78735393819306,26.633496572264924],[94.85525714845697,26.610124838159418],[94.88339847889624,26.61574427149626],[94.89459900842431,26.604633119216594],[94.87947829356142,26.57717452450247],[94.8938989753288,26.560060795703905],[94.88241843256253,26.553675076002946],[94.89767915404452,26.505271320669685],[94.88913875027937,26.47564158125724],[94.90173934599845,26.459804996398862],[94.89795916728272,26.43898755017374],[94.91560000128943,26.403099805454353],[94.91279986890741,26.380111214530903],[94.912239842431,26.380111214530903],[94.84685675131092,26.38228235922923],[94.76593292547064,26.460188139580918],[94.74381187965271,26.461976141097185],[94.7093702513539,26.44601184184479],[94.68822925186967,26.479345298683793],[94.69424953649101,26.497225313846478],[94.68780923201237,26.51957533279983],[94.7258910324078,26.56555251464673],[94.73303136998194,26.600673973002],[94.73317137660105,26.600801687396018],[94.70685013221009,26.638349719237652],[94.66876833181466,26.648439156365168],[94.71959073454826,26.680750898052015],[94.72407094635949,26.697992341244603],[94.74899212455944,26.69837548442666],[94.7436718730336,26.73145351247762],[94.75669248860999,26.729410082173317],[94.73625152222127,26.749588956428344]]]}},{"type":"Feature","properties":{"district":"Mokokchung","dt_code":"262","st_nm":"Nagaland","st_code":"13","year":"2011_c"},"geometry":{"type":"Polygon","coordinates":[[[94.58602441992608,26.725195507170685],[94.59498484354852,26.729793225355372],[94.59694493621593,26.7346463723281],[94.608145465744,26.736817517026427],[94.6092655186968,26.736945231420446],[94.60954553193501,26.737072945814464],[94.62018603498667,26.71242406776877],[94.6922894438236,26.7319643700537],[94.73709156193587,26.76248811022428],[94.73625152222127,26.749588956428344],[94.75669248860999,26.729410082173317],[94.7436718730336,26.73145351247762],[94.74899212455944,26.69837548442666],[94.72407094635949,26.697992341244603],[94.71959073454826,26.680750898052015],[94.66876833181466,26.648439156365168],[94.70685013221009,26.638349719237652],[94.73317137660105,26.600801687396018],[94.73303136998194,26.600673973002],[94.7258910324078,26.56555251464673],[94.68780923201237,26.51957533279983],[94.69424953649101,26.497225313846478],[94.68822925186967,26.479345298683793],[94.7093702513539,26.44601184184479],[94.7088102248775,26.442563553206273],[94.70741015868649,26.434900689565126],[94.70250992701796,26.40846381000316],[94.6932694901573,26.41280609939981],[94.67814877529442,26.381260644077074],[94.6574277956675,26.375768925134253],[94.66372809352703,26.37129892134358],[94.65070747795065,26.338604036474674],[94.61444576360354,26.326343454648836],[94.5927447376429,26.295692000084234],[94.58280426768675,26.300800575845003],[94.58154420811485,26.289561709171316],[94.56432339396544,26.287645993261027],[94.56376336748903,26.283942275834473],[94.55984318215421,26.255845109150258],[94.58308428092495,26.23834823716963],[94.58336429416315,26.22008507882489],[94.58336429416315,26.218935649278716],[94.55354288429467,26.20182192048015],[94.53114182523854,26.21689221897441],[94.49950032932175,26.21421021670001],[94.49908030946445,26.21421021670001],[94.49782024989254,26.22915280080025],[94.51602111037565,26.239369952321784],[94.48731975345999,26.28113255916605],[94.48073944236225,26.290711138717487],[94.4742991378836,26.28151570234811],[94.44573778758703,26.206164209876803],[94.40541588128599,26.211528214425606],[94.37125426622539,26.19288191289881],[94.3722343125591,26.19581934396125],[94.38245479575346,26.225321368979674],[94.3729343456546,26.231323945498577],[94.33583259159288,26.240263953079918],[94.33527256511647,26.240391667473936],[94.33499255187827,26.240519381867955],[94.35921369698272,26.268616548552174],[94.35179334617037,26.30999601221438],[94.36593401469956,26.336688320564388],[94.34353295564343,26.3314520304096],[94.35851366388721,26.356867194819415],[94.33009232020974,26.39556465620722],[94.32463206206481,26.40169494712014],[94.30125095667498,26.37717378346846],[94.30405108905698,26.394159797873012],[94.29019043376601,26.417914675160574],[94.31343153253674,26.4600604251869],[94.31371154577495,26.460698997156996],[94.31651167815696,26.45840013806465],[94.32547210177941,26.482027300958197],[94.35249337926588,26.490073307781405],[94.35277339250408,26.490201022175423],[94.35277339250408,26.490201022175423],[94.34773315421646,26.50450503430557],[94.37209430594,26.50616532142782],[94.37601449127482,26.521874191892174],[94.40079566285567,26.534262488112034],[94.41325625195563,26.577302238896493],[94.40289576214218,26.610635695735493],[94.45119804573196,26.636434003327366],[94.46533871426115,26.633113429082865],[94.45301813178028,26.6526537313678],[94.46015846935441,26.66172145334316],[94.49264000498582,26.66593602834579],[94.508180739706,26.685348616236706],[94.51742117656666,26.682028041992208],[94.52064132880598,26.699269485184793],[94.56222329467893,26.705144347309677],[94.5592831556778,26.686498045782876],[94.56698351972835,26.683688329114457],[94.57720400292271,26.700802057913023],[94.59372478397661,26.697353769274507],[94.59344477073842,26.71497835564915],[94.59568487664403,26.714467498073073],[94.60296522083726,26.711657781404654],[94.60142514802716,26.712934925344843],[94.59498484354852,26.718043501105612],[94.5912046648328,26.72098093216805],[94.58602441992608,26.725195507170685]]]}},{"type":"Feature","properties":{"district":"Udalguri","dt_code":"326","st_nm":"Assam","st_code":"18","year":"2011_c"},"geometry":{"type":"Polygon","coordinates":[[[92.36019918946101,26.925834820174792],[92.3576790703172,26.925834820174792],[92.3562790041262,26.920598530020005],[92.34647854078914,26.88317821257239],[92.33653807083297,26.845502466336736],[92.32995775973524,26.82047044510898],[92.32785766044873,26.81267986707381],[92.32855769354423,26.810381007981466],[92.34031824954869,26.771172689017583],[92.32869770016333,26.77168354659366],[92.33639806421387,26.765808684468777],[92.32799766706782,26.756868676887436],[92.33415795830825,26.742053807181215],[92.3243574949712,26.73937180490681],[92.32351745525659,26.739116376118773],[92.33737811054758,26.733113799599874],[92.33191785240264,26.725195507170685],[92.3418583223588,26.72915465338528],[92.33177784578353,26.721874932926184],[92.34619852755092,26.704888918521636],[92.33247787887905,26.694416338212065],[92.33149783254534,26.66274316849531],[92.34885865331384,26.664148026829523],[92.35291884526777,26.686753474570917],[92.34451844812172,26.692756051089816],[92.36411937479583,26.698120055638622],[92.36299932184303,26.64320286621038],[92.39506083761712,26.642181151058228],[92.39912102957105,26.638349719237652],[92.39534085085532,26.626983138169948],[92.3757399241812,26.62940971165631],[92.37587993080031,26.613573126797935],[92.3585191100318,26.605527119974727],[92.35361887836328,26.603228260882382],[92.36047920269921,26.594671396483097],[92.36215928212843,26.58509281693166],[92.36075921593742,26.583049386627355],[92.35977916960371,26.583177101021374],[92.32729763397232,26.587391676024005],[92.326877614115,26.589307391934295],[92.3253375413049,26.596714826787405],[92.34423843488352,26.597736541939557],[92.33177784578353,26.606293406338843],[92.33485799140377,26.6220022768032],[92.31189690587122,26.607187407096976],[92.31427701839594,26.624045707107506],[92.29425607186452,26.6220022768032],[92.28963585343419,26.65099344424555],[92.27577519814321,26.657506878340527],[92.27311507238029,26.616255129072336],[92.24217360955902,26.603228260882382],[92.25267410599157,26.573853950257973],[92.26471467523425,26.570661090407494],[92.23055306017363,26.5486942146362],[92.22705289469612,26.593905110118982],[92.23461325212756,26.596970255575442],[92.22033257697927,26.62813256771612],[92.19373131935012,26.634901430599136],[92.2050718554973,26.640648578329998],[92.20213171649617,26.651248873033587],[92.18435087587036,26.64473543893861],[92.17693052505803,26.651504301821625],[92.18085071039285,26.668618030620195],[92.11854776489298,26.6526537313678],[92.12148790389409,26.64371372378646],[92.072765600447,26.646906583636937],[92.0703854879223,26.624556564683584],[92.03720391919539,26.62046970407497],[92.0386039853864,26.609103123007262],[92.02544336319092,26.60948626618932],[92.03314372724147,26.592627966178792],[92.00962261523253,26.58981824951037],[92.0058424365168,26.559549938127827],[92.02852350881113,26.545884497967776],[92.05680484586951,26.546906213119932],[92.06254511725264,26.587263961629986],[92.07948591816384,26.589307391934295],[92.08662625573798,26.57589738056228],[92.10076692426716,26.579345669200798],[92.10860729493682,26.57027794722544],[92.1070672221267,26.552142503274716],[92.06842539525488,26.54511821160366],[92.06842539525488,26.50999675324839],[92.0566648392504,26.509102752490257],[92.05050454800997,26.4753861524692],[92.0384639787673,26.48573101838475],[92.04084409129202,26.50999675324839],[92.02502334333361,26.50884732370222],[92.03454379343248,26.524300765378538],[92.01942307856959,26.521874191892174],[92.02824349557294,26.542180780541223],[92.00360233061119,26.543457924481412],[92.01312278071005,26.53656134720438],[92.0050023968022,26.53451791690007],[91.99030170179661,26.555079934337158],[91.97014074864609,26.55610164948931],[91.95880021249891,26.55175936009266],[91.96510051035847,26.539881921448877],[91.92785874967764,26.537327633568495],[91.9219784716754,26.567595944951037],[91.89663727361815,26.569639375255342],[91.88431669113729,26.538477063114666],[91.8698960093699,26.53183591462567],[91.8540752614115,26.538349348720647],[91.84987506283848,26.57295994949984],[91.8378344935958,26.57462023662209],[91.8375544803576,26.58075052753501],[91.83377430164188,26.583177101021374],[91.82089369268459,26.572065948741706],[91.83139418911716,26.571171947983572],[91.82999412292615,26.55814507979362],[91.81291331539586,26.559422223733808],[91.80983316977563,26.54396878205749],[91.82761401040145,26.544990497209643],[91.83321427516547,26.515233043403178],[91.81725352058798,26.505399035063704],[91.77791166062065,26.512678755522796],[91.77791166062065,26.512678755522796],[91.78533201143298,26.518936760829735],[91.77581156133414,26.522768192650307],[91.78421195848018,26.527493625229017],[91.77553154809593,26.52877076916921],[91.78533201143298,26.535667346446246],[91.78015176652626,26.549460501000315],[91.78015176652626,26.549588215394333],[91.76657112447347,26.5733430926819],[91.74963032356227,26.581005956323047],[91.76265093913865,26.593649681330945],[91.75047036327689,26.58688081844793],[91.74333002570273,26.593138823754867],[91.75159041622969,26.60501626239865],[91.7377297609387,26.60501626239865],[91.74641017132296,26.62685542377593],[91.73310954250837,26.630175998020427],[91.75033035665778,26.636178574539326],[91.73898982051061,26.638094290449615],[91.74879028384767,26.646651154848897],[91.73450960869938,26.66044430940297],[91.74557013160836,26.688030618511107],[91.7042681789736,26.81280758146783],[91.7207889600275,26.811913580709696],[91.82411384492391,26.863893339075496],[91.85939551293733,26.913191095166894],[91.89299710152153,26.91868281410972],[91.96440047726296,26.882156497420237],[91.98358138407977,26.857890762556597],[92.0562448193931,26.846651895882907],[92.10230699707728,26.867341627714012],[92.11350752660535,26.892884506517845],[92.19471136568383,26.890074789849425],[92.25505421851628,26.909742806528374],[92.27605521138142,26.902079942887227],[92.30293648224877,26.90718851864799],[92.30265646901057,26.92276967471833],[92.36481940789133,26.93209282548173],[92.36019918946101,26.925834820174792]]]}},{"type":"Feature","properties":{"district":"Chirang","dt_code":"320","st_nm":"Assam","st_code":"18","year":"2011_c"},"geometry":{"type":"Polygon","coordinates":[[[90.87542899389666,26.563253655554384],[90.86716860336972,26.562870512372328],[90.85736814003266,26.567212801768978],[90.82320652497205,26.56095479646204],[90.83188693535631,26.53924334947878],[90.85358796131695,26.529153912351266],[90.85358796131695,26.529026197957247],[90.84770768331471,26.528004482805095],[90.78764484372044,26.517531902495524],[90.78708481724405,26.52762133962304],[90.77462422814406,26.530558770685477],[90.75754342061377,26.5147221858271],[90.77742436052608,26.504888177487626],[90.76636383761712,26.485603303990732],[90.73108216960371,26.48292130171633],[90.73108216960371,26.471810149436664],[90.74480281827559,26.465679858523742],[90.73570238803404,26.44179726684216],[90.71022118335769,26.451631275181633],[90.71708150769362,26.479217584289774],[90.68572002501504,26.481771872170157],[90.68235986615662,26.499141029756764],[90.62089696037135,26.49364931081394],[90.62355708613427,26.507825608550068],[90.60115602707813,26.51638247294935],[90.58897545121636,26.511657040370643],[90.60185606017365,26.491478166115613],[90.58995549755006,26.489817878993364],[90.51967217476145,26.50923046688428],[90.49825116203903,26.459421853216803],[90.50973170480529,26.44894927290723],[90.50413144004126,26.426216110771822],[90.48089034127052,26.42059667743498],[90.47669014269749,26.385602933473727],[90.45624917630877,26.4327295448668],[90.4771101625548,26.462614713067282],[90.46324950726381,26.46465814337159],[90.4598893484054,26.453036133515845],[90.43720827611106,26.46108214033905],[90.42894788558411,26.44894927290723],[90.39912647571563,26.44166955244814],[90.40514676033698,26.47525843807518],[90.38624586675836,26.485220160808673],[90.3936662175707,26.493904739601977],[90.4092069522909,26.489945593387382],[90.40794689271898,26.50310017597136],[90.3932461977134,26.503227890365377],[90.40360668752686,26.511784754764662],[90.38218567480443,26.52889848356323],[90.38876598590217,26.542053066147204],[90.37140516513367,26.544351925239546],[90.35502439069887,26.5700225184374],[90.36636492684605,26.58215538586922],[90.35404434436516,26.60974169497736],[90.35726449660449,26.631325427566598],[90.34690400679102,26.641414864694113],[90.37700542989771,26.717660357923553],[90.34522392736181,26.805783289796775],[90.33584348388206,26.862743909529325],[90.35572442379437,26.900802798947034],[90.41774735605604,26.90450651637359],[90.54641343900971,26.816894442076443],[90.63419758918593,26.794161279941033],[90.64637816504771,26.776792122354426],[90.67577955505888,26.784454985995577],[90.71708150769362,26.76849068674318],[90.95677283959425,26.787775560240075],[90.95089256159201,26.7779415519006],[90.94375222401789,26.775642692808255],[90.89895010590561,26.688796904875222],[90.90077019195392,26.59901368587975],[90.89572995366629,26.59556539724123],[90.87066876884724,26.578196239654627],[90.86954871589444,26.577429953290512],[90.87542899389666,26.563253655554384]]]}},{"type":"Feature","properties":{"district":"Baksa","dt_code":"324","st_nm":"Assam","st_code":"18","year":"2011_c"},"geometry":{"type":"Polygon","coordinates":[[[91.7042681789736,26.81280758146783],[91.74557013160836,26.688030618511107],[91.73450960869938,26.66044430940297],[91.74879028384767,26.646651154848897],[91.73898982051061,26.638094290449615],[91.75033035665778,26.636178574539326],[91.73310954250837,26.630175998020427],[91.74641017132296,26.62685542377593],[91.7377297609387,26.60501626239865],[91.75159041622969,26.60501626239865],[91.74333002570273,26.593138823754867],[91.75047036327689,26.58688081844793],[91.76265093913865,26.593649681330945],[91.74963032356227,26.581005956323047],[91.76657112447347,26.5733430926819],[91.78015176652626,26.549588215394333],[91.78015176652626,26.549460501000315],[91.78533201143298,26.535667346446246],[91.77553154809593,26.52877076916921],[91.78421195848018,26.527493625229017],[91.77581156133414,26.522768192650307],[91.78533201143298,26.518936760829735],[91.77791166062065,26.512678755522796],[91.77791166062065,26.512678755522796],[91.78071179300267,26.508208751732123],[91.7872921041004,26.49799160021059],[91.78127181947906,26.496459027482363],[91.78127181947906,26.496203598694322],[91.80171278586778,26.489817878993364],[91.80157277924869,26.489690164599345],[91.79975269320038,26.477046439591447],[91.77931172681166,26.479089869895756],[91.77945173343076,26.47960072747183],[91.77987175328806,26.481771872170157],[91.75229044932519,26.481644157776138],[91.7542505419926,26.494415597178055],[91.72484915198143,26.50310017597136],[91.720088926932,26.47691872519743],[91.70986844373763,26.478962155501737],[91.67668687501074,26.448438415331154],[91.62502443256253,26.447161271390964],[91.62922463113556,26.464913572159627],[91.61802410160749,26.468745003980203],[91.62656450537264,26.47091614867853],[91.62824458480185,26.480877871412023],[91.62040421413221,26.47960072747183],[91.62852459804006,26.493393882025902],[91.61634402217828,26.48573101838475],[91.6195641744176,26.512806469916814],[91.58960275793002,26.514466757039063],[91.5865226123098,26.52723819644098],[91.5862425990716,26.52838762598715],[91.58246242035588,26.528004482805095],[91.57812221516376,26.52889848356323],[91.57812221516376,26.529153912351266],[91.57406202320983,26.555335363125195],[91.5848425328806,26.555846220701273],[91.57756218868735,26.571938234347687],[91.52827985876385,26.558655937369693],[91.50643882618412,26.532474486595767],[91.49439825694145,26.533879344929975],[91.49131811132123,26.561082510856057],[91.47591738322015,26.570916519195535],[91.4676569926932,26.562615083584287],[91.4343354173472,26.563381369948402],[91.42887515920226,26.549332786606296],[91.45981662202355,26.542691638117297],[91.35271155841141,26.5240453365905],[91.35537168417433,26.510763039612506],[91.34151102888335,26.49977960172686],[91.32807039344966,26.49530959793619],[91.30216916891601,26.486752733536903],[91.29684891739018,26.484964732020636],[91.29768895710478,26.48751901990102],[91.30230917553511,26.500035030514898],[91.30104911596321,26.500290459302935],[91.2842483216711,26.50258931839528],[91.28942856657784,26.515360757797197],[91.31140960577667,26.516893330525427],[91.29670891077109,26.546267641149836],[91.26632747442619,26.53502877447615],[91.26366734866329,26.521618763104136],[91.2495266801341,26.523151335832367],[91.24784660070489,26.523406764620404],[91.24392641537007,26.523917622196482],[91.24798660732398,26.538477063114666],[91.28998859305423,26.564403085100558],[91.25848710375655,26.570533376013476],[91.26912760680821,26.584454244961567],[91.23748611089142,26.577302238896493],[91.2334259189375,26.607570550279036],[91.24756658746668,26.607825979067073],[91.24854663380039,26.619447988922815],[91.19772423106679,26.623023991955353],[91.19856427078139,26.60386683285248],[91.18442360225221,26.604377690428556],[91.18456360887131,26.60501626239865],[91.18680371477693,26.6220022768032],[91.17658323158257,26.622896277561335],[91.18638369491963,26.627749424534063],[91.15138204014441,26.63886057681373],[91.15768233800395,26.651504301821625],[91.14536175552308,26.66274316849531],[91.13948147752085,26.65061030106349],[91.12758091489727,26.650099443487417],[91.12744090827817,26.65878402228072],[91.09733948517149,26.665425170769716],[91.09523938588498,26.65227058818574],[91.11274021327259,26.651504301821625],[91.11260020665348,26.637583432873537],[91.09509937926587,26.639116005601768],[91.09775950502879,26.629026568474252],[91.11638038536921,26.632091713930713],[91.12282068984784,26.611785125281667],[91.14060153047365,26.611529696493626],[91.14172158342646,26.604377690428556],[91.14200159666466,26.603228260882382],[91.14228160990285,26.600929401790037],[91.13892145104444,26.60169568815415],[91.12632085532536,26.604633119216594],[91.11330023974898,26.58394338738549],[91.12184064351413,26.582666243445296],[91.11834047803661,26.572704520711802],[91.10461982936474,26.567468230557015],[91.10980007427146,26.56121022525008],[91.08081870411759,26.55622936388333],[91.07185828049514,26.51625475855533],[91.05897767153786,26.516127044161312],[91.05211734720191,26.529409341139306],[90.99107446127397,26.5240453365905],[90.99653471941889,26.470022147920393],[91.0140355468065,26.44588412745077],[91.0143155600447,26.445756413056753],[91.00983534823347,26.435028403959144],[90.99695473927619,26.43528383274718],[91.00353505037393,26.422001535769187],[90.98169401779421,26.416254388038325],[90.98253405750881,26.43094154335053],[90.96979345517063,26.428770398652205],[90.97539371993466,26.440264694113928],[90.96223309773919,26.443968411540485],[90.96111304478637,26.44435155472254],[90.96209309112008,26.457761566094554],[90.97301360740995,26.46120985473307],[90.95215262116392,26.457122994124457],[90.94557231006618,26.46172071230915],[90.95299266087854,26.47091614867853],[90.9329717143471,26.477812725955562],[90.97693379274477,26.49952417293882],[90.97679378612568,26.53975420705486],[90.98533418989082,26.575514237380222],[90.9959746929425,26.57142737677161],[90.99485463998968,26.600801687396018],[90.98911436860655,26.590584535874484],[90.963353150692,26.59863054269769],[90.96349315731109,26.583177101021374],[90.93493180701452,26.584198816173526],[90.9317116547752,26.55482450554912],[90.92121115834264,26.559549938127827],[90.92569137015387,26.575641951774244],[90.90917058909997,26.573981664651992],[90.89124974185506,26.552014788880697],[90.87780910642138,26.557506507823522],[90.87752909318318,26.558272794187637],[90.87542899389666,26.563253655554384],[90.86954871589444,26.577429953290512],[90.87066876884724,26.578196239654627],[90.89572995366629,26.59556539724123],[90.90077019195392,26.59901368587975],[90.89895010590561,26.688796904875222],[90.94375222401789,26.775642692808255],[90.95089256159201,26.7779415519006],[90.99177449436947,26.790840705696535],[91.05407743986933,26.78075126856902],[91.0976194984097,26.82213073223123],[91.14620179523769,26.81114729434558],[91.23678607779593,26.811913580709696],[91.33731083031032,26.780623554175],[91.37623267042035,26.795310709487204],[91.40815417957535,26.84001074739391],[91.49523829665605,26.79122384887859],[91.59296291678845,26.805144717826682],[91.62600447889625,26.820981302685055],[91.69012751044443,26.80680500494893],[91.7042681789736,26.81280758146783]]]}},{"type":"Feature","properties":{"district":"Nagaon","dt_code":"305","st_nm":"Assam","st_code":"18","year":"2011_c"},"geometry":{"type":"Polygon","coordinates":[[[92.41914197610247,26.51459447143308],[92.41900196948336,26.517021044919446],[92.44336312120691,26.517531902495524],[92.46744425969226,26.496203598694322],[92.52260686761798,26.508081037338105],[92.5758093828763,26.499651887332842],[92.66303350657611,26.522257335074233],[92.68865471787157,26.50999675324839],[92.72155627336026,26.53630591841634],[92.72883661755351,26.51778733128356],[92.74843754422763,26.510890754006528],[92.74899757070403,26.51191246915868],[92.77153863637926,26.555846220701273],[92.7946397285309,26.556995650247444],[92.84210197240608,26.584326530567544],[92.91700551362503,26.594926825271138],[92.95130713530473,26.62034198968095],[92.99316911441588,26.613573126797935],[93.0137500874237,26.59760882754554],[93.07115280125504,26.597864256333576],[93.09579396621679,26.57768538207855],[93.0966340059314,26.577046810108452],[93.09901411845611,26.57768538207855],[93.12687543565718,26.586114532083815],[93.1452163027594,26.59173396542066],[93.14423625642569,26.59454368208908],[93.15291666680993,26.59875825709171],[93.21983983074013,26.630942284384542],[93.24168086331986,26.683816043508475],[93.2969834778647,26.694799481394124],[93.30566388824894,26.69824777003264],[93.3150443317287,26.686498045782876],[93.30664393458265,26.667596315468042],[93.31756445087251,26.650482586669472],[93.30468384191524,26.636689432115404],[93.28690300128943,26.63745571847952],[93.28704300790854,26.63720028969148],[93.29656345800738,26.611912839675686],[93.29138321310066,26.590584535874484],[93.30202371615232,26.580495098746972],[93.30174370291412,26.580111955564913],[93.297403497722,26.57462023662209],[93.2815827497636,26.569000803285245],[93.25106130679961,26.569639375255342],[93.25078129356142,26.569639375255342],[93.2479811611794,26.5667019441929],[93.23580058531763,26.553547361608928],[93.23510055222212,26.552781075244813],[93.25652156494455,26.551120788122564],[93.2471411214648,26.544862782815624],[93.26268185618498,26.53783849114457],[93.25652156494455,26.53196362901969],[93.27346236585575,26.54511821160366],[93.27542245852317,26.533751630535956],[93.2639419157569,26.527365910834998],[93.28788304762314,26.520597047951984],[93.29082318662425,26.507570179762027],[93.28690300128943,26.514083613857007],[93.28424287552652,26.51970304719385],[93.28368284905011,26.51944761840581],[93.2633818892805,26.50884732370222],[93.2633818892805,26.52110790552806],[93.23328046617381,26.535667346446246],[93.2129795064042,26.529537055533325],[93.21731971159632,26.50744246536801],[93.20429909601994,26.50131217445509],[93.20975935416487,26.5147221858271],[93.19953887097051,26.5333684873539],[93.16103705071778,26.523917622196482],[93.20975935416487,26.55610164948931],[93.19127848044356,26.56695737298094],[93.15095657414253,26.546267641149836],[93.14157613066277,26.555463077519214],[93.11511487965271,26.530941913867537],[93.1117547207943,26.532602200989786],[93.10125422436172,26.54281935251132],[93.09173377426288,26.543202495693375],[93.08403341021233,26.54358563887543],[93.05995227172698,26.544607354027587],[93.04343149067309,26.535284203264187],[93.04315147743488,26.535156488870168],[93.04301147081577,26.53502877447615],[93.04833172234162,26.525833338106768],[93.01277004109,26.50744246536801],[93.0126300344709,26.50680389339791],[93.00870984913607,26.48113330020006],[93.09033370807185,26.49990731612088],[93.0645724901573,26.479345298683793],[93.10251428393363,26.4600604251869],[93.10811454869767,26.466957002463936],[93.09817407874151,26.472959578982834],[93.12449532313246,26.48304901611035],[93.12533536284707,26.495692741118248],[93.13303572689762,26.489562450205327],[93.12743546213358,26.480239299441926],[93.13625587913694,26.48432616005054],[93.11049466122238,26.47104386307255],[93.12841550846728,26.464147285795512],[93.10391435012464,26.448821558513213],[93.11777500541562,26.44166955244814],[93.09929413169431,26.439242978961776],[93.09929413169431,26.445756413056753],[93.06891269534944,26.43528383274718],[93.09173377426288,26.433495831230914],[93.06107232467978,26.41587124485627],[93.04959178191352,26.415998959250288],[93.05603208639215,26.428259541076127],[93.04371150391128,26.437199548657468],[93.01935035218774,26.42046896304096],[92.9786084260294,26.42046896304096],[92.94976706249463,26.39760808651153],[92.93814651310926,26.40373837742445],[92.92064568572165,26.391605509992626],[92.90188479876214,26.401311803938086],[92.88564403094644,26.38394264635148],[92.88200385884983,26.379983500136884],[92.89614452737901,26.385858362261764],[92.89838463328462,26.386241505443824],[92.88984422951947,26.374108638012004],[92.8957245075217,26.37908949937875],[92.90314485833404,26.38547521907971],[92.92582593062838,26.37896178498473],[92.90916514295537,26.35290804860482],[92.90972516943178,26.35290804860482],[92.93954657930027,26.35303576299884],[92.94262672492047,26.33043031525745],[92.89866464652282,26.30897429706223],[92.89222434204419,26.288412279625142],[92.8797637529442,26.283686847046432],[92.8440620650735,26.305015150847634],[92.84154194592968,26.283814561440455],[92.81396064196682,26.262486257639253],[92.81508069491963,26.232984232620826],[92.82712126416229,26.225065940191637],[92.81522070153872,26.21395478791197],[92.79365968219719,26.219446506854794],[92.80122003962865,26.20182192048015],[92.80192007272414,26.20182192048015],[92.80192007272414,26.20182192048015],[92.77629886142869,26.199523061387804],[92.77839896071521,26.186879336379906],[92.75585789503997,26.17921647273876],[92.7617381730422,26.157121882573442],[92.75165769646694,26.14230701286722],[92.75137768322874,26.14192386968516],[92.72253631969397,26.150863877266502],[92.70587553202097,26.142179298473202],[92.70377543273446,26.12519328406865],[92.73205676979282,26.115359275729176],[92.72309634617037,26.100799834810992],[92.74115720003438,26.10092754920501],[92.72995667050631,26.089560968137306],[92.73919710736698,26.08572953631673],[92.73233678303103,26.071297809792565],[92.75067765013324,26.075384670401178],[92.75095766337144,26.075512384795196],[92.75263774280066,26.07206409615668],[92.75739796785008,26.062996374181317],[92.75809800094558,26.061719230241128],[92.75669793475457,26.06159151584711],[92.75333777589616,26.05482265296409],[92.74451735889281,26.060569800694953],[92.7431172927018,26.06146380145309],[92.73765703455686,26.05993122872486],[92.71427592916702,26.053545509023902],[92.71399591592882,26.053417794629883],[92.71399591592882,26.053034651447824],[92.71329588283331,26.018040907486572],[92.66695369191095,26.028385773402125],[92.65435309619187,26.019573480214802],[92.65547314914467,26.00016089232389],[92.59625034926502,25.978194016552592],[92.58868999183358,25.964017718816468],[92.55200825762915,25.965933434726754],[92.54598797300781,25.971552868063597],[92.56628893277744,26.01063347263346],[92.5938702367403,26.02136148173107],[92.5923301639302,26.022638625671263],[92.57944955497291,26.033238920374853],[92.59569032278861,26.080748674949984],[92.57468932992349,26.09479725829209],[92.57076914458867,26.115486990123195],[92.57048913135046,26.11663641966937],[92.54766805243703,26.110633843150467],[92.53646752290896,26.09645754541434],[92.51966672861687,26.102332407539222],[92.52890716547752,26.150863877266502],[92.52232685437977,26.155078452269137],[92.52218684776068,26.154950737875115],[92.508746212327,26.141285297715065],[92.48662516650907,26.149331304538272],[92.47892480245852,26.128897001495208],[92.45386361763947,26.115614704517213],[92.4414030285395,26.095563544656205],[92.41326169810023,26.115486990123195],[92.41312169148112,26.115486990123195],[92.39716093690363,26.113698988606927],[92.39548085747442,26.11357127421291],[92.4083614664317,26.12570414164473],[92.39884101633284,26.137453865894493],[92.41690187019685,26.152396449994733],[92.43090253210693,26.1908384825945],[92.425442273962,26.231962517468673],[92.40780143995529,26.244095384900493],[92.41928198272157,26.270149121280404],[92.50412599389666,26.272958837948824],[92.55270829072467,26.30833572509213],[92.56824902544486,26.33783775011056],[92.56684895925385,26.372192922101714],[92.55144823115275,26.38215464483521],[92.50664611304049,26.37180977891966],[92.50272592770565,26.38202693044119],[92.48592513341356,26.363380628914392],[92.46982437221696,26.374236352406022],[92.44070299544398,26.370277206191428],[92.43398267772716,26.412933813793828],[92.42432222100919,26.413572385763924],[92.4419630550159,26.436305547899334],[92.44112301530129,26.451886703969674],[92.41984200919796,26.478962155501737],[92.41914197610247,26.51459447143308]]]}},{"type":"Feature","properties":{"district":"Kokrajhar","dt_code":"300","st_nm":"Assam","st_code":"18","year":"2011_c"},"geometry":{"type":"Polygon","coordinates":[[[90.33584348388206,26.862743909529325],[90.34522392736181,26.805783289796775],[90.37700542989771,26.717660357923553],[90.34690400679102,26.641414864694113],[90.35726449660449,26.631325427566598],[90.35404434436516,26.60974169497736],[90.36636492684605,26.58215538586922],[90.35502439069887,26.5700225184374],[90.37140516513367,26.544351925239546],[90.38876598590217,26.542053066147204],[90.38218567480443,26.52889848356323],[90.40360668752686,26.511784754764662],[90.3932461977134,26.503227890365377],[90.40794689271898,26.50310017597136],[90.4092069522909,26.489945593387382],[90.3936662175707,26.493904739601977],[90.38624586675836,26.485220160808673],[90.40514676033698,26.47525843807518],[90.39912647571563,26.44166955244814],[90.39898646909653,26.441286409266084],[90.40234662795496,26.433495831230914],[90.41536724353134,26.43068611456249],[90.40360668752686,26.406675808486888],[90.41690731634144,26.407825238033062],[90.41648729648414,26.390711509234492],[90.42572773334479,26.3960755137833],[90.4281078458695,26.385858362261764],[90.4275478193931,26.38534750468569],[90.42488769363018,26.383048645593345],[90.42390764729649,26.38215464483521],[90.43258805768073,26.380877500895018],[90.43090797825153,26.377301497862483],[90.43370811063355,26.376662925892386],[90.4264277664403,26.367467489523005],[90.43734828273017,26.364913201642622],[90.42502770024929,26.362997485732336],[90.42488769363018,26.363252914520373],[90.39744639628643,26.359676911487835],[90.39576631685722,26.357122623607452],[90.40500675371787,26.32085173570601],[90.40304666105045,26.319957734947877],[90.3792455358033,26.309357440244288],[90.38120562847072,26.268616548552174],[90.35544441055617,26.25827168263662],[90.35362432450786,26.269893692492364],[90.36286476136851,26.273086552342843],[90.35194424507866,26.287135135684952],[90.344103874409,26.270787693250497],[90.32072276901917,26.278833700073704],[90.30350195486976,26.257505396272506],[90.30658210048998,26.24588338641676],[90.28726118705407,26.237454236411498],[90.28796122014957,26.2521413917237],[90.25155949918336,26.26440197354954],[90.2586998367575,26.272958837948824],[90.27228047881027,26.26733940461198],[90.28110089581364,26.292243711445717],[90.26458011475972,26.312933443276822],[90.26724024052265,26.330558029651467],[90.21599781793174,26.3287700281352],[90.22789838055532,26.349332045572286],[90.21473775835983,26.351630904664628],[90.23433868503395,26.36555177361272],[90.22705834084071,26.384070360745497],[90.20661737445198,26.37487492437612],[90.20703739430928,26.363125200126355],[90.18785648749247,26.34562832814573],[90.14865463414424,26.352652619816784],[90.11673312498925,26.338987179656733],[90.11813319118026,26.316892589491417],[90.1077727013668,26.312550300094767],[90.1242934824207,26.303865721301463],[90.12611356846901,26.283175989470358],[90.1409542700937,26.29326542659787],[90.14053425023639,26.276151697799303],[90.11757316470386,26.25852711142466],[90.10343249617468,26.26785026218806],[90.09741221155333,26.262230828851216],[90.10399252265108,26.251119676571548],[90.12037329708588,26.25048110460145],[90.13633405166337,26.2154873606402],[90.14739457457233,26.22008507882489],[90.15215479962177,26.208973926545223],[90.06381062296913,26.172703038643782],[90.0250287894782,26.1268535711909],[89.98204675741425,26.136559865136356],[89.96692604255136,26.126981285584918],[89.93822468563569,26.132856147709802],[89.93570456649188,26.116891848457406],[89.91610363981775,26.116508705275347],[89.90854328238632,26.132473004527743],[89.88264205785265,26.135665864378222],[89.86906141579988,26.149331304538272],[89.86850138932347,26.14984216211435],[89.87536171365942,26.189050481078233],[89.86010099217742,26.18802876592608],[89.8729816011347,26.202077349268187],[89.85996098555833,26.219957364430872],[89.86976144889539,26.234133662166997],[89.85870092598641,26.23834823716963],[89.87424166070662,26.24741595914499],[89.86612127679876,26.25801625384858],[89.88460215052007,26.298629431146676],[89.87956191223245,26.307058581151942],[89.9057431500043,26.326215740254817],[89.90308302424138,26.337071463746444],[89.86920142241898,26.349587474360323],[89.87564172689761,26.362869771338314],[89.84498027731453,26.372703779677792],[89.84414023759993,26.377812355438557],[89.84316019126622,26.383176359987363],[89.8563208134617,26.384198075139516],[89.84722038322015,26.402844376666312],[89.84624033688644,26.404760092576602],[89.8379799463595,26.39135008120459],[89.82803947640333,26.394542941055068],[89.83447978088196,26.414466386522058],[89.83517981397748,26.41382781455196],[89.8563208134617,26.413061528187846],[89.84778040969655,26.422895536527324],[89.86654129665607,26.45840013806465],[89.85170059503137,26.487135876718963],[89.85030052884036,26.489690164599345],[89.84974050236396,26.49083959414552],[89.85044053545947,26.494160168390017],[89.86234109808304,26.553802790396965],[89.85758087303361,26.5760250949563],[89.87424166070662,26.584071101779507],[89.86556125032236,26.591989394208696],[89.86948143565718,26.61395626997999],[89.84974050236396,26.623151706349372],[89.86640129003696,26.645629439696744],[89.86332114441674,26.681261755628093],[89.85184060165048,26.697098340486466],[89.85198060826957,26.69722605488049],[89.86528123708416,26.704761204127617],[89.85884093260552,26.73490180111614],[89.96664602931315,26.723535220048436],[90.04924993458265,26.73043179732547],[90.12793365451732,26.75022752839844],[90.19471681182841,26.773726976897965],[90.18771648087338,26.807060433736968],[90.20115711630706,26.83541302920922],[90.23083851955643,26.85878476331473],[90.30000178939224,26.848439897399178],[90.33584348388206,26.862743909529325]]]}},{"type":"Feature","properties":{"district":"Darrang","dt_code":"325","st_nm":"Assam","st_code":"18","year":"2011_c"},"geometry":{"type":"Polygon","coordinates":[[[92.35977916960371,26.583177101021374],[92.35221881217227,26.5700225184374],[92.36607946746325,26.566191086616826],[92.36089922255651,26.558655937369693],[92.38036014261154,26.52762133962304],[92.35417890483967,26.53477334568811],[92.33191785240264,26.515233043403178],[92.33177784578353,26.51510532900916],[92.33205785902175,26.51510532900916],[92.34073826940599,26.50246160400126],[92.3412982958824,26.501567603243128],[92.28123545628814,26.45418556306202],[92.24469372870283,26.446139556238812],[92.21865249755007,26.41574353046225],[92.21739243797816,26.415998959250288],[92.18197076334565,26.42442810925555],[92.1571895917648,26.41229524182373],[92.09978687793347,26.341030609961038],[92.08424614321328,26.338987179656733],[92.04168413100662,26.275385411435188],[92.0401440581965,26.273086552342843],[92.0365038860999,26.27257569476677],[92.03020358824034,26.271809408402653],[92.02432331023812,26.271043122038538],[92.01536288661566,26.283175989470358],[91.99212178784492,26.269638263704326],[91.97994121198315,26.274235981889017],[91.97812112593483,26.27487455385911],[91.87997648594515,26.216636790186374],[91.77091132966561,26.198501346235652],[91.74865027722856,26.209357069727282],[91.74697019779936,26.216764504580393],[91.74711020441846,26.221362222765084],[91.78141182609816,26.244223099294512],[91.78393194524199,26.250864247783507],[91.78575203129029,26.255589680362217],[91.79037224972062,26.268105690976096],[91.78995222986332,26.270276835674423],[91.78183184595547,26.305398294029693],[91.79317238210264,26.321234878888067],[91.79555249462734,26.32046859252395],[91.81235328891945,26.31459373039907],[91.81557344115876,26.3134443008529],[91.80899313006103,26.32136259328209],[91.80857311020372,26.322256594040223],[91.82173373239921,26.33183517359166],[91.82215375225651,26.370404920585447],[91.8207536860655,26.372065207707696],[91.81781354706439,26.375768925134253],[91.79751258729476,26.40041780317995],[91.78953221000602,26.410124097125408],[91.77567155471503,26.427110111529956],[91.76853121714089,26.448055272149098],[91.76629111123528,26.462359284279245],[91.7710513362847,26.468745003980203],[91.77735163414424,26.470022147920393],[91.77931172681166,26.479089869895756],[91.79975269320038,26.477046439591447],[91.80157277924869,26.489690164599345],[91.80171278586778,26.489817878993364],[91.78127181947906,26.496203598694322],[91.78127181947906,26.496459027482363],[91.7872921041004,26.49799160021059],[91.78071179300267,26.508208751732123],[91.77791166062065,26.512678755522796],[91.81725352058798,26.505399035063704],[91.83321427516547,26.515233043403178],[91.82761401040145,26.544990497209643],[91.80983316977563,26.54396878205749],[91.81291331539586,26.559422223733808],[91.82999412292615,26.55814507979362],[91.83139418911716,26.571171947983572],[91.82089369268459,26.572065948741706],[91.83377430164188,26.583177101021374],[91.8375544803576,26.58075052753501],[91.8378344935958,26.57462023662209],[91.84987506283848,26.57295994949984],[91.8540752614115,26.538349348720647],[91.8698960093699,26.53183591462567],[91.88431669113729,26.538477063114666],[91.89663727361815,26.569639375255342],[91.9219784716754,26.567595944951037],[91.92785874967764,26.537327633568495],[91.96510051035847,26.539881921448877],[91.95880021249891,26.55175936009266],[91.97014074864609,26.55610164948931],[91.99030170179661,26.555079934337158],[92.0050023968022,26.53451791690007],[92.01312278071005,26.53656134720438],[92.00360233061119,26.543457924481412],[92.02824349557294,26.542180780541223],[92.01942307856959,26.521874191892174],[92.03454379343248,26.524300765378538],[92.02502334333361,26.50884732370222],[92.04084409129202,26.50999675324839],[92.0384639787673,26.48573101838475],[92.05050454800997,26.4753861524692],[92.0566648392504,26.509102752490257],[92.06842539525488,26.50999675324839],[92.06842539525488,26.54511821160366],[92.1070672221267,26.552142503274716],[92.10860729493682,26.57027794722544],[92.10076692426716,26.579345669200798],[92.08662625573798,26.57589738056228],[92.07948591816384,26.589307391934295],[92.06254511725264,26.587263961629986],[92.05680484586951,26.546906213119932],[92.02852350881113,26.545884497967776],[92.0058424365168,26.559549938127827],[92.00962261523253,26.58981824951037],[92.03314372724147,26.592627966178792],[92.02544336319092,26.60948626618932],[92.0386039853864,26.609103123007262],[92.03720391919539,26.62046970407497],[92.0703854879223,26.624556564683584],[92.072765600447,26.646906583636937],[92.12148790389409,26.64371372378646],[92.11854776489298,26.6526537313678],[92.18085071039285,26.668618030620195],[92.17693052505803,26.651504301821625],[92.18435087587036,26.64473543893861],[92.20213171649617,26.651248873033587],[92.2050718554973,26.640648578329998],[92.19373131935012,26.634901430599136],[92.22033257697927,26.62813256771612],[92.23461325212756,26.596970255575442],[92.22705289469612,26.593905110118982],[92.23055306017363,26.5486942146362],[92.26471467523425,26.570661090407494],[92.25267410599157,26.573853950257973],[92.24217360955902,26.603228260882382],[92.27311507238029,26.616255129072336],[92.27577519814321,26.657506878340527],[92.28963585343419,26.65099344424555],[92.29425607186452,26.6220022768032],[92.31427701839594,26.624045707107506],[92.31189690587122,26.607187407096976],[92.33485799140377,26.6220022768032],[92.33177784578353,26.606293406338843],[92.34423843488352,26.597736541939557],[92.3253375413049,26.596714826787405],[92.326877614115,26.589307391934295],[92.32729763397232,26.587391676024005],[92.35977916960371,26.583177101021374]]]}},{"type":"Feature","properties":{"district":"Tuensang","dt_code":"267","st_nm":"Nagaland","st_code":"13","year":"2011_c"},"geometry":{"type":"Polygon","coordinates":[[[94.91279986890741,26.380111214530903],[94.91321988876471,26.380111214530903],[94.90999973652539,26.356356337243337],[94.95228173549384,26.352780334210802],[94.95438183478036,26.331068887227545],[94.94220125891859,26.306420009181846],[94.96698243049943,26.297224572812464],[95.00030400584544,26.29364856977993],[95.03740575990716,26.326471169042854],[95.06876724258575,26.337454606928503],[95.08192786478122,26.33771003571654],[95.12210976446316,26.347927187238074],[95.1282700557036,26.339625751626826],[95.11944963870025,26.264912831125617],[95.12729000936989,26.25367396445193],[95.11440940041261,26.23272880383279],[95.14255073085188,26.211528214425606],[95.12196975784406,26.18496362046962],[95.11706952617553,26.158654455301672],[95.12630996303619,26.129152430283245],[95.11594947322273,26.107568697694006],[95.14955106180693,26.086751251468883],[95.16467177666982,26.092498399199744],[95.18567276953493,26.07334124009687],[95.12574993655979,25.9862400233758],[95.08920820897447,25.950607707444455],[95.04384606438579,25.926980544550908],[95.03096545542851,25.93132283394756],[95.01360463466001,25.891220514225544],[95.01346462804091,25.890837371043485],[94.97300271512077,25.881769649068126],[94.96782247021405,25.901820808929134],[94.93730102725006,25.912804246814783],[94.9280605903894,25.946137703653783],[94.92498044476919,25.94869199153417],[94.9102797497636,25.948564277140147],[94.8943189951861,25.94230627183321],[94.86393755884123,25.948053419564072],[94.8423765394997,25.933621693039907],[94.85777726760078,25.971936011245656],[94.88815870394566,26.008462327935135],[94.88045833989511,26.01816862188059],[94.86449758531762,26.016252905970305],[94.84545668511991,26.04128492719806],[94.78679391171667,26.00910089990523],[94.76663295856615,26.02302176885332],[94.71847068159545,26.02314948324734],[94.68906929158427,26.009867186269346],[94.66918835167196,26.02008433779088],[94.70461002630448,26.048820076445192],[94.68738921215507,26.115359275729176],[94.70573007925728,26.171936752279667],[94.69662964901573,26.17142589470359],[94.68934930482249,26.198118203053593],[94.66666823252815,26.21254992957776],[94.65644774933378,26.20322677881436],[94.63824688885069,26.217275362156467],[94.61248567093612,26.193520484868905],[94.59974506859795,26.19735191668948],[94.58336429416315,26.218935649278716],[94.58336429416315,26.22008507882489],[94.58308428092495,26.23834823716963],[94.55984318215421,26.255845109150258],[94.56376336748903,26.283942275834473],[94.56432339396544,26.287645993261027],[94.58154420811485,26.289561709171316],[94.58280426768675,26.300800575845003],[94.5927447376429,26.295692000084234],[94.61444576360354,26.326343454648836],[94.65070747795065,26.338604036474674],[94.66372809352703,26.37129892134358],[94.6574277956675,26.375768925134253],[94.67814877529442,26.381260644077074],[94.6932694901573,26.41280609939981],[94.70250992701796,26.40846381000316],[94.70741015868649,26.434900689565126],[94.7088102248775,26.442563553206273],[94.7093702513539,26.44601184184479],[94.74381187965271,26.461976141097185],[94.76593292547064,26.460188139580918],[94.84685675131092,26.38228235922923],[94.912239842431,26.380111214530903],[94.91279986890741,26.380111214530903]]]}},{"type":"Feature","properties":{"district":"Barpeta","dt_code":"303","st_nm":"Assam","st_code":"18","year":"2011_c"},"geometry":{"type":"Polygon","coordinates":[[[90.84770768331471,26.528004482805095],[90.85358796131695,26.529026197957247],[90.85358796131695,26.529153912351266],[90.83188693535631,26.53924334947878],[90.82320652497205,26.56095479646204],[90.85736814003266,26.567212801768978],[90.86716860336972,26.562870512372328],[90.87542899389666,26.563253655554384],[90.87752909318318,26.558272794187637],[90.87780910642138,26.557506507823522],[90.89124974185506,26.552014788880697],[90.90917058909997,26.573981664651992],[90.92569137015387,26.575641951774244],[90.92121115834264,26.559549938127827],[90.9317116547752,26.55482450554912],[90.93493180701452,26.584198816173526],[90.96349315731109,26.583177101021374],[90.963353150692,26.59863054269769],[90.98911436860655,26.590584535874484],[90.99485463998968,26.600801687396018],[90.9959746929425,26.57142737677161],[90.98533418989082,26.575514237380222],[90.97679378612568,26.53975420705486],[90.97693379274477,26.49952417293882],[90.9329717143471,26.477812725955562],[90.95299266087854,26.47091614867853],[90.94557231006618,26.46172071230915],[90.95215262116392,26.457122994124457],[90.97301360740995,26.46120985473307],[90.96209309112008,26.457761566094554],[90.96111304478637,26.44435155472254],[90.96223309773919,26.443968411540485],[90.97539371993466,26.440264694113928],[90.96979345517063,26.428770398652205],[90.98253405750881,26.43094154335053],[90.98169401779421,26.416254388038325],[91.00353505037393,26.422001535769187],[90.99695473927619,26.43528383274718],[91.00983534823347,26.435028403959144],[91.0143155600447,26.445756413056753],[91.0140355468065,26.44588412745077],[90.99653471941889,26.470022147920393],[90.99107446127397,26.5240453365905],[91.05211734720191,26.529409341139306],[91.05897767153786,26.516127044161312],[91.07185828049514,26.51625475855533],[91.08081870411759,26.55622936388333],[91.10980007427146,26.56121022525008],[91.10461982936474,26.567468230557015],[91.11834047803661,26.572704520711802],[91.12184064351413,26.582666243445296],[91.11330023974898,26.58394338738549],[91.12632085532536,26.604633119216594],[91.13892145104444,26.60169568815415],[91.14228160990285,26.600929401790037],[91.14200159666466,26.603228260882382],[91.14172158342646,26.604377690428556],[91.14060153047365,26.611529696493626],[91.12282068984784,26.611785125281667],[91.11638038536921,26.632091713930713],[91.09775950502879,26.629026568474252],[91.09509937926587,26.639116005601768],[91.11260020665348,26.637583432873537],[91.11274021327259,26.651504301821625],[91.09523938588498,26.65227058818574],[91.09733948517149,26.665425170769716],[91.12744090827817,26.65878402228072],[91.12758091489727,26.650099443487417],[91.13948147752085,26.65061030106349],[91.14536175552308,26.66274316849531],[91.15768233800395,26.651504301821625],[91.15138204014441,26.63886057681373],[91.18638369491963,26.627749424534063],[91.17658323158257,26.622896277561335],[91.18680371477693,26.6220022768032],[91.18456360887131,26.60501626239865],[91.18442360225221,26.604377690428556],[91.19856427078139,26.60386683285248],[91.19772423106679,26.623023991955353],[91.24854663380039,26.619447988922815],[91.24756658746668,26.607825979067073],[91.2334259189375,26.607570550279036],[91.23748611089142,26.577302238896493],[91.26912760680821,26.584454244961567],[91.25848710375655,26.570533376013476],[91.28998859305423,26.564403085100558],[91.24798660732398,26.538477063114666],[91.24392641537007,26.523917622196482],[91.24784660070489,26.523406764620404],[91.2495266801341,26.523151335832367],[91.24784660070489,26.510763039612506],[91.26590745456889,26.491095022933557],[91.23132581965099,26.43847669259766],[91.24196632270265,26.404249235000524],[91.2335659255566,26.399523802421815],[91.24196632270265,26.38828493574813],[91.23692608441502,26.377940069832576],[91.23748611089142,26.37755692665052],[91.24434643522737,26.381005215289036],[91.24714656760938,26.37180977891966],[91.2653474280925,26.36082634103401],[91.2649274082352,26.370915778161525],[91.2825682422419,26.375130353164156],[91.27094769285652,26.364657772854585],[91.27738799733517,26.34090289556702],[91.2671675141408,26.340519752384964],[91.26982763990372,26.329025456923237],[91.25582697799364,26.31484915918711],[91.26142724275766,26.30424886448352],[91.2500867066105,26.301950005391173],[91.26114722951947,26.289306280383276],[91.22698561445887,26.28253741750026],[91.2159250915499,26.26733940461198],[91.24084626974985,26.26108139930504],[91.24014623665434,26.260442827334945],[91.21998528350382,26.2428182409603],[91.2156450783117,26.23898680913973],[91.2156450783117,26.235155377319153],[91.2166251246454,26.219191078066757],[91.23482598512851,26.208718497757186],[91.24826662056219,26.20131106290407],[91.24812661394309,26.200927919722016],[91.23734610427232,26.18023818789091],[91.22334544236224,26.17908875834474],[91.21788518421731,26.178577900768662],[91.21270493931058,26.179982759102874],[91.20164441640162,26.177045328040432],[91.1169404118456,26.154695309087078],[91.10069964402992,26.16516788939665],[91.09215924026476,26.16363531666842],[91.08823905492994,26.162996744698326],[91.08123872397489,26.161719600758133],[91.02971628814579,26.119190707549752],[90.998074792229,26.12876928710119],[91.00941532837616,26.115614704517213],[90.99583468632339,26.11944613633779],[90.99527465984698,26.119573850731808],[90.94893246892461,26.097223831778454],[90.94333220416058,26.094541829504053],[90.93591185334823,26.100672120416974],[90.93479180039543,26.10105526359903],[90.92205119805725,26.093392399957878],[90.91673094653142,26.089816396925343],[90.91603091343592,26.089816396925343],[90.87150880856184,26.095563544656205],[90.85960824593828,26.112421844666734],[90.83958729940686,26.109228984816255],[90.78204457895642,26.129280144677264],[90.71442138193072,26.130174145435397],[90.69398041554199,26.150863877266502],[90.67171936310496,26.198245917447615],[90.66989927705664,26.202077349268187],[90.65337849600274,26.237326522017476],[90.67297942267686,26.25048110460145],[90.68375993234763,26.257760825060544],[90.6974805810195,26.257760825060544],[90.73332227550932,26.257760825060544],[90.73108216960371,26.268361119764133],[90.72002164669475,26.268488834158152],[90.72030165993294,26.28253741750026],[90.75152313599243,26.309612869032325],[90.80262555196424,26.30718629554596],[90.78946492976876,26.329408600105296],[90.81788627344622,26.36682891755291],[90.84098736559787,26.35776119557755],[90.85974825255738,26.362742056944295],[90.86114831874838,26.377301497862483],[90.84476754431358,26.40169494712014],[90.86170834522478,26.43106925774455],[90.85568806060346,26.439115264567757],[90.8128460351586,26.428131826682108],[90.7970252872002,26.43566697592924],[90.82768673678328,26.448821558513213],[90.81844629992263,26.47564158125724],[90.80388561153615,26.477812725955562],[90.80486565786985,26.4967144562704],[90.82278650511475,26.49058416535748],[90.82740672354508,26.502078460819206],[90.84210741855067,26.499651887332842],[90.84994778922032,26.51983076158787],[90.84770768331471,26.528004482805095]]]}},{"type":"Feature","properties":{"district":"Nalbari","dt_code":"323","st_nm":"Assam","st_code":"18","year":"2011_c"},"geometry":{"type":"Polygon","coordinates":[[[91.2495266801341,26.523151335832367],[91.26366734866329,26.521618763104136],[91.26632747442619,26.53502877447615],[91.29670891077109,26.546267641149836],[91.31140960577667,26.516893330525427],[91.28942856657784,26.515360757797197],[91.2842483216711,26.50258931839528],[91.30104911596321,26.500290459302935],[91.30230917553511,26.500035030514898],[91.29768895710478,26.48751901990102],[91.29684891739018,26.484964732020636],[91.30216916891601,26.486752733536903],[91.32807039344966,26.49530959793619],[91.34151102888335,26.49977960172686],[91.35537168417433,26.510763039612506],[91.35271155841141,26.5240453365905],[91.45981662202355,26.542691638117297],[91.42887515920226,26.549332786606296],[91.4343354173472,26.563381369948402],[91.4676569926932,26.562615083584287],[91.47591738322015,26.570916519195535],[91.49131811132123,26.561082510856057],[91.49439825694145,26.533879344929975],[91.50643882618412,26.532474486595767],[91.52827985876385,26.558655937369693],[91.57756218868735,26.571938234347687],[91.5848425328806,26.555846220701273],[91.57406202320983,26.555335363125195],[91.57812221516376,26.529153912351266],[91.55628118258403,26.525450194924712],[91.56202145396716,26.483687588080446],[91.54998088472449,26.469894433526374],[91.5497008714863,26.469511290344318],[91.56412155325367,26.430175256986416],[91.52869987862115,26.3927549395388],[91.5364002426717,26.376407497104346],[91.51959944837961,26.354823764515107],[91.52491969990544,26.336688320564388],[91.45491639035502,26.320340878129933],[91.4514162248775,26.269638263704326],[91.43657552325281,26.260315112940926],[91.41263439138658,26.265551403095714],[91.41291440462477,26.264912831125617],[91.42229484810453,26.23234566065073],[91.4197747289607,26.205908781088763],[91.41109431857646,26.201183348510053],[91.42047476205622,26.174618754554068],[91.41431447081578,26.13604900756028],[91.39065335218774,26.138986438622723],[91.35369160474512,26.167339034094976],[91.29460881148457,26.15724959696746],[91.22334544236224,26.17908875834474],[91.23734610427232,26.18023818789091],[91.24812661394309,26.200927919722016],[91.24826662056219,26.20131106290407],[91.23482598512851,26.208718497757186],[91.2166251246454,26.219191078066757],[91.2156450783117,26.235155377319153],[91.2156450783117,26.23898680913973],[91.21998528350382,26.2428182409603],[91.24014623665434,26.260442827334945],[91.24084626974985,26.26108139930504],[91.2159250915499,26.26733940461198],[91.22698561445887,26.28253741750026],[91.26114722951947,26.289306280383276],[91.2500867066105,26.301950005391173],[91.26142724275766,26.30424886448352],[91.25582697799364,26.31484915918711],[91.26982763990372,26.329025456923237],[91.2671675141408,26.340519752384964],[91.27738799733517,26.34090289556702],[91.27094769285652,26.364657772854585],[91.2825682422419,26.375130353164156],[91.2649274082352,26.370915778161525],[91.2653474280925,26.36082634103401],[91.24714656760938,26.37180977891966],[91.24434643522737,26.381005215289036],[91.23748611089142,26.37755692665052],[91.23692608441502,26.377940069832576],[91.24196632270265,26.38828493574813],[91.2335659255566,26.399523802421815],[91.24196632270265,26.404249235000524],[91.23132581965099,26.43847669259766],[91.26590745456889,26.491095022933557],[91.24784660070489,26.510763039612506],[91.2495266801341,26.523151335832367]]]}},{"type":"Feature","properties":{"district":"Morigaon","dt_code":"304","st_nm":"Assam","st_code":"18","year":"2011_c"},"geometry":{"type":"Polygon","coordinates":[[[92.34073826940599,26.50246160400126],[92.34731858050374,26.50769789415605],[92.35165878569586,26.508081037338105],[92.3594991563655,26.505271320669685],[92.36887959984526,26.509741324460354],[92.41914197610247,26.51459447143308],[92.41984200919796,26.478962155501737],[92.44112301530129,26.451886703969674],[92.4419630550159,26.436305547899334],[92.42432222100919,26.413572385763924],[92.43398267772716,26.412933813793828],[92.44070299544398,26.370277206191428],[92.46982437221696,26.374236352406022],[92.48592513341356,26.363380628914392],[92.50272592770565,26.38202693044119],[92.50664611304049,26.37180977891966],[92.55144823115275,26.38215464483521],[92.56684895925385,26.372192922101714],[92.56824902544486,26.33783775011056],[92.55270829072467,26.30833572509213],[92.50412599389666,26.272958837948824],[92.41928198272157,26.270149121280404],[92.40780143995529,26.244095384900493],[92.425442273962,26.231962517468673],[92.43090253210693,26.1908384825945],[92.41690187019685,26.152396449994733],[92.39884101633284,26.137453865894493],[92.4083614664317,26.12570414164473],[92.39548085747442,26.11357127421291],[92.36285931522393,26.077555815099505],[92.3596391629846,26.09160439844161],[92.32981775311613,26.07678952873539],[92.3233774486375,26.08624039389281],[92.29593615129373,26.08253667646625],[92.29383605200722,26.082153533284192],[92.2913159328634,26.080110102979887],[92.2735350922376,26.06580609084974],[92.26289458918593,26.06593380524376],[92.21543234531075,26.06631694842582],[92.18421086925126,26.068360378730123],[92.17623049196251,26.07346895449089],[92.1728703331041,26.075512384795196],[92.17525044562882,26.077300386311464],[92.16348988962434,26.121744995430134],[92.16699005510186,26.16389074545646],[92.15466947262098,26.170787322733492],[92.14976924095245,26.161464171970096],[92.12974829442103,26.180493616678948],[92.1066472022694,26.172064466673685],[92.08004594464025,26.17730075682847],[92.09362658669302,26.188667337896177],[92.06016500472792,26.196457915931344],[92.0555447862976,26.22059593640097],[92.02810348895383,26.232473375044748],[92.01368280718646,26.22800337125408],[92.01032264832803,26.2428182409603],[91.98302135760336,26.23834823716963],[91.98176129803146,26.239497666715803],[91.9721008413135,26.248309959903125],[91.97994121198315,26.274235981889017],[91.99212178784492,26.269638263704326],[92.01536288661566,26.283175989470358],[92.02432331023812,26.271043122038538],[92.03020358824034,26.271809408402653],[92.0365038860999,26.27257569476677],[92.0401440581965,26.273086552342843],[92.04168413100662,26.275385411435188],[92.08424614321328,26.338987179656733],[92.09978687793347,26.341030609961038],[92.1571895917648,26.41229524182373],[92.18197076334565,26.42442810925555],[92.21739243797816,26.415998959250288],[92.21865249755007,26.41574353046225],[92.24469372870283,26.446139556238812],[92.28123545628814,26.45418556306202],[92.3412982958824,26.501567603243128],[92.34073826940599,26.50246160400126]]]}},{"type":"Feature","properties":{"district":"Kamrup","dt_code":"321","st_nm":"Assam","st_code":"18","year":"2011_c"},"geometry":{"type":"MultiPolygon","coordinates":[[[[91.57812221516376,26.529153912351266],[91.57812221516376,26.52889848356323],[91.58246242035588,26.528004482805095],[91.5862425990716,26.52838762598715],[91.5865226123098,26.52723819644098],[91.58960275793002,26.514466757039063],[91.6195641744176,26.512806469916814],[91.61634402217828,26.48573101838475],[91.62852459804006,26.493393882025902],[91.62040421413221,26.47960072747183],[91.62824458480185,26.480877871412023],[91.62656450537264,26.47091614867853],[91.61802410160749,26.468745003980203],[91.62922463113556,26.464913572159627],[91.62502443256253,26.447161271390964],[91.67668687501074,26.448438415331154],[91.70986844373763,26.478962155501737],[91.720088926932,26.47691872519743],[91.72484915198143,26.50310017597136],[91.7542505419926,26.494415597178055],[91.75229044932519,26.481644157776138],[91.77987175328806,26.481771872170157],[91.77945173343076,26.47960072747183],[91.77931172681166,26.479089869895756],[91.77735163414424,26.470022147920393],[91.7710513362847,26.468745003980203],[91.76629111123528,26.462359284279245],[91.76853121714089,26.448055272149098],[91.77567155471503,26.427110111529956],[91.78953221000602,26.410124097125408],[91.79751258729476,26.40041780317995],[91.81781354706439,26.375768925134253],[91.8207536860655,26.372065207707696],[91.82215375225651,26.370404920585447],[91.82173373239921,26.33183517359166],[91.80857311020372,26.322256594040223],[91.80899313006103,26.32136259328209],[91.81557344115876,26.3134443008529],[91.81235328891945,26.31459373039907],[91.79555249462734,26.32046859252395],[91.79317238210264,26.321234878888067],[91.78183184595547,26.305398294029693],[91.78995222986332,26.270276835674423],[91.79037224972062,26.268105690976096],[91.78575203129029,26.255589680362217],[91.78393194524199,26.250864247783507],[91.78141182609816,26.244223099294512],[91.74711020441846,26.221362222765084],[91.74697019779936,26.216764504580393],[91.74865027722856,26.209357069727282],[91.74879028384767,26.208973926545223],[91.73142946307917,26.21088964245551],[91.71182853640505,26.19134934017058],[91.69474772887475,26.203993065178476],[91.6719266499613,26.20182192048015],[91.68228713977477,26.21587050382226],[91.66464630576807,26.21970193564283],[91.64350530628384,26.19556391517321],[91.6517656968108,26.178322471980625],[91.65736596157483,26.18228161819522],[91.64896556442878,26.165678746972727],[91.64854554457148,26.16555103257871],[91.56888177830311,26.150480734084447],[91.5686017650649,26.14996987650837],[91.56468157973008,26.144989015141622],[91.56412155325367,26.10424812344951],[91.5872226454053,26.090199540107402],[91.56846175844579,26.06005894311888],[91.57854223502106,26.059037227966726],[91.57938227473566,26.068232664336104],[91.5865226123098,26.057760084026533],[91.59828316831428,26.060825229482994],[91.60024326098169,26.075640099189215],[91.62922463113556,26.07474609843108],[91.72302906593312,26.0348992074971],[91.72260904607582,25.977810873370537],[91.72246903945671,25.965805720332735],[91.72092896664661,25.962102002906178],[91.71546870850167,25.949202849110243],[91.71336860921517,25.944094273349478],[91.67052658377031,25.904247382415498],[91.65148568357259,25.906418527113825],[91.60934369122324,25.93745312486048],[91.61186381036705,25.94511598850163],[91.62978465761196,25.943327986985363],[91.64070517390184,25.96389000442245],[91.62600447889625,25.986750880951877],[91.63104471718387,26.022000053701166],[91.59744312859968,26.01816862188059],[91.57994230121207,26.033238920374853],[91.5512409442964,25.976661443824366],[91.51805937556949,25.959803143813833],[91.5197394549987,25.940007412740865],[91.50279865408751,25.926597401368852],[91.50321867394482,25.913825961966936],[91.536820262529,25.93132283394756],[91.50475874675492,25.907823385448033],[91.50377870042121,25.891220514225544],[91.4838977605089,25.89313623013583],[91.47479733026734,25.874106785426974],[91.50867893208974,25.866699350573864],[91.46303677426287,25.857120771022426],[91.44511592701797,25.839879327829838],[91.42243485472363,25.854566483142044],[91.37161245199002,25.846392761924818],[91.33563075088111,25.840645614193953],[91.33563075088111,25.840773328587975],[91.33563075088111,25.840645614193953],[91.27444785833404,25.750479252016426],[91.22236539602854,25.722637514120247],[91.19044388687354,25.74792496413604],[91.17812330439267,25.777426989154467],[91.18624368830052,25.81842330963462],[91.20360450906902,25.843327616468358],[91.19576413839938,25.861463060419076],[91.18022340367918,25.844093902832473],[91.14746185480959,25.85060733692745],[91.12030057070403,25.832982750552805],[91.06205781715808,25.820849883120985],[91.0487571883435,25.829406747520267],[91.07185828049514,25.838857612677685],[91.07843859159289,25.852778481625776],[91.048057155248,25.849202478593238],[91.04763713539069,25.849202478593238],[91.04693710229519,25.848436192229123],[91.01179544090088,25.82442588615352],[91.00745523570876,25.824681314941557],[91.0154356129975,25.848180763441086],[91.02649613590647,25.880237076339895],[91.02565609619187,25.88585650967674],[91.02845622857387,25.885984224070757],[91.0474971287716,25.941539985469095],[91.08039868426029,25.972319154427712],[91.099439584458,26.009867186269346],[91.08921910126364,26.03208949082868],[91.0651379627783,26.047542932505],[91.02621612266827,26.046776646140884],[90.9812739979369,26.0628686597873],[90.9478124159718,26.090710397683477],[90.94025205854035,26.093009256775822],[90.94333220416058,26.094541829504053],[90.94893246892461,26.097223831778454],[90.99527465984698,26.119573850731808],[90.99583468632339,26.11944613633779],[91.00941532837616,26.115614704517213],[90.998074792229,26.12876928710119],[91.02971628814579,26.119190707549752],[91.08123872397489,26.161719600758133],[91.08823905492994,26.162996744698326],[91.09215924026476,26.16363531666842],[91.10069964402992,26.16516788939665],[91.1169404118456,26.154695309087078],[91.20164441640162,26.177045328040432],[91.21270493931058,26.179982759102874],[91.21788518421731,26.178577900768662],[91.22334544236224,26.17908875834474],[91.29460881148457,26.15724959696746],[91.35369160474512,26.167339034094976],[91.39065335218774,26.138986438622723],[91.41431447081578,26.13604900756028],[91.42047476205622,26.174618754554068],[91.41109431857646,26.201183348510053],[91.4197747289607,26.205908781088763],[91.42229484810453,26.23234566065073],[91.41291440462477,26.264912831125617],[91.41263439138658,26.265551403095714],[91.43657552325281,26.260315112940926],[91.4514162248775,26.269638263704326],[91.45491639035502,26.320340878129933],[91.52491969990544,26.336688320564388],[91.51959944837961,26.354823764515107],[91.5364002426717,26.376407497104346],[91.52869987862115,26.3927549395388],[91.56412155325367,26.430175256986416],[91.5497008714863,26.469511290344318],[91.54998088472449,26.469894433526374],[91.56202145396716,26.483687588080446],[91.55628118258403,26.525450194924712],[91.57812221516376,26.529153912351266]]],[[[91.51413919023467,25.867976494514057],[91.52645977271555,25.891220514225544],[91.5351401830998,25.883940793766453],[91.53037995805037,25.871297068758555],[91.51413919023467,25.867976494514057]]]]}},{"type":"Feature","properties":{"district":"Bongaigaon","dt_code":"319","st_nm":"Assam","st_code":"18","year":"2011_c"},"geometry":{"type":"Polygon","coordinates":[[[90.39912647571563,26.44166955244814],[90.42894788558411,26.44894927290723],[90.43720827611106,26.46108214033905],[90.4598893484054,26.453036133515845],[90.46324950726381,26.46465814337159],[90.4771101625548,26.462614713067282],[90.45624917630877,26.4327295448668],[90.47669014269749,26.385602933473727],[90.48089034127052,26.42059667743498],[90.50413144004126,26.426216110771822],[90.50973170480529,26.44894927290723],[90.49825116203903,26.459421853216803],[90.51967217476145,26.50923046688428],[90.58995549755006,26.489817878993364],[90.60185606017365,26.491478166115613],[90.58897545121636,26.511657040370643],[90.60115602707813,26.51638247294935],[90.62355708613427,26.507825608550068],[90.62089696037135,26.49364931081394],[90.68235986615662,26.499141029756764],[90.68572002501504,26.481771872170157],[90.71708150769362,26.479217584289774],[90.71022118335769,26.451631275181633],[90.73570238803404,26.44179726684216],[90.74480281827559,26.465679858523742],[90.73108216960371,26.471810149436664],[90.73108216960371,26.48292130171633],[90.76636383761712,26.485603303990732],[90.77742436052608,26.504888177487626],[90.75754342061377,26.5147221858271],[90.77462422814406,26.530558770685477],[90.78708481724405,26.52762133962304],[90.78764484372044,26.517531902495524],[90.84770768331471,26.528004482805095],[90.84994778922032,26.51983076158787],[90.84210741855067,26.499651887332842],[90.82740672354508,26.502078460819206],[90.82278650511475,26.49058416535748],[90.80486565786985,26.4967144562704],[90.80388561153615,26.477812725955562],[90.81844629992263,26.47564158125724],[90.82768673678328,26.448821558513213],[90.7970252872002,26.43566697592924],[90.8128460351586,26.428131826682108],[90.85568806060346,26.439115264567757],[90.86170834522478,26.43106925774455],[90.84476754431358,26.40169494712014],[90.86114831874838,26.377301497862483],[90.85974825255738,26.362742056944295],[90.84098736559787,26.35776119557755],[90.81788627344622,26.36682891755291],[90.78946492976876,26.329408600105296],[90.80262555196424,26.30718629554596],[90.75152313599243,26.309612869032325],[90.72030165993294,26.28253741750026],[90.72002164669475,26.268488834158152],[90.73108216960371,26.268361119764133],[90.73332227550932,26.257760825060544],[90.6974805810195,26.257760825060544],[90.68375993234763,26.257760825060544],[90.67297942267686,26.25048110460145],[90.65337849600274,26.237326522017476],[90.66989927705664,26.202077349268187],[90.66093885343419,26.207313639422974],[90.65589861514655,26.21114507124355],[90.65505857543195,26.21088964245551],[90.62243703318146,26.202077349268187],[90.61795682137023,26.209357069727282],[90.60017598074444,26.215231931852163],[90.577354901831,26.2034822076024],[90.52121224757155,26.199650775781823],[90.51939216152326,26.19862906062967],[90.46926979188515,26.16823303485311],[90.46996982498065,26.178194757586606],[90.44476863354251,26.165678746972727],[90.4429485474942,26.17870561516268],[90.44840880563913,26.184069619711487],[90.44196850116049,26.1848359060756],[90.39114609842689,26.191477054564597],[90.39016605209318,26.2034822076024],[90.4104670118628,26.211911357607665],[90.4421085077796,26.236560235653364],[90.43188802458523,26.260825970517004],[90.45036889830654,26.25073653338949],[90.4449086401616,26.267467119006],[90.47318997721997,26.270787693250497],[90.45862928883349,26.27219255158471],[90.45526912997506,26.285219419774663],[90.46604963964583,26.276151697799303],[90.46394954035932,26.289817137959353],[90.48355046703344,26.296075143266293],[90.46590963302674,26.325321739496683],[90.47417002355368,26.332601459955775],[90.46240946754921,26.32825917055912],[90.45400907040316,26.34090289556702],[90.45708921602338,26.35750576678951],[90.44518865339981,26.346011471327785],[90.4442086070661,26.36044319785195],[90.43636823639645,26.35916605391176],[90.43608822315825,26.344223469811517],[90.43496817020545,26.344351184205536],[90.42502770024929,26.362997485732336],[90.43734828273017,26.364913201642622],[90.4264277664403,26.367467489523005],[90.43370811063355,26.376662925892386],[90.43090797825153,26.377301497862483],[90.43258805768073,26.380877500895018],[90.42390764729649,26.38215464483521],[90.42488769363018,26.383048645593345],[90.4275478193931,26.38534750468569],[90.4281078458695,26.385858362261764],[90.42572773334479,26.3960755137833],[90.41648729648414,26.390711509234492],[90.41690731634144,26.407825238033062],[90.40360668752686,26.406675808486888],[90.41536724353134,26.43068611456249],[90.40234662795496,26.433495831230914],[90.39898646909653,26.441286409266084],[90.39912647571563,26.44166955244814]]]}},{"type":"Feature","properties":{"district":"Dhubri","dt_code":"301","st_nm":"Assam","st_code":"18","year":"2011_c"},"geometry":{"type":"Polygon","coordinates":[[[89.84316019126622,26.383176359987363],[89.84414023759993,26.377812355438557],[89.84498027731453,26.372703779677792],[89.87564172689761,26.362869771338314],[89.86920142241898,26.349587474360323],[89.90308302424138,26.337071463746444],[89.9057431500043,26.326215740254817],[89.87956191223245,26.307058581151942],[89.88460215052007,26.298629431146676],[89.86612127679876,26.25801625384858],[89.87424166070662,26.24741595914499],[89.85870092598641,26.23834823716963],[89.86976144889539,26.234133662166997],[89.85996098555833,26.219957364430872],[89.8729816011347,26.202077349268187],[89.86010099217742,26.18802876592608],[89.87536171365942,26.189050481078233],[89.86850138932347,26.14984216211435],[89.86906141579988,26.149331304538272],[89.88264205785265,26.135665864378222],[89.90854328238632,26.132473004527743],[89.91610363981775,26.116508705275347],[89.93570456649188,26.116891848457406],[89.93822468563569,26.132856147709802],[89.96692604255136,26.126981285584918],[89.98204675741425,26.136559865136356],[90.0250287894782,26.1268535711909],[90.06381062296913,26.172703038643782],[90.15215479962177,26.208973926545223],[90.14739457457233,26.22008507882489],[90.13633405166337,26.2154873606402],[90.12037329708588,26.25048110460145],[90.10399252265108,26.251119676571548],[90.09741221155333,26.262230828851216],[90.10343249617468,26.26785026218806],[90.11757316470386,26.25852711142466],[90.14053425023639,26.276151697799303],[90.1409542700937,26.29326542659787],[90.12611356846901,26.283175989470358],[90.1242934824207,26.303865721301463],[90.1077727013668,26.312550300094767],[90.11813319118026,26.316892589491417],[90.11673312498925,26.338987179656733],[90.14865463414424,26.352652619816784],[90.18785648749247,26.34562832814573],[90.20703739430928,26.363125200126355],[90.20661737445198,26.37487492437612],[90.22705834084071,26.384070360745497],[90.23433868503395,26.36555177361272],[90.21473775835983,26.351630904664628],[90.22789838055532,26.349332045572286],[90.21599781793174,26.3287700281352],[90.26724024052265,26.330558029651467],[90.26458011475972,26.312933443276822],[90.28110089581364,26.292243711445717],[90.27228047881027,26.26733940461198],[90.2586998367575,26.272958837948824],[90.25155949918336,26.26440197354954],[90.28796122014957,26.2521413917237],[90.28726118705407,26.237454236411498],[90.30658210048998,26.24588338641676],[90.30350195486976,26.257505396272506],[90.32072276901917,26.278833700073704],[90.344103874409,26.270787693250497],[90.35194424507866,26.287135135684952],[90.36286476136851,26.273086552342843],[90.35362432450786,26.269893692492364],[90.35544441055617,26.25827168263662],[90.38120562847072,26.268616548552174],[90.3792455358033,26.309357440244288],[90.40304666105045,26.319957734947877],[90.40500675371787,26.32085173570601],[90.39576631685722,26.357122623607452],[90.39744639628643,26.359676911487835],[90.42488769363018,26.363252914520373],[90.42502770024929,26.362997485732336],[90.43496817020545,26.344351184205536],[90.43608822315825,26.344223469811517],[90.43636823639645,26.35916605391176],[90.4442086070661,26.36044319785195],[90.44518865339981,26.346011471327785],[90.45708921602338,26.35750576678951],[90.45400907040316,26.34090289556702],[90.46240946754921,26.32825917055912],[90.47417002355368,26.332601459955775],[90.46590963302674,26.325321739496683],[90.48355046703344,26.296075143266293],[90.46394954035932,26.289817137959353],[90.46604963964583,26.276151697799303],[90.45526912997506,26.285219419774663],[90.45862928883349,26.27219255158471],[90.47318997721997,26.270787693250497],[90.4449086401616,26.267467119006],[90.45036889830654,26.25073653338949],[90.43188802458523,26.260825970517004],[90.4421085077796,26.236560235653364],[90.4104670118628,26.211911357607665],[90.39016605209318,26.2034822076024],[90.39016605209318,26.203993065178476],[90.38960602561679,26.203737636390436],[90.35754450984268,26.190072196230386],[90.30476201444168,26.19275419850479],[90.26472012137883,26.18330333334737],[90.26107994928222,26.15456759469306],[90.24791932708673,26.14039129695693],[90.19541684492393,26.12723671437296],[90.19443679859022,26.126087284826784],[90.1909366331127,26.122255853006212],[90.17371581896329,26.103098693903338],[90.16965562700936,26.082025818890173],[90.16923560715206,26.07985467419185],[90.16881558729476,26.077555815099505],[90.17315579248688,26.07040380903443],[90.18169619625203,26.049969505991363],[90.18001611682283,26.04907550523323],[90.17847604401271,26.048181504475096],[90.1416543031892,26.053034651447824],[90.13143381999484,26.054184080993995],[90.08257150992864,26.040518640833945],[90.0562502655377,26.000544035505946],[90.01942852471417,26.002332037022217],[89.97210628745809,25.975384299884173],[89.94522501659073,25.94996913547436],[89.94900519530646,25.925064828640622],[89.93738464592109,25.924681685458566],[89.93038431496603,25.906290812719806],[89.89790277933466,25.900415950594923],[89.87648176661222,25.87908764679372],[89.84316019126622,25.882919078614297],[89.88726227628298,25.94511598850163],[89.82537935064042,25.945882274865745],[89.82943954259434,25.954949996841105],[89.84932048250666,25.949202849110243],[89.84190013169432,25.970403438517426],[89.87284159451559,25.97730001579446],[89.83629986693029,26.01267690293777],[89.83601985369208,25.982408591555227],[89.82047911897189,25.987389452921974],[89.81921905939998,26.025703771127723],[89.80871856296741,26.043839215078446],[89.7879975833405,26.019062622638728],[89.80185823863148,26.040518640833945],[89.77371690819221,26.03847521052964],[89.7888376230551,26.04894779083921],[89.78533745757758,26.056993797662418],[89.79863808639216,26.0595480855428],[89.79457789443823,26.088666967379172],[89.78169728548096,26.083175248436348],[89.78435741124387,26.105397552995683],[89.75663610066191,26.10833498405812],[89.76657657061807,26.129280144677264],[89.74725565718215,26.158015883331576],[89.72037438631479,26.158399026513635],[89.72891479007994,26.170659608339474],[89.7367551607496,26.172064466673685],[89.72975482979454,26.171936752279667],[89.70987388988223,26.171809037885648],[89.7065137310238,26.17730075682847],[89.69853335373506,26.190710768200482],[89.71323404874065,26.187134765167947],[89.7205143929339,26.195180771991154],[89.71169397593054,26.202332778056228],[89.73395502836757,26.209995641697375],[89.70049344640248,26.217913934126564],[89.73213494231926,26.236687950047383],[89.71701422745637,26.25686682430241],[89.70231353245079,26.259293397788774],[89.70707375750021,26.27053226446246],[89.71967435321929,26.257377681878488],[89.7382952335597,26.269765978098345],[89.71771426055187,26.295564285690215],[89.72009437307659,26.306547723575864],[89.72681469079343,26.294414856144044],[89.75719612713831,26.2887954228072],[89.75131584913608,26.321107164494048],[89.76321641175964,26.31663716070338],[89.76657657061807,26.31931916297778],[89.78267733181467,26.332729174349794],[89.78099725238545,26.352780334210802],[89.82033911235278,26.37295920846583],[89.81109867549213,26.36044319785195],[89.81235873506404,26.359421482699798],[89.81571889392245,26.356611766031378],[89.82033911235278,26.352780334210802],[89.82075913221009,26.355079193303148],[89.82481932416401,26.381643787259133],[89.82859950287974,26.38189921604717],[89.83447978088196,26.382410073623248],[89.84316019126622,26.383176359987363]]]}},{"type":"Feature","properties":{"district":"Kamrup Metropolitan","dt_code":"322","st_nm":"Assam","st_code":"18","year":"2011_c"},"geometry":{"type":"Polygon","coordinates":[[[91.74865027722856,26.209357069727282],[91.77091132966561,26.198501346235652],[91.87997648594515,26.216636790186374],[91.97812112593483,26.27487455385911],[91.97994121198315,26.274235981889017],[91.9721008413135,26.248309959903125],[91.98176129803146,26.239497666715803],[91.98302135760336,26.23834823716963],[92.01032264832803,26.2428182409603],[92.01368280718646,26.22800337125408],[92.02810348895383,26.232473375044748],[92.0555447862976,26.22059593640097],[92.06016500472792,26.196457915931344],[92.09362658669302,26.188667337896177],[92.08004594464025,26.17730075682847],[92.1066472022694,26.172064466673685],[92.12974829442103,26.180493616678948],[92.14976924095245,26.161464171970096],[92.15466947262098,26.170787322733492],[92.16699005510186,26.16389074545646],[92.16348988962434,26.121744995430134],[92.17525044562882,26.077300386311464],[92.1728703331041,26.075512384795196],[92.16937016762657,26.077683529493523],[92.13254842680306,26.04435007265452],[92.09726675878964,26.049330934021267],[92.05134458772457,26.032855777192797],[91.9890416422247,26.03860292492366],[91.98344137746066,26.02595919991576],[91.93107890191696,26.01242147414973],[91.91945835253159,25.99862831959566],[91.91049792890914,26.00795147035906],[91.90979789581363,26.008845471117194],[91.91455812086306,26.020595195366955],[91.88291662494626,26.026214628703798],[91.86723588360698,26.042051213562175],[91.87913644623055,26.098117832536587],[91.82691397730594,26.11893527876171],[91.82537390449582,26.11944613633779],[91.79135229605433,26.08534639313467],[91.77721162752513,26.089433253743287],[91.73100944322186,26.059037227966726],[91.72302906593312,26.0348992074971],[91.62922463113556,26.07474609843108],[91.60024326098169,26.075640099189215],[91.59828316831428,26.060825229482994],[91.5865226123098,26.057760084026533],[91.57938227473566,26.068232664336104],[91.57854223502106,26.059037227966726],[91.56846175844579,26.06005894311888],[91.5872226454053,26.090199540107402],[91.56412155325367,26.10424812344951],[91.56468157973008,26.144989015141622],[91.5686017650649,26.14996987650837],[91.56888177830311,26.150480734084447],[91.64854554457148,26.16555103257871],[91.64896556442878,26.165678746972727],[91.65736596157483,26.18228161819522],[91.6517656968108,26.178322471980625],[91.64350530628384,26.19556391517321],[91.66464630576807,26.21970193564283],[91.68228713977477,26.21587050382226],[91.6719266499613,26.20182192048015],[91.69474772887475,26.203993065178476],[91.71182853640505,26.19134934017058],[91.73142946307917,26.21088964245551],[91.74879028384767,26.208973926545223],[91.74865027722856,26.209357069727282]]]}},{"type":"Feature","properties":{"district":"Kiphire","dt_code":"269","st_nm":"Nagaland","st_code":"13","year":"2011_c"},"geometry":{"type":"Polygon","coordinates":[[[94.66918835167196,26.02008433779088],[94.68906929158427,26.009867186269346],[94.71847068159545,26.02314948324734],[94.76663295856615,26.02302176885332],[94.78679391171667,26.00910089990523],[94.84545668511991,26.04128492719806],[94.86449758531762,26.016252905970305],[94.88045833989511,26.01816862188059],[94.88815870394566,26.008462327935135],[94.85777726760078,25.971936011245656],[94.8423765394997,25.933621693039907],[94.86393755884123,25.948053419564072],[94.8943189951861,25.94230627183321],[94.9102797497636,25.948564277140147],[94.92498044476919,25.94869199153417],[94.9280605903894,25.946137703653783],[94.93730102725006,25.912804246814783],[94.96782247021405,25.901820808929134],[94.97300271512077,25.881769649068126],[95.01346462804091,25.890837371043485],[95.01360463466001,25.891220514225544],[95.01486469423192,25.89147594301358],[95.00884440961059,25.8669547793619],[95.02928537599931,25.840262471011897],[95.03292554809593,25.81433644902601],[95.04972634238803,25.800926437653995],[95.04048590552738,25.741666958829104],[95.00338415146565,25.728640090639146],[94.97020258273875,25.68853777091713],[94.93646098753545,25.667975753480043],[94.91489996819392,25.607439130714962],[94.88297845903894,25.58611082691376],[94.86617766474683,25.608588560261133],[94.85147696974124,25.61063199056544],[94.84601671159632,25.649968023923343],[94.85651720802888,25.71727350957144],[94.81941545396715,25.763250691418342],[94.81899543410985,25.763761548994417],[94.75529242241898,25.782280136127195],[94.7253310059314,25.7483081073181],[94.7254710125505,25.745881533831735],[94.7270110853606,25.72519180200063],[94.7267310721224,25.72506408760661],[94.72351091988308,25.723914658060437],[94.71721062202354,25.722254370938188],[94.71623057568985,25.730428092155417],[94.71287041683142,25.759291545203748],[94.68724920553598,25.7969672914394],[94.68486909301126,25.8002878656839],[94.6605079412877,25.811271303569548],[94.65266757061806,25.814847306602083],[94.65126750442705,25.81548587857218],[94.61024556503051,25.817784737664525],[94.59582488326313,25.87525621497315],[94.56978365211037,25.889560227103296],[94.66918835167196,26.02008433779088]]]}},{"type":"Feature","properties":{"district":"Goalpara","dt_code":"302","st_nm":"Assam","st_code":"18","year":"2011_c"},"geometry":{"type":"Polygon","coordinates":[[[90.66989927705664,26.202077349268187],[90.67171936310496,26.198245917447615],[90.69398041554199,26.150863877266502],[90.71442138193072,26.130174145435397],[90.78204457895642,26.129280144677264],[90.83958729940686,26.109228984816255],[90.85960824593828,26.112421844666734],[90.87150880856184,26.095563544656205],[90.91603091343592,26.089816396925343],[90.91673094653142,26.089816396925343],[90.92205119805725,26.093392399957878],[90.93479180039543,26.10105526359903],[90.93591185334823,26.100672120416974],[90.94333220416058,26.094541829504053],[90.94025205854035,26.093009256775822],[90.9478124159718,26.090710397683477],[90.9812739979369,26.0628686597873],[91.02621612266827,26.046776646140884],[91.0651379627783,26.047542932505],[91.08921910126364,26.03208949082868],[91.099439584458,26.009867186269346],[91.08039868426029,25.972319154427712],[91.0474971287716,25.941539985469095],[91.02845622857387,25.885984224070757],[91.02565609619187,25.88585650967674],[90.96881340883692,25.88534565210066],[90.96657330293131,25.91420910514899],[90.9473923961145,25.94818113395809],[90.93381175406172,25.939879698346846],[90.91729097300782,25.944477416531534],[90.91673094653142,25.91420910514899],[90.88438941751912,25.950352278656418],[90.8810292586607,25.942944843803303],[90.84434752445628,25.946009989259764],[90.83538710083383,25.936686838496367],[90.83608713392934,25.948564277140147],[90.80892584982377,25.95252342335474],[90.7796644664317,25.911016245298512],[90.77798438700249,25.90871738620617],[90.77266413547666,25.909355958176263],[90.75656337428006,25.911016245298512],[90.76048355961488,25.92199968318416],[90.74242270575088,25.912421103632724],[90.74564285799019,25.918040536969567],[90.75040308303963,25.926214258186793],[90.75278319556435,25.930428833189428],[90.75138312937332,25.93145054834158],[90.7466229043239,25.928129974097082],[90.74032260646436,25.939496555164787],[90.74228269913178,25.95443913926503],[90.72436185188687,25.946903990017898],[90.71750152755092,25.954949996841105],[90.71722151431273,25.954949996841105],[90.63685771494885,25.92212739757818],[90.63125745018482,25.91918996651574],[90.62173700008596,25.89798937710856],[90.60619626536577,25.916763393029377],[90.62411711261068,25.93924112637675],[90.58785539826356,25.958142856691584],[90.57665486873549,25.936814552890386],[90.5437533132468,25.92365997030641],[90.54907356477263,25.915486249089184],[90.51351188352102,25.89632908998631],[90.50847164523339,25.901565380141097],[90.53493289624345,25.94971370668632],[90.4761301162211,26.009739471875328],[90.43412813049085,25.991604027924605],[90.43160801134702,25.991604027924605],[90.42222756786727,25.991604027924605],[90.40822690595719,26.00463089611456],[90.40528676695607,26.00910089990523],[90.40346668090775,26.00910089990523],[90.36426482755952,26.008845471117194],[90.36230473489212,26.008845471117194],[90.3611846819393,26.00795147035906],[90.3247829609731,25.973468583973887],[90.21137759950142,25.95265113774876],[90.20283719573627,25.960952573360007],[90.18687644115877,25.944221987743497],[90.1767959645835,25.959036857449718],[90.1584550974813,25.95724885593345],[90.15131475990717,25.96669972109087],[90.1223333897533,25.95878142866168],[90.11659311837015,25.95929228623776],[90.11967326399036,25.968998580183214],[90.11981327060947,25.969509437759292],[90.12891370085103,25.966444292302832],[90.1420743230465,25.982408591555227],[90.18757647425427,26.001438036264084],[90.18351628230035,26.008845471117194],[90.19737693759133,26.02595919991576],[90.17077567996218,26.043966929472464],[90.17847604401271,26.048181504475096],[90.18001611682283,26.04907550523323],[90.18169619625203,26.049969505991363],[90.17315579248688,26.07040380903443],[90.16881558729476,26.077555815099505],[90.16923560715206,26.07985467419185],[90.16965562700936,26.082025818890173],[90.17371581896329,26.103098693903338],[90.1909366331127,26.122255853006212],[90.19443679859022,26.126087284826784],[90.19541684492393,26.12723671437296],[90.24791932708673,26.14039129695693],[90.26107994928222,26.15456759469306],[90.26472012137883,26.18330333334737],[90.30476201444168,26.19275419850479],[90.35754450984268,26.190072196230386],[90.38960602561679,26.203737636390436],[90.39016605209318,26.203993065178476],[90.39016605209318,26.2034822076024],[90.39114609842689,26.191477054564597],[90.44196850116049,26.1848359060756],[90.44840880563913,26.184069619711487],[90.4429485474942,26.17870561516268],[90.44476863354251,26.165678746972727],[90.46996982498065,26.178194757586606],[90.46926979188515,26.16823303485311],[90.51939216152326,26.19862906062967],[90.52121224757155,26.199650775781823],[90.577354901831,26.2034822076024],[90.60017598074444,26.215231931852163],[90.61795682137023,26.209357069727282],[90.62243703318146,26.202077349268187],[90.65505857543195,26.21088964245551],[90.65589861514655,26.21114507124355],[90.66093885343419,26.207313639422974],[90.66989927705664,26.202077349268187]]]}},{"type":"Feature","properties":{"district":"Ribhoi","dt_code":"297","st_nm":"Meghalaya","st_code":"17","year":"2011_c"},"geometry":{"type":"Polygon","coordinates":[[[92.1728703331041,26.075512384795196],[92.17623049196251,26.07346895449089],[92.18421086925126,26.068360378730123],[92.21543234531075,26.06631694842582],[92.26289458918593,26.06593380524376],[92.2735350922376,26.06580609084974],[92.26443466199603,26.05852637039065],[92.26443466199603,26.057887798420552],[92.26345461566234,26.033238920374853],[92.17553045886702,25.9775554445825],[92.16418992271984,25.970403438517426],[92.15228936009628,25.944477416531534],[92.16082976386143,25.9282576884911],[92.15438945938278,25.911271674086553],[92.15466947262098,25.911271674086553],[92.17553045886702,25.907440242265977],[92.19443135244563,25.918551394545645],[92.20213171649617,25.906418527113825],[92.22551282188601,25.909228243782245],[92.17721053829622,25.872829641486785],[92.17749055153442,25.851629052079602],[92.15102930052437,25.816763022512372],[92.14766914166594,25.773084699757817],[92.16180981019514,25.742688673981256],[92.14416897618842,25.71727350957144],[92.14430898280753,25.717018080783404],[92.14416897618842,25.716890366389386],[92.14458899604573,25.716507223207326],[92.15508949247828,25.694923490618088],[92.1559295321929,25.677043475455406],[92.15228936009628,25.671424042118563],[92.15200934685808,25.670913184542485],[92.15410944614459,25.645242591344633],[92.14948922771426,25.653544026955878],[92.1405288040918,25.64422087619248],[92.13744865847158,25.641028016342002],[92.13240842018396,25.641028016342002],[91.83405431488008,25.644093161798462],[91.82859405673514,25.673850615604927],[91.81767354044528,25.7056514997157],[91.80941314991833,25.729661805791302],[91.80815309034642,25.733365523217856],[91.77399147528583,25.74192238761714],[91.7693712568555,25.746136962619772],[91.7877121239577,25.79083700052648],[91.74949031694318,25.827235602821943],[91.70734832459382,25.81995588236285],[91.69782787449498,25.80475786947457],[91.65932605424224,25.814464163420027],[91.64462535923666,25.804119297504474],[91.58694263216711,25.812037589933663],[91.45841655583254,25.788538141434135],[91.42257486134272,25.793263574012844],[91.4180946495315,25.80309758235232],[91.36671222032149,25.80616272780878],[91.35229153855411,25.81689073690639],[91.34207105535975,25.831577892218593],[91.33563075088111,25.840645614193953],[91.37161245199002,25.846392761924818],[91.42243485472363,25.854566483142044],[91.44511592701797,25.839879327829838],[91.46303677426287,25.857120771022426],[91.50867893208974,25.866699350573864],[91.47479733026734,25.874106785426974],[91.4838977605089,25.89313623013583],[91.50377870042121,25.891220514225544],[91.50475874675492,25.907823385448033],[91.536820262529,25.93132283394756],[91.50321867394482,25.913825961966936],[91.50279865408751,25.926597401368852],[91.5197394549987,25.940007412740865],[91.51805937556949,25.959803143813833],[91.5512409442964,25.976661443824366],[91.57994230121207,26.033238920374853],[91.59744312859968,26.01816862188059],[91.63104471718387,26.022000053701166],[91.62600447889625,25.986750880951877],[91.64070517390184,25.96389000442245],[91.62978465761196,25.943327986985363],[91.61186381036705,25.94511598850163],[91.60934369122324,25.93745312486048],[91.65148568357259,25.906418527113825],[91.67052658377031,25.904247382415498],[91.71336860921517,25.944094273349478],[91.71546870850167,25.949202849110243],[91.72092896664661,25.962102002906178],[91.72246903945671,25.965805720332735],[91.72260904607582,25.977810873370537],[91.72302906593312,26.0348992074971],[91.73100944322186,26.059037227966726],[91.77721162752513,26.089433253743287],[91.79135229605433,26.08534639313467],[91.82537390449582,26.11944613633779],[91.82691397730594,26.11893527876171],[91.87913644623055,26.098117832536587],[91.86723588360698,26.042051213562175],[91.88291662494626,26.026214628703798],[91.91455812086306,26.020595195366955],[91.90979789581363,26.008845471117194],[91.91049792890914,26.00795147035906],[91.91945835253159,25.99862831959566],[91.93107890191696,26.01242147414973],[91.98344137746066,26.02595919991576],[91.9890416422247,26.03860292492366],[92.05134458772457,26.032855777192797],[92.09726675878964,26.049330934021267],[92.13254842680306,26.04435007265452],[92.16937016762657,26.077683529493523],[92.1728703331041,26.075512384795196]],[[91.51413919023467,25.867976494514057],[91.53037995805037,25.871297068758555],[91.5351401830998,25.883940793766453],[91.52645977271555,25.891220514225544],[91.51413919023467,25.867976494514057]]]}},{"type":"Feature","properties":{"district":"Dima Hasao","dt_code":"315","st_nm":"Assam","st_code":"18","year":"2011_c"},"geometry":{"type":"Polygon","coordinates":[[[93.06443248353821,25.77512813006212],[93.06807265563484,25.767465266420974],[93.06821266225393,25.767465266420974],[93.0984540919797,25.77704384597241],[93.09873410521791,25.776916131578393],[93.09873410521791,25.77704384597241],[93.1295355614201,25.760951832325997],[93.12575538270437,25.748691250500155],[93.1463363557122,25.738474098978624],[93.14549631599759,25.73591981109824],[93.14857646161781,25.734004095187952],[93.14269618361557,25.718550653511635],[93.13471580632682,25.695434348194166],[93.1316356607066,25.686494340612825],[93.13555584604143,25.677043475455406],[93.14199615052007,25.661845462567126],[93.14241617037737,25.660951461808992],[93.14269618361557,25.660951461808992],[93.17069750743573,25.661717748173107],[93.17825786486719,25.63975087240181],[93.19183850691996,25.63196029436664],[93.1795179244391,25.619444283752763],[93.17657778543797,25.592751975402756],[93.20835928797386,25.544220505675476],[93.20877930783116,25.54345421931136],[93.25834165099286,25.548818223860163],[93.27024221361643,25.53132135187954],[93.27038222023553,25.53132135187954],[93.29250326605347,25.544348220069494],[93.30146368967591,25.530299636727385],[93.30174370291412,25.530427351121403],[93.30244373600962,25.530427351121403],[93.32176464944554,25.53310935339581],[93.32764492744778,25.541283074613034],[93.32904499363877,25.54319879052332],[93.33002503997248,25.542304789765186],[93.33016504659159,25.542432504159205],[93.35004598650391,25.532343067031693],[93.35914641674546,25.515101623839104],[93.38546766113642,25.490452745793405],[93.38616769423191,25.485982742002737],[93.39134793913865,25.482406738970198],[93.39022788618584,25.460439863198904],[93.42466951448465,25.446518994250816],[93.45323086478122,25.43502469878909],[93.45603099716324,25.433875269242918],[93.45617100378234,25.432598125302725],[93.45813109644975,25.431065552574495],[93.47087169878793,25.388408944972095],[93.47311180469354,25.385343799515635],[93.47227176497893,25.383683512393386],[93.44833063311269,25.340771476002946],[93.46989165245422,25.306033160829735],[93.47045167893063,25.3051391600716],[93.46947163259692,25.304628302495523],[93.42746964686667,25.28329999869432],[93.38098744932519,25.239749390333788],[93.38168748242069,25.223018804717277],[93.34570578131178,25.169889616805307],[93.34514575483539,25.12352929177635],[93.3322651458781,25.093644123575864],[93.31476431849049,25.084704115994523],[93.29992361686581,25.046134369000736],[93.264081922376,25.049454943245234],[93.25386143918163,25.02071920459092],[93.24378096260638,25.018420345498576],[93.24434098908279,24.99824147124355],[93.25946170394568,25.00117890230599],[93.25974171718387,25.00117890230599],[93.25666157156365,24.99492089699905],[93.24588106189289,24.972698592439716],[93.24476100894009,24.970272018953352],[93.24098083022436,24.973848021985887],[93.22726018155248,24.9872580333579],[93.20317904306714,24.98151088562704],[93.20303903644803,24.981766314415076],[93.17965793105819,25.000668044729913],[93.06191236439439,25.002328331852162],[93.05309194739104,25.03068092732442],[93.01431011390011,25.06184323946509],[93.04301147081577,25.0885355478151],[93.0470716627697,25.099263556912707],[93.03685117957534,25.104627561461513],[92.9774883730766,25.085598116752656],[92.95900749935528,25.09006812054333],[92.95172715516203,25.069122959924186],[92.89740458695091,25.079340111445717],[92.83580167454654,25.052647803095713],[92.8125605757758,25.081383541750025],[92.7779789408579,25.08828011902706],[92.75305776265796,25.13834416148257],[92.73751702793776,25.14166473572707],[92.73037669036361,25.142941879667262],[92.73485690217484,25.125955865262714],[92.72253631969397,25.11267356828472],[92.66499359924353,25.109097565252185],[92.6428725534256,25.117782144045485],[92.61949144803576,25.102328702369167],[92.59835044855153,25.110757852374434],[92.53926765529098,25.099135842518688],[92.52302688747528,25.126083579656733],[92.52246686099888,25.137067017542382],[92.52232685437977,25.138982733452668],[92.52232685437977,25.139365876634724],[92.62131153408407,25.115100141771084],[92.62817185842,25.138216447088553],[92.65561315576377,25.155074747099082],[92.66331351981432,25.17678619408234],[92.6938349627783,25.179340481962722],[92.74283727946359,25.206799076676845],[92.7761588548096,25.19977478500579],[92.80150005286684,25.21548365547015],[92.77153863637926,25.230043096388332],[92.7617381730422,25.246645967610824],[92.7776989276197,25.258267977466566],[92.76845849075904,25.268229700200063],[92.79239962262528,25.28266142672423],[92.78175911957362,25.333236326755816],[92.74983761041864,25.344219764641466],[92.73219677641193,25.368996357081183],[92.73793704779506,25.379468937390754],[92.71791610126364,25.372700074507737],[92.67339399638958,25.414079538169947],[92.66149343376601,25.406416674528796],[92.65351305647727,25.433619840454877],[92.63951239456718,25.417655541202482],[92.62551173265709,25.43502469878909],[92.6276118319436,25.422125544993154],[92.60661083907848,25.413313251805832],[92.59877046840883,25.466187010929765],[92.58224968735493,25.47180644426661],[92.58210968073584,25.47180644426661],[92.58028959468753,25.472189587448668],[92.56908906515946,25.465165295777613],[92.56642893939654,25.463505008655364],[92.56432884011002,25.473722160176898],[92.57356927697069,25.490580460187427],[92.6427325468065,25.534897354912076],[92.6455326791885,25.555970229925236],[92.6455326791885,25.556225658713277],[92.65911332124129,25.57129595720754],[92.6607934006705,25.571679100389595],[92.66499359924353,25.57257310114773],[92.68263443325023,25.57665996175634],[92.693414942921,25.59658340722333],[92.6941149760165,25.597988265557543],[92.69495501573111,25.597860551163524],[92.70139532020974,25.59709426479941],[92.73373684922204,25.59351826176687],[92.74045716693888,25.595817120859216],[92.75431782222986,25.614846565568072],[92.75445782884896,25.61497427996209],[92.75445782884896,25.61522970875013],[92.75613790827816,25.61535742314415],[92.76733843780625,25.617783996630514],[92.75837801418379,25.62863972012214],[92.75865802742199,25.6290228633042],[92.76187817966131,25.63221572315468],[92.78819942405227,25.658269459534587],[92.78441924533654,25.664655179235545],[92.77461878199948,25.674233758786983],[92.7774189143815,25.67627718909129],[92.81382063534771,25.7023309254712],[92.82096097292185,25.741156101253026],[92.82096097292185,25.741411530041063],[92.92274578500816,25.772190698999683],[92.92848605639129,25.806801299778876],[92.9443068043497,25.80322529674634],[92.96348771116651,25.817784737664525],[92.9622276515946,25.81535816417816],[92.95634737359237,25.803991583110456],[92.95690740006876,25.80309758235232],[92.96558781045302,25.785345281583655],[92.96740789650133,25.78189699294514],[92.9805685186968,25.790453857344424],[92.98336865107882,25.78304642249131],[92.9809885385541,25.808589301295143],[93.00590971675406,25.826213887669788],[93.00632973661136,25.82646931645783],[93.00590971675406,25.825575315699695],[93.00324959099115,25.78649471112983],[93.01865031909223,25.801181866442032],[93.05785217244046,25.77448955809203],[93.05967225848877,25.773212414151836],[93.06443248353821,25.77512813006212]]]}},{"type":"Feature","properties":{"district":"Kamjong","dt_code":"770","st_nm":"Manipur","st_code":"14","year":"2016_c"},"geometry":{"type":"Polygon","coordinates":[[[94.1728648869595,24.63182887480257],[94.20030618430327,24.62544315510161],[94.19708603206395,24.654945180120038],[94.18224533043926,24.671420336948508],[94.18756558196509,24.715864946067178],[94.1720248472449,24.73387267562388],[94.17902517819994,24.76758927564494],[94.16054430447863,24.79492015596504],[94.13310300713488,24.80258301960619],[94.14654364256856,24.829403042350215],[94.1394033049944,24.87014393404233],[94.1560640926674,24.88380937420238],[94.16684460233817,24.926849124986838],[94.19232580701453,24.942941138633252],[94.2220072102639,24.941791709087077],[94.28403014252557,24.96107658258397],[94.33247243273446,24.98598088941771],[94.39533540471074,24.98598088941771],[94.45385817149489,25.017398630346424],[94.53030178552393,25.033873787174898],[94.61122561136422,25.102328702369167],[94.65406763680907,25.11561099934716],[94.73667154207857,25.113184425860798],[94.7440918928909,25.037066647025377],[94.7270110853606,25.000029472759817],[94.69634963577752,24.968228588649044],[94.71357044992692,24.935022846204063],[94.70180989392246,24.92953112726124],[94.68766922539328,24.889301093145203],[94.6568677691911,24.8712933635885],[94.63152657113383,24.838981621901652],[94.61794592908106,24.780616143834894],[94.62844642551362,24.755967265789195],[94.5935847773575,24.70909608318416],[94.57874407573283,24.708712940002105],[94.57594394335081,24.725188096830575],[94.57076369844407,24.70590322333368],[94.54528249376773,24.710500941518372],[94.53478199733516,24.642940027082236],[94.49656019032064,24.59032169674634],[94.45455820459038,24.566055961882697],[94.42599685429381,24.48163674743603],[94.37475443170291,24.49402504365589],[94.3744744184647,24.49415275804991],[94.37657451775122,24.51267134518269],[94.36159380950744,24.51892935048963],[94.36145380288833,24.51892935048963],[94.3729343456546,24.54779280353796],[94.33107236654345,24.54894223308413],[94.33331247244907,24.565161961124563],[94.31077140677382,24.570781394461406],[94.28193004323906,24.600538848267874],[94.26442921585145,24.595813415689165],[94.26428920923235,24.5960688444772],[94.24790843479755,24.617524862672422],[94.21178672706954,24.61599228994419],[94.1728648869595,24.63182887480257]]]}},{"type":"Feature","properties":{"district":"West Khasi Hills","dt_code":"296","st_nm":"Meghalaya","st_code":"17","year":"2011_c"},"geometry":{"type":"Polygon","coordinates":[[[91.00745523570876,25.824681314941557],[91.01179544090088,25.82442588615352],[91.04693710229519,25.848436192229123],[91.04763713539069,25.849202478593238],[91.048057155248,25.849202478593238],[91.07843859159289,25.852778481625776],[91.07185828049514,25.838857612677685],[91.0487571883435,25.829406747520267],[91.06205781715808,25.820849883120985],[91.12030057070403,25.832982750552805],[91.14746185480959,25.85060733692745],[91.18022340367918,25.844093902832473],[91.19576413839938,25.861463060419076],[91.20360450906902,25.843327616468358],[91.18624368830052,25.81842330963462],[91.17812330439267,25.777426989154467],[91.19044388687354,25.74792496413604],[91.22236539602854,25.722637514120247],[91.27444785833404,25.750479252016426],[91.33563075088111,25.840645614193953],[91.33563075088111,25.840773328587975],[91.33563075088111,25.840645614193953],[91.34207105535975,25.831577892218593],[91.35229153855411,25.81689073690639],[91.36671222032149,25.80616272780878],[91.4180946495315,25.80309758235232],[91.42257486134272,25.793263574012844],[91.45841655583254,25.788538141434135],[91.58694263216711,25.812037589933663],[91.64462535923666,25.804119297504474],[91.65932605424224,25.814464163420027],[91.69782787449498,25.80475786947457],[91.70734832459382,25.81995588236285],[91.74949031694318,25.827235602821943],[91.7877121239577,25.79083700052648],[91.7693712568555,25.746136962619772],[91.77399147528583,25.74192238761714],[91.80815309034642,25.733365523217856],[91.80941314991833,25.729661805791302],[91.81767354044528,25.7056514997157],[91.82859405673514,25.673850615604927],[91.82649395744863,25.672445757270715],[91.80815309034642,25.658780317110665],[91.79975269320038,25.609610275413285],[91.78085179962176,25.5896868299463],[91.73310954250837,25.575255103422133],[91.68900745749161,25.525957347330735],[91.67010656391301,25.52212591551016],[91.65848601452763,25.52800077763504],[91.6537257894782,25.552011083710642],[91.54158048757844,25.51114247762451],[91.54928085162898,25.481895881394124],[91.54676073248517,25.481640452606083],[91.52897989185936,25.47934159351374],[91.517359342474,25.455714430620194],[91.44735603292358,25.457247003348424],[91.39051334556864,25.458524147288617],[91.30888948663285,25.44434784955249],[91.2842483216711,25.41203610786564],[91.26814756047452,25.409609534379275],[91.23062578655549,25.462100150321152],[91.22250540264764,25.448434710161102],[91.20920477383305,25.46120614956302],[91.19142393320725,25.46120614956302],[91.18022340367918,25.448179281373065],[91.16902287415112,25.466059296535747],[91.10629990879394,25.436301842729282],[91.1152603324164,25.41344096619985],[91.13780139809163,25.399392382857744],[91.08949911450185,25.35826834798357],[91.0984595381243,25.330554324481415],[91.09495937264677,25.327744607812992],[91.08543892254792,25.319954029777822],[91.05015725453451,25.342431763125195],[91.02481605647726,25.338600331304622],[90.98897436198745,25.379341222996736],[90.98603422298633,25.365164925260608],[90.97105351474254,25.358140633589553],[90.97525371331557,25.339622046456775],[90.92359127086736,25.351499485100558],[90.89180976833147,25.329277180541222],[90.86674858351242,25.330043466905337],[90.83916727954956,25.307565733557965],[90.83874725969225,25.307310304769924],[90.83888726631136,25.307821162346002],[90.84518756417089,25.34613548055175],[90.83832723983495,25.35520320252711],[90.80780579687097,25.368357785111087],[90.77630430757328,25.363632352532377],[90.74788296389582,25.379468937390754],[90.76384371847331,25.416889254838367],[90.75544332132725,25.429916123028324],[90.7616036125677,25.444858707128564],[90.75152313599243,25.451116712435503],[90.75992353313848,25.458524147288617],[90.77350417519126,25.451499855617563],[90.78988494962606,25.46746415486996],[90.77350417519126,25.46899672759819],[90.78974494300695,25.4857273132147],[90.79016496286427,25.50667247383384],[90.76132359932949,25.550478510982416],[90.7618836258059,25.552138798104664],[90.762023632425,25.552266512498683],[90.77182409576206,25.577553962514475],[90.78190457233731,25.583939682215433],[90.78736483048225,25.569507955691268],[90.80024543943952,25.588537400400124],[90.80038544605863,25.588281971612087],[90.80052545267773,25.588537400400124],[90.8132660550159,25.575893675392226],[90.82404656468667,25.590069973128355],[90.87458895418206,25.607694559503],[90.98351410384251,25.742816388375275],[90.94179213135047,25.75443839823102],[90.94151211811226,25.75456611262504],[90.94305219092237,25.76312297702432],[90.94473227035158,25.772190698999683],[90.95719285945155,25.77717156036643],[90.9822540442706,25.802075867200166],[91.00143495108742,25.824936743729598],[91.00213498418293,25.824936743729598],[91.00745523570876,25.824681314941557]]]}},{"type":"Feature","properties":{"district":"Peren","dt_code":"271","st_nm":"Nagaland","st_code":"13","year":"2011_c"},"geometry":{"type":"Polygon","coordinates":[[[93.46989165245422,25.306033160829735],[93.44833063311269,25.340771476002946],[93.47227176497893,25.383683512393386],[93.47311180469354,25.385343799515635],[93.47087169878793,25.388408944972095],[93.45813109644975,25.431065552574495],[93.45617100378234,25.432598125302725],[93.45603099716324,25.433875269242918],[93.45323086478122,25.43502469878909],[93.42466951448465,25.446518994250816],[93.39022788618584,25.460439863198904],[93.39134793913865,25.482406738970198],[93.38616769423191,25.485982742002737],[93.38546766113642,25.490452745793405],[93.35914641674546,25.515101623839104],[93.35004598650391,25.532343067031693],[93.33016504659159,25.542432504159205],[93.33002503997248,25.542304789765186],[93.32904499363877,25.54319879052332],[93.33716537754663,25.554820800379066],[93.34108556288146,25.558269089017582],[93.35858639026905,25.554693085985047],[93.42648960053296,25.63208800876066],[93.44427044115876,25.63975087240181],[93.46079122221266,25.632471151942717],[93.46065121559357,25.632598866336735],[93.45715105011604,25.64128344513004],[93.49005260560475,25.652394597409707],[93.49649291008338,25.654693456502052],[93.50279320794291,25.665166036811623],[93.51273367789908,25.675000045151098],[93.65946061471675,25.649584880741283],[93.79470700876816,25.669380611814255],[93.88333119865898,25.658524888322628],[93.92855333662855,25.670785470148466],[93.92925336972405,25.65839717392861],[93.92939337634316,25.624680573907547],[93.91427266148027,25.622254000421183],[93.91413265486116,25.613058564051805],[93.93989387277571,25.58598311251974],[93.9356936742027,25.55877994659366],[93.88865145018481,25.565165666294618],[93.86121015284105,25.553288227650835],[93.8344688885928,25.560567948109927],[93.81654804134789,25.54026135946088],[93.76502560551879,25.538601072338633],[93.76502560551879,25.538345643550592],[93.76474559228058,25.536685356428343],[93.75816528118284,25.50411818595346],[93.76166544666036,25.499648182162787],[93.76404555918508,25.496583036706326],[93.76628566509069,25.493517891249866],[93.7860265983839,25.502841042013266],[93.78700664471761,25.503096470801303],[93.8005872867704,25.496455322312308],[93.80996773025015,25.48381159730441],[93.80506749858162,25.463377294261345],[93.80506749858162,25.463377294261345],[93.80492749196252,25.463249579867323],[93.77412603576033,25.41969897150679],[93.74220452660535,25.40399010104243],[93.70930297111664,25.3571189184374],[93.68662189882231,25.36005634949984],[93.68158166053468,25.328894037359163],[93.66464085962349,25.325701177508684],[93.6675809986246,25.310886307802463],[93.60527805312472,25.199136213035693],[93.58791723235622,25.201051928945983],[93.5841370536405,25.221741660777084],[93.55613572982034,25.24587968124671],[93.55599572320124,25.246007395640728],[93.5018131616092,25.24243139260819],[93.50629337342043,25.269379129746234],[93.47199175174073,25.27167798883858],[93.47199175174073,25.303478872949352],[93.46989165245422,25.306033160829735]]]}},{"type":"Feature","properties":{"district":"Senapati","dt_code":"272","st_nm":"Manipur","st_code":"14","year":"2011_c"},"geometry":{"type":"Polygon","coordinates":[[[93.80506749858162,25.463377294261345],[93.80506749858162,25.463377294261345],[93.80996773025015,25.48381159730441],[93.8005872867704,25.496455322312308],[93.78700664471761,25.503096470801303],[93.7860265983839,25.502841042013266],[93.76628566509069,25.493517891249866],[93.76404555918508,25.496583036706326],[93.76166544666036,25.499648182162787],[93.75816528118284,25.50411818595346],[93.76474559228058,25.536685356428343],[93.76502560551879,25.538345643550592],[93.76502560551879,25.538601072338633],[93.81654804134789,25.54026135946088],[93.8344688885928,25.560567948109927],[93.86121015284105,25.553288227650835],[93.88865145018481,25.565165666294618],[93.9356936742027,25.55877994659366],[93.94871428977908,25.553032798862798],[93.95711468692512,25.55137251174055],[93.98315591807787,25.56823081175108],[94.00597699699131,25.567336810992945],[94.00695704332502,25.568486240539116],[94.00233682489468,25.586366255701797],[94.01283732132725,25.592624261008737],[94.0381785193845,25.570018813267346],[94.04811898934067,25.57563824660419],[94.06729989615748,25.552266512498683],[94.08480072354509,25.554693085985047],[94.09418116702484,25.53732392839844],[94.08466071692598,25.530427351121403],[94.10804182231583,25.521870486722122],[94.14038335132811,25.519443913235758],[94.15620409928651,25.55111708295251],[94.16488450967076,25.541283074613034],[94.17804513186624,25.550606225376434],[94.18966568125161,25.548945938254185],[94.1893856680134,25.54792422310203],[94.18588550253588,25.531576780667578],[94.1877055885842,25.528894778393177],[94.19806607839766,25.512419621564703],[94.20842656821112,25.496072179130252],[94.21444685283245,25.49581675034221],[94.23250770669647,25.495050463978096],[94.24972852084586,25.49428417761398],[94.28459016900197,25.50794961777403],[94.32155191644459,25.502968756407284],[94.38525492813548,25.53247078142571],[94.41661641081406,25.536557642034325],[94.4250168079601,25.58649397009582],[94.47779930336112,25.61395256480994],[94.48087944898134,25.61395256480994],[94.48871981965098,25.60462941404654],[94.46743881354766,25.582023966305147],[94.46057848921171,25.54958451022428],[94.41381627843204,25.475637876087184],[94.42137663586348,25.466059296535747],[94.41101614605003,25.462866436685268],[94.39351531866242,25.423402688933347],[94.38329483546806,25.423019545751288],[94.3895951333276,25.419954400294827],[94.37937465013323,25.407821532863007],[94.37755456408493,25.3571189184374],[94.33555257835468,25.310120021438347],[94.32505208192211,25.279851710055805],[94.2892103874323,25.241920535032115],[94.25266865984699,25.228893666842158],[94.24594834213013,25.203733931220384],[94.2213071771684,25.194027637274928],[94.21388682635606,25.17525362135411],[94.21388682635606,25.17525362135411],[94.19302584011002,25.186620202421818],[94.07262014768331,25.170145045593344],[93.99743659322615,25.19211192136464],[94.01745753975759,25.25328711609982],[93.970835335597,25.292367720669684],[93.99169632184302,25.347029481309885],[93.98791614312731,25.374488076024004],[93.96061485240264,25.391601804822574],[93.9212729924353,25.395305522249128],[93.9197329196252,25.39683809497736],[93.91749281371959,25.4024575283142],[93.89257163551963,25.42276411696325],[93.83334883563998,25.42748954954196],[93.8204682266827,25.460567577592922],[93.80506749858162,25.463377294261345]]]}},{"type":"Feature","properties":{"district":"East Jaintia Hills","dt_code":"714","st_nm":"Meghalaya","st_code":"17","year":"update2014"},"geometry":{"type":"Polygon","coordinates":[[[92.56908906515946,25.465165295777613],[92.58028959468753,25.472189587448668],[92.58210968073584,25.47180644426661],[92.58224968735493,25.47180644426661],[92.59877046840883,25.466187010929765],[92.60661083907848,25.413313251805832],[92.6276118319436,25.422125544993154],[92.62551173265709,25.43502469878909],[92.63951239456718,25.417655541202482],[92.65351305647727,25.433619840454877],[92.66149343376601,25.406416674528796],[92.67339399638958,25.414079538169947],[92.71791610126364,25.372700074507737],[92.73793704779506,25.379468937390754],[92.73219677641193,25.368996357081183],[92.74983761041864,25.344219764641466],[92.78175911957362,25.333236326755816],[92.79239962262528,25.28266142672423],[92.76845849075904,25.268229700200063],[92.7776989276197,25.258267977466566],[92.7617381730422,25.246645967610824],[92.77153863637926,25.230043096388332],[92.80150005286684,25.21548365547015],[92.7761588548096,25.19977478500579],[92.74283727946359,25.206799076676845],[92.6938349627783,25.179340481962722],[92.66331351981432,25.17678619408234],[92.65561315576377,25.155074747099082],[92.62817185842,25.138216447088553],[92.62131153408407,25.115100141771084],[92.52232685437977,25.139365876634724],[92.52232685437977,25.138982733452668],[92.52246686099888,25.137067017542382],[92.52302688747528,25.126083579656733],[92.53926765529098,25.099135842518688],[92.48088489512594,25.108714422070125],[92.47192447150348,25.067334958407915],[92.45694376325969,25.054180375823943],[92.46422410745294,25.03757750460145],[92.4423830748732,25.04536808263662],[92.4255822805811,25.030042355354322],[92.34479846135991,25.050604372791405],[92.33331791859365,25.082532971296196],[92.29719621086564,25.072060390986625],[92.20927205407031,25.111651853132567],[92.22467278217141,25.1185484304096],[92.19975160397146,25.125317293292618],[92.22509280202871,25.16350389710435],[92.23461325212756,25.19990249939981],[92.21935253064558,25.225062235021586],[92.2050718554973,25.22723337971991],[92.19947159073325,25.291729148699588],[92.17147026691309,25.33617375781826],[92.1739903860569,25.35392605858692],[92.26863486056907,25.395944094219224],[92.37349981827559,25.405778102558703],[92.45022344554285,25.4217424018111],[92.4923654378922,25.441538132884066],[92.53520746333706,25.434641555607033],[92.54556795315051,25.458141004106558],[92.54682801272243,25.45801328971254],[92.56684895925385,25.456225288196272],[92.56726897911115,25.456736145772346],[92.56768899896845,25.457119288954406],[92.56908906515946,25.465165295777613]]]}},{"type":"Feature","properties":{"district":"East Khasi Hills","dt_code":"298","st_nm":"Meghalaya","st_code":"17","year":"2011_c"},"geometry":{"type":"Polygon","coordinates":[[[91.82859405673514,25.673850615604927],[91.83405431488008,25.644093161798462],[92.13240842018396,25.641028016342002],[92.13310845327946,25.639112300431712],[92.13394849299407,25.639112300431712],[92.13800868494799,25.625191431483625],[92.10524713607839,25.562355949626195],[92.11392754646265,25.54473136325155],[92.09488664626494,25.49428417761398],[92.10902731479412,25.471040157902493],[92.09446662640764,25.450988998041485],[92.11322751336715,25.410503535137412],[92.10146695736267,25.398753810887648],[92.11154743393793,25.37972436617879],[92.11084740084243,25.336556901000314],[92.11938780460758,25.331320610845527],[92.11112741408063,25.306033160829735],[92.04504428986503,25.320848030535956],[91.9882016025101,25.28100113960198],[91.98484144365167,25.24562425245867],[92.0211031579988,25.201945929704117],[92.01970309180778,25.19070706303043],[92.01662294618757,25.18904677590818],[91.98316136422247,25.171549903927556],[91.94703965649445,25.183299628177316],[91.74669018456116,25.171677618321574],[91.74389005217914,25.148689027398124],[91.70482820545001,25.15673503422133],[91.69418770239835,25.14038759178688],[91.64196523347374,25.124295578140465],[91.6185841280839,25.14664559709382],[91.60094329407718,25.146901025881856],[91.6029033867446,25.17372104862588],[91.49299819075046,25.134640444056018],[91.47087714493252,25.136173016784245],[91.46681695297859,25.14945531376224],[91.43923564901573,25.15213731603664],[91.41389445095848,25.17244390468569],[91.40395398100232,25.16618589937875],[91.37973283589787,25.17678619408234],[91.35425163122153,25.234129956996945],[91.38533310066191,25.23962167593977],[91.4025539148113,25.263631982015372],[91.42271486796183,25.261971694893123],[91.43825560268202,25.27308284717279],[91.47885752222126,25.263504267621354],[91.49579832313246,25.283427713088344],[91.53248005733688,25.276531135811307],[91.54788078543797,25.28700371612088],[91.5497008714863,25.330298895693375],[91.52435967342903,25.348945197220175],[91.55586116272673,25.42889440787617],[91.54676073248517,25.481640452606083],[91.54928085162898,25.481895881394124],[91.54158048757844,25.51114247762451],[91.6537257894782,25.552011083710642],[91.65848601452763,25.52800077763504],[91.67010656391301,25.52212591551016],[91.68900745749161,25.525957347330735],[91.73310954250837,25.575255103422133],[91.78085179962176,25.5896868299463],[91.79975269320038,25.609610275413285],[91.80815309034642,25.658780317110665],[91.82649395744863,25.672445757270715],[91.82859405673514,25.673850615604927]]]}},{"type":"Feature","properties":{"district":"Tamenglong","dt_code":"273","st_nm":"Manipur","st_code":"14","year":"2011_c"},"geometry":{"type":"Polygon","coordinates":[[[93.24588106189289,24.972698592439716],[93.25666157156365,24.99492089699905],[93.25974171718387,25.00117890230599],[93.25946170394568,25.00117890230599],[93.24434098908279,24.99824147124355],[93.24378096260638,25.018420345498576],[93.25386143918163,25.02071920459092],[93.264081922376,25.049454943245234],[93.29992361686581,25.046134369000736],[93.31476431849049,25.084704115994523],[93.3322651458781,25.093644123575864],[93.34514575483539,25.12352929177635],[93.34570578131178,25.169889616805307],[93.38168748242069,25.223018804717277],[93.38098744932519,25.239749390333788],[93.42746964686667,25.28329999869432],[93.46947163259692,25.304628302495523],[93.47045167893063,25.3051391600716],[93.46989165245422,25.306033160829735],[93.47199175174073,25.303478872949352],[93.47199175174073,25.27167798883858],[93.50629337342043,25.269379129746234],[93.5018131616092,25.24243139260819],[93.55599572320124,25.246007395640728],[93.55613572982034,25.24587968124671],[93.5841370536405,25.221741660777084],[93.58791723235622,25.201051928945983],[93.60527805312472,25.199136213035693],[93.6675809986246,25.310886307802463],[93.66464085962349,25.325701177508684],[93.68158166053468,25.328894037359163],[93.68662189882231,25.36005634949984],[93.70930297111664,25.3571189184374],[93.74220452660535,25.40399010104243],[93.77412603576033,25.41969897150679],[93.80492749196252,25.463249579867323],[93.80506749858162,25.463377294261345],[93.8204682266827,25.460567577592922],[93.83334883563998,25.42748954954196],[93.89257163551963,25.42276411696325],[93.91749281371959,25.4024575283142],[93.9197329196252,25.39683809497736],[93.9212729924353,25.395305522249128],[93.9207129659589,25.394411521490994],[93.92267305862632,25.38917523133621],[93.91343262176566,25.38457751315152],[93.9032121385713,25.37040121541539],[93.8876714038511,25.335152042666103],[93.8876714038511,25.335024328272084],[93.9191728931488,25.327744607812992],[93.95445456116221,25.287642288090975],[93.95543460749592,25.286365144150782],[93.9537545280667,25.28547114339265],[93.94241399191954,25.279340852479727],[93.92617322410383,25.270656273686427],[93.9026521120949,25.272188846414657],[93.85364979540961,25.22876595244814],[93.82592848482764,25.22238023274718],[93.79232689624344,25.16733532892492],[93.77286597618843,25.15418074634095],[93.79694711467377,25.101051558428978],[93.79652709481647,25.082405256902177],[93.81430793544227,25.02863749702011],[93.8171080678243,25.023145778077286],[93.81612802149058,25.02289034928925],[93.79064681681423,25.01650462958829],[93.79960724043669,24.957372865157417],[93.75858530104014,24.907436537095922],[93.77216594309292,24.849581916605242],[93.77202593647382,24.849454202211223],[93.77146590999742,24.84868791584711],[93.74374459941545,24.808074738549013],[93.74360459279634,24.807691595366958],[93.7522850031806,24.79772987263346],[93.75774526132554,24.7919827249026],[93.66114069414596,24.795941871117194],[93.64840009180779,24.800539589301884],[93.6345394365168,24.801561304454037],[93.61605856279549,24.812417027945667],[93.57643668958995,24.835405618869114],[93.56075594825066,24.811139884005474],[93.54311511424396,24.809224168095188],[93.49747295641708,24.82352818022533],[93.40744870033525,24.824933038559543],[93.3989082965701,24.806414451426765],[93.37174701246454,24.809224168095188],[93.36292659546118,24.75826612488154],[93.34010551654775,24.750730975634408],[93.33002503997248,24.726465240770768],[93.33912547021404,24.71254437182268],[93.30342378234333,24.690194352869327],[93.28452288876471,24.665800903611665],[93.27906263061979,24.658904326334632],[93.25260137960973,24.658904326334632],[93.21591964540531,24.698112645298515],[93.2149395990716,24.696707786964303],[93.21619965864352,24.699389789238705],[93.21143943359408,24.700922361966935],[93.20023890406601,24.704115221817414],[93.20065892392331,24.704498364999473],[93.22221994326485,24.721995236980096],[93.2323004198401,24.752646691544697],[93.17783784500989,24.792110439296618],[93.17545773248517,24.793770726418867],[93.17657778543797,24.794664727177],[93.17503771262787,24.79772987263346],[93.18497818258402,24.801689018848055],[93.19099846720536,24.80411559233442],[93.19099846720536,24.806669880214802],[93.1968787452076,24.81152302718753],[93.19561868563568,24.83617190523323],[93.20051891730421,24.83808762114352],[93.19533867239748,24.840386480235864],[93.19533867239748,24.842046767358113],[93.20149896363793,24.84217448175213],[93.19477864592108,24.853924206001892],[93.20401908278174,24.851114489333472],[93.22628013521877,24.87295365071075],[93.22137990355024,24.881638229504052],[93.2327204396974,24.884703374960512],[93.22586011536147,24.891983095419604],[93.24070081698616,24.903477390881328],[93.23510055222212,24.91152339770454],[93.24868119427491,24.914971686343055],[93.23678063165133,24.93732170529641],[93.25120131341872,24.940769993934925],[93.24532103541648,24.95085943106244],[93.24560104865469,24.951114859850478],[93.25932169732657,24.96567430076866],[93.26226183632768,24.968739446225122],[93.25526150537264,24.97039973334737],[93.24588106189289,24.972698592439716]]]}},{"type":"Feature","properties":{"district":"South Garo Hills","dt_code":"295","st_nm":"Meghalaya","st_code":"17","year":"2011_c"},"geometry":{"type":"Polygon","coordinates":[[[90.7618836258059,25.552138798104664],[90.76132359932949,25.550478510982416],[90.79016496286427,25.50667247383384],[90.78974494300695,25.4857273132147],[90.77350417519126,25.46899672759819],[90.78988494962606,25.46746415486996],[90.77350417519126,25.451499855617563],[90.75992353313848,25.458524147288617],[90.75152313599243,25.451116712435503],[90.7616036125677,25.444858707128564],[90.75544332132725,25.429916123028324],[90.76384371847331,25.416889254838367],[90.74788296389582,25.379468937390754],[90.77630430757328,25.363632352532377],[90.80780579687097,25.368357785111087],[90.83832723983495,25.35520320252711],[90.84518756417089,25.34613548055175],[90.83888726631136,25.307821162346002],[90.83874725969225,25.307310304769924],[90.83916727954956,25.307565733557965],[90.84084735897876,25.306160875223753],[90.861988358463,25.294538865368008],[90.90175023828763,25.29734858203643],[90.91589090681681,25.277041993387385],[90.9312916349179,25.27793599414552],[90.931431641537,25.27793599414552],[90.9325516944898,25.276658850205326],[90.95481274692685,25.251115971401493],[90.95873293226167,25.246645967610824],[90.95733286607066,25.241920535032115],[90.94977250863921,25.214717369106033],[90.96853339559873,25.20117964334],[90.96965344855153,25.172571619079708],[90.85484802088885,25.159672465283773],[90.81956635287544,25.16350389710435],[90.780084486289,25.183810485753394],[90.76048355961488,25.165164184226597],[90.74144265941717,25.165164184226597],[90.73738246746325,25.15366988876487],[90.72072167979024,25.164781041044538],[90.69342038906558,25.15980017967779],[90.67493951534428,25.16759075771296],[90.65505857543195,25.193133636516794],[90.63629768847244,25.173210191049805],[90.5104317379008,25.168484758471095],[90.4446286269234,25.143835880425396],[90.37742544975501,25.1618436099821],[90.33178329192813,25.191728778182583],[90.30490202106077,25.187003345603873],[90.23363865193845,25.203861645614403],[90.22929844674633,25.235279386543116],[90.24749930722943,25.253542544887857],[90.26135996252042,25.321231173718015],[90.3086821997765,25.365292639654626],[90.31358243144503,25.3844497987575],[90.30364196148886,25.41854954196062],[90.31932270282816,25.464399009413498],[90.32016274254276,25.46388815183742],[90.32310288154389,25.46222786471517],[90.36944507246625,25.458141004106558],[90.44196850116049,25.46069529198694],[90.51883213504685,25.43349212606086],[90.6445580789994,25.416122968474255],[90.6789997072982,25.481640452606083],[90.7618836258059,25.552138798104664]]]}},{"type":"Feature","properties":{"district":"Cachar","dt_code":"316","st_nm":"Assam","st_code":"18","year":"2011_c"},"geometry":{"type":"Polygon","coordinates":[[[92.8955845009026,24.391342670864482],[92.8955845009026,24.391342670864482],[92.89362440823518,24.392364386016634],[92.89180432218689,24.396834389807307],[92.88816415009026,24.398494676929555],[92.88830415670935,24.396706675413288],[92.88634406404195,24.399005534505633],[92.88354393165993,24.400154964051804],[92.8775236470386,24.395940389049173],[92.8775236470386,24.395940389049173],[92.8775236470386,24.395940389049173],[92.87318344184646,24.394407816320943],[92.87108334255996,24.394152387532905],[92.8622629255566,24.39657896101927],[92.85834274022179,24.395557245867113],[92.85736269388808,24.39466324510898],[92.84910230336112,24.384956951163524],[92.84294201212069,24.377677230704432],[92.84084191283418,24.377549516310413],[92.83804178045216,24.377421801916395],[92.82754128401959,24.376527801158257],[92.82614121782859,24.376527801158257],[92.82712126416229,24.383296664041275],[92.82880134359151,24.394152387532905],[92.82964138330611,24.399005534505633],[92.8290813568297,24.399133248899652],[92.82418112516118,24.401432107991997],[92.82096097292185,24.40373096708434],[92.82054095306455,24.40398639587238],[92.81984091996905,24.40551896860061],[92.81914088687354,24.40705154132884],[92.81452066844322,24.40986125799726],[92.8107404897275,24.412160117089606],[92.8101804632511,24.412543260271665],[92.80850038382188,24.413564975423817],[92.80402017201065,24.41624697769822],[92.80009998667583,24.4188012655786],[92.79925994696123,24.41918440876066],[92.7613181531849,24.512415916394648],[92.7604781134703,24.514331632304938],[92.75893804066018,24.518290778519532],[92.75725796123098,24.522249924734126],[92.7797990269062,24.568354820975042],[92.77447877538037,24.568227106581023],[92.76425829218601,24.566949962640834],[92.76271821937591,24.568227106581023],[92.73527692203214,24.59032169674634],[92.71735607478723,24.561841386880065],[92.66835375810194,24.590832554322414],[92.66793373824464,24.591087983110455],[92.66639366543454,24.609734284637252],[92.69677510177942,24.615353717974095],[92.66541361910083,24.627614299799934],[92.66513360586262,24.673591481646834],[92.65029290423794,24.684574919532484],[92.65575316238287,24.75354069230283],[92.68375448620304,24.81458817264399],[92.64595269904581,24.815226744614087],[92.62929191137282,24.854945921154048],[92.64623271228402,24.85277477645572],[92.61263112369981,24.86082078327893],[92.59723039559873,24.87908394162367],[92.58000958144932,24.875380224197112],[92.58028959468753,24.872570507528692],[92.57972956821112,24.873592222680845],[92.55620845620217,24.87742365450142],[92.5261070330955,24.861076212066965],[92.5258270198573,24.861331640855006],[92.51504651018654,24.879467084805725],[92.49040534522479,24.874103080256923],[92.49670564308433,24.90220024694114],[92.48396504074614,24.928509412109086],[92.48718519298546,24.947155713635883],[92.44910339259005,24.93885427802464],[92.46716424645405,24.964014013646413],[92.41844194300697,24.966440587132777],[92.4251622607238,25.029659212172263],[92.4255822805811,25.030042355354322],[92.4423830748732,25.04536808263662],[92.46422410745294,25.03757750460145],[92.45694376325969,25.054180375823943],[92.47192447150348,25.067334958407915],[92.48088489512594,25.108714422070125],[92.53926765529098,25.099135842518688],[92.59835044855153,25.110757852374434],[92.61949144803576,25.102328702369167],[92.6428725534256,25.117782144045485],[92.66499359924353,25.109097565252185],[92.72253631969397,25.11267356828472],[92.73485690217484,25.125955865262714],[92.73037669036361,25.142941879667262],[92.73751702793776,25.14166473572707],[92.75305776265796,25.13834416148257],[92.7779789408579,25.08828011902706],[92.8125605757758,25.081383541750025],[92.83580167454654,25.052647803095713],[92.89740458695091,25.079340111445717],[92.95172715516203,25.069122959924186],[92.95900749935528,25.09006812054333],[92.9774883730766,25.085598116752656],[93.03685117957534,25.104627561461513],[93.0470716627697,25.099263556912707],[93.04301147081577,25.0885355478151],[93.01431011390011,25.06184323946509],[93.05309194739104,25.03068092732442],[93.06191236439439,25.002328331852162],[93.17965793105819,25.000668044729913],[93.20303903644803,24.981766314415076],[93.20317904306714,24.98151088562704],[93.22726018155248,24.9872580333579],[93.24098083022436,24.973848021985887],[93.24476100894009,24.970272018953352],[93.24588106189289,24.972698592439716],[93.25526150537264,24.97039973334737],[93.26226183632768,24.968739446225122],[93.25932169732657,24.96567430076866],[93.24560104865469,24.951114859850478],[93.24532103541648,24.95085943106244],[93.25120131341872,24.940769993934925],[93.23678063165133,24.93732170529641],[93.24868119427491,24.914971686343055],[93.23510055222212,24.91152339770454],[93.24070081698616,24.903477390881328],[93.22586011536147,24.891983095419604],[93.2327204396974,24.884703374960512],[93.22137990355024,24.881638229504052],[93.22628013521877,24.87295365071075],[93.20401908278174,24.851114489333472],[93.19477864592108,24.853924206001892],[93.20149896363793,24.84217448175213],[93.19533867239748,24.842046767358113],[93.19533867239748,24.840386480235864],[93.20051891730421,24.83808762114352],[93.19561868563568,24.83617190523323],[93.1968787452076,24.81152302718753],[93.19099846720536,24.806669880214802],[93.19099846720536,24.80411559233442],[93.18497818258402,24.801689018848055],[93.17503771262787,24.79772987263346],[93.14941650133241,24.787512721111927],[93.14913648809421,24.788023578688005],[93.13849598504254,24.81011816885332],[93.11875505174933,24.807819309760976],[93.11889505836842,24.808202452943032],[93.12057513779764,24.815865316584183],[93.12127517089314,24.819058176434662],[93.10937460826958,24.81152302718753],[93.09901411845611,24.759287840033693],[93.09873410521791,24.75366840669685],[93.10769452884037,24.74153553926503],[93.10741451560216,24.74115239608297],[93.08655352935614,24.70960694076024],[93.07339290716067,24.70794665363799],[93.09005369483366,24.67729519907339],[93.10377434350553,24.67435776801095],[93.10405435674375,24.67423005361693],[93.09523393974038,24.65290174981573],[93.08305336387862,24.649964318753288],[93.08711355583254,24.62978544449826],[93.07563301306627,24.624676868737495],[93.08417341683142,24.613693430851846],[93.07157282111234,24.600538848267874],[93.07815313221009,24.596835130841317],[93.10209426407633,24.583680548257345],[93.10419436336284,24.58253111871117],[93.09131375440556,24.57512368385806],[93.08781358892804,24.572441681583655],[93.08655352935614,24.572441681583655],[93.08431342345052,24.571292252037484],[93.05897222539328,24.573846539917866],[93.0649925100146,24.56580053309466],[93.07087278801684,24.558903955817627],[93.07045276815954,24.558520812635567],[93.04987179515172,24.54434451489944],[93.05001180177082,24.51956792245972],[93.03251097438321,24.4954299019901],[93.04539158334049,24.4707810239444],[93.0466516429124,24.468354450458037],[93.0439915171495,24.466311020153732],[93.03307100085962,24.429529274676213],[93.03293099424052,24.428762988312098],[93.03503109352704,24.426080986037693],[93.04315147743488,24.418418122396545],[93.04231143772027,24.417396407244393],[93.04021133843376,24.415097548152048],[93.03517110014613,24.40973354360324],[93.02845078242929,24.408967257239127],[93.02103043161695,24.408073256480993],[93.01823029923493,24.407817827692956],[93.01725025290122,24.409478114815204],[93.00884985575517,24.412543260271665],[93.00884985575517,24.412415545877643],[93.00632973661136,24.409605829209223],[92.9972293063698,24.399516392081708],[92.99540922032149,24.400154964051804],[92.99176904822488,24.401687536780035],[92.98462871065072,24.404497253448454],[92.98224859812602,24.40539125420659],[92.9793084591249,24.406540683752763],[92.97482824731367,24.404624967842476],[92.97006802226424,24.398111533747496],[92.9616676251182,24.393896958744865],[92.96012755230808,24.39198124283458],[92.95900749935528,24.393258386774768],[92.95900749935528,24.393258386774768],[92.95648738021146,24.396451246625247],[92.95228718163844,24.401687536780035],[92.95130713530473,24.401687536780035],[92.95046709559013,24.401815251174053],[92.94892702278003,24.401176679203957],[92.9458468771598,24.399899535263767],[92.93716646677555,24.394407816320943],[92.93450634101264,24.392747529198694],[92.93394631453623,24.392364386016634],[92.93268625496432,24.39338610116879],[92.93212622848792,24.393641529956827],[92.93114618215421,24.39313067238075],[92.9290460828677,24.394790959503],[92.92554591739018,24.39772839056544],[92.92344581810366,24.399516392081708],[92.92232576515086,24.40041039283984],[92.9112652422419,24.409605829209223],[92.9108452223846,24.40998897239128],[92.90860511647898,24.400154964051804],[92.90496494438236,24.39606810344319],[92.90510495100146,24.392364386016634],[92.90440491790595,24.3914703852585],[92.90440491790595,24.3914703852585],[92.90440491790595,24.3914703852585],[92.90146477890484,24.390831813288404],[92.90020471933293,24.39044867010635],[92.90020471933293,24.39044867010635],[92.8955845009026,24.391342670864482]]]}},{"type":"Feature","properties":{"district":"Imphal West","dt_code":"277","st_nm":"Manipur","st_code":"14","year":"2011_c"},"geometry":{"type":"Polygon","coordinates":[[[93.91497269457577,24.9106293969464],[93.89705184733086,24.907691965883963],[93.90587226433422,24.881510515110033],[93.9188928799106,24.88023337116984],[93.89929195323649,24.858777352974624],[93.92309307848362,24.8586496385806],[93.91903288652969,24.85136991812151],[93.94605416401616,24.830935615078445],[93.93317355505889,24.80884102491313],[93.93373358153528,24.80833016733705],[93.94437408458694,24.800028731725806],[93.93331356167798,24.75098640442245],[93.93331356167798,24.75060326124039],[93.93415360139258,24.74766583017795],[93.94255399853864,24.71956866349373],[93.94199397206224,24.720334949857847],[93.92561319762743,24.711394942276506],[93.90447219814321,24.699645218026745],[93.90461220476232,24.675251768769083],[93.93289354182068,24.664779188459512],[93.93471362786899,24.649198032389172],[93.93485363448809,24.648687174813098],[93.92603321748473,24.653029464209748],[93.88865145018481,24.61599228994419],[93.91161253571735,24.612033143729597],[93.91133252247914,24.611011428577445],[93.9047522113814,24.591343411898492],[93.91175254233644,24.57346339673581],[93.90069201942748,24.554306237632936],[93.91259258205106,24.554944809603032],[93.87213066913091,24.550857948994416],[93.8687705102725,24.52620907094872],[93.86863050365339,24.52633678534274],[93.85784999398263,24.529529645193218],[93.85588990131522,24.545238515657573],[93.88039105965787,24.558520812635567],[93.86023010650734,24.566311390670737],[93.87157064265452,24.597984560387488],[93.8519697159804,24.574357397493944],[93.85014962993209,24.5840636914394],[93.82900863044786,24.594408557354953],[93.8348889084501,24.61037285660735],[93.80618755153442,24.617908005854478],[93.81430793544227,24.64217374071812],[93.79918722057938,24.6606923278509],[93.80380743900972,24.676273483921236],[93.83152874959168,24.685596634684636],[93.83936912026132,24.667588905127932],[93.86471031831857,24.65915975512267],[93.87549082798934,24.665673189217646],[93.8873913906129,24.698240359692534],[93.87535082137023,24.702327220301147],[93.86849049703429,24.738725822596606],[93.86849049703429,24.739364394566703],[93.83418887535458,24.72161209379804],[93.79820717424568,24.740258395324837],[93.76992583718732,24.735022105170053],[93.79246690286254,24.765418130946614],[93.78154638657267,24.80449873551648],[93.80856766405914,24.835788762051173],[93.80688758462992,24.86503535828156],[93.84594943135906,24.92953112726124],[93.84776951740737,24.954435434094975],[93.86359026536576,24.960438010613878],[93.87815095375225,24.986747175781826],[93.8862713376601,24.984959174265555],[93.90895240995444,24.974742022744024],[93.91315260852747,24.971421448499523],[93.91413265486116,24.970655162135408],[93.8868313641365,24.94013142196483],[93.8865513508983,24.939748278782773],[93.8866913575174,24.939620564388754],[93.90769235038253,24.929147984079183],[93.90825237685894,24.92902026968516],[93.90825237685894,24.929147984079183],[93.9197329196252,24.962736869706223],[93.93177348886788,24.96759001667895],[93.91581273429037,24.913311399220806],[93.91497269457577,24.9106293969464]]]}},{"type":"Feature","properties":{"district":"Karimganj","dt_code":"317","st_nm":"Assam","st_code":"18","year":"2011_c"},"geometry":{"type":"Polygon","coordinates":[[[92.51504651018654,24.879467084805725],[92.5258270198573,24.861331640855006],[92.5261070330955,24.861076212066965],[92.55620845620217,24.87742365450142],[92.57972956821112,24.873592222680845],[92.58028959468753,24.872570507528692],[92.58616987268977,24.861203926460988],[92.58280971383134,24.845239627208592],[92.58252970059314,24.844217912056436],[92.58252970059314,24.8439624832684],[92.54458790681682,24.807563880972936],[92.54514793329321,24.765545845340633],[92.5249869801427,24.751752690786564],[92.52218684776068,24.72953038622723],[92.49362549746411,24.68329777559229],[92.50636609980228,24.664012902095397],[92.50454601375398,24.589555410382225],[92.51714660947304,24.573974254311885],[92.50552606008767,24.534765935348002],[92.508746212327,24.454944439086027],[92.50622609318319,24.44191757089607],[92.50104584827645,24.416630120880278],[92.4913853915585,24.368992651911128],[92.48102490174503,24.343449773107295],[92.46968436559786,24.31535260642308],[92.46366408097653,24.300665451110877],[92.43468271082266,24.258902844266608],[92.43272261815525,24.256093127598188],[92.43216259167885,24.255326841234073],[92.4241822143901,24.255199126840054],[92.42250213496088,24.254943698052013],[92.42208211510358,24.25111226623144],[92.41620183710134,24.25136769501948],[92.40654138038339,24.249962836685267],[92.39548085747442,24.250601408655363],[92.37629995065761,24.24932426471517],[92.31385699853864,24.250729123049382],[92.31035683306112,24.249451979109192],[92.30335650210607,24.2508568374434],[92.29649617777014,24.249962836685267],[92.29691619762744,24.24766397759292],[92.29593615129373,24.246897691228806],[92.29509611157913,24.246259119258713],[92.29481609834093,24.24510968971254],[92.2911759262443,24.25136769501948],[92.21991255712197,24.23438168061493],[92.21851249093098,24.234764823796986],[92.21725243135906,24.23438168061493],[92.19233125315911,24.24332168819627],[92.20969207392761,24.248302549563018],[92.21879250416917,24.285722867010634],[92.25981444356572,24.358520071601557],[92.24679382798934,24.441023570137936],[92.24651381475114,24.44204528529009],[92.22999303369724,24.451751579235548],[92.23027304693544,24.501304764114984],[92.22999303369724,24.501943336085077],[92.22845296088713,24.502581908055173],[92.21165216659503,24.50449762396546],[92.21361225926245,24.508712198968094],[92.23125309326915,24.547026517173844],[92.25435418542078,24.678189199831525],[92.29593615129373,24.736554677898283],[92.27899535038253,24.745622399873643],[92.2889358203387,24.784830718837526],[92.27339508561849,24.79939015975571],[92.27297506576119,24.827615040833948],[92.24889392727584,24.829658471138252],[92.25323413246798,24.83808762114352],[92.2413335698444,24.842046767358113],[92.23475325874666,24.861587069643043],[92.24595378827473,24.867461931767924],[92.24707384122755,24.88495880374855],[92.23349319917476,24.899773673454774],[92.29873628367575,24.91573797270717],[92.33947820983408,24.878189940865536],[92.34857864007564,24.89108909466147],[92.36313932846213,24.87231507874065],[92.3750398910857,24.873592222680845],[92.38568039413737,24.851880775697587],[92.39996106928565,24.84868791584711],[92.40626136714519,24.85903278176266],[92.43846288953839,24.85609535070022],[92.44462318077882,24.872059649952615],[92.4757046502192,24.867461931767924],[92.51504651018654,24.879467084805725]]]}},{"type":"Feature","properties":{"district":"Hailakandi","dt_code":"318","st_nm":"Assam","st_code":"18","year":"2011_c"},"geometry":{"type":"Polygon","coordinates":[[[92.7613181531849,24.512415916394648],[92.75879803404109,24.50909534215015],[92.75781798770738,24.508329055786035],[92.75319776927705,24.50436990957144],[92.75319776927705,24.50436990957144],[92.75389780237256,24.499516762598713],[92.73793704779506,24.46337358909129],[92.73009667712542,24.450091292113296],[92.72323635278947,24.43336070649679],[92.72057622702656,24.42378212694535],[92.69789515473222,24.372440940549644],[92.69775514811312,24.372440940549644],[92.69635508192212,24.371419225397492],[92.6945349958738,24.367076936000842],[92.6927149098255,24.36528893448457],[92.6935549495401,24.36273464660419],[92.6927149098255,24.36056350190586],[92.69131484363449,24.359669501147728],[92.69117483701538,24.357242927661364],[92.68963476420527,24.35366692462883],[92.68767467153786,24.35328378144677],[92.66149343376601,24.348302920080023],[92.6612134205278,24.348175205686005],[92.6610734139087,24.348175205686005],[92.6607934006705,24.347536633715908],[92.64679273876041,24.32940118976519],[92.63601222908966,24.33170004885753],[92.63601222908966,24.331827763251553],[92.63657225556605,24.331827763251553],[92.63671226218516,24.331827763251553],[92.63769230851887,24.33195547764557],[92.63727228866156,24.333104907191743],[92.63559220923236,24.33323262158576],[92.63545220261325,24.33336033597978],[92.63321209670764,24.332338620827628],[92.63013195108742,24.330933762493416],[92.62999194446832,24.331061476887438],[92.6256517392762,24.33208319203959],[92.62411166646609,24.33055061931136],[92.62383165322788,24.330295190523323],[92.62299161351328,24.328507189007052],[92.62285160689417,24.328379474613033],[92.62285160689417,24.328379474613033],[92.62271160027507,24.321482897336],[92.62187156056046,24.316118892787195],[92.61893142155935,24.30909460111614],[92.61921143479756,24.30602945565968],[92.61753135536834,24.302070309445085],[92.61753135536834,24.301942595051067],[92.61753135536834,24.301942595051067],[92.61781136860654,24.297344876866376],[92.61781136860654,24.297344876866376],[92.61627129579644,24.288915726861113],[92.61627129579644,24.288788012467094],[92.61669131565374,24.286616867768767],[92.61725134213015,24.28636143898073],[92.61249111708071,24.25583769881015],[92.55550842310667,24.24779169198694],[92.55074819805725,24.247153120016847],[92.55060819143814,24.247153120016847],[92.54906811862804,24.24191682986206],[92.54850809215164,24.241150543497945],[92.54836808553253,24.241022829103926],[92.54668800610332,24.2355311101611],[92.54668800610332,24.235403395767083],[92.54654799948422,24.233615394250815],[92.54654799948422,24.23246596470464],[92.54724803257973,24.22965624803622],[92.54696801934152,24.22224881318311],[92.54696801934152,24.22212109878909],[92.54528793991231,24.21765109499842],[92.5417877744348,24.211903947267558],[92.5419277810539,24.20832794423502],[92.54094773472019,24.20398565483837],[92.53688754276627,24.199771079835735],[92.53674753614716,24.199643365441716],[92.53590749643256,24.19772764953143],[92.53730756262357,24.194279360892914],[92.53730756262357,24.194279360892914],[92.53730756262357,24.19415164649889],[92.53100726476403,24.181252492702956],[92.53254733757414,24.179081348004633],[92.53268734419323,24.179081348004633],[92.53296735743145,24.178570490428555],[92.53240733095504,24.178315061640518],[92.53240733095504,24.178315061640518],[92.53100726476403,24.175249916184057],[92.52946719195393,24.1742282010319],[92.52918717871572,24.172567913909653],[92.5248469735236,24.170652197999367],[92.52120680142697,24.170779912393385],[92.51714660947304,24.173972772243864],[92.51462649032923,24.173334200273768],[92.51308641751912,24.171418484363482],[92.51434647709104,24.167970195724966],[92.51322642413822,24.167076194966832],[92.50818618585059,24.167076194966832],[92.51154634470902,24.16260619117616],[92.51238638442362,24.160435046477833],[92.5090262255652,24.160690475265874],[92.50636609980228,24.164649621480464],[92.50482602699218,24.165032764662524],[92.50440600713488,24.165160479056542],[92.50272592770565,24.164521907086446],[92.50230590784835,24.161584476024007],[92.50202589461016,24.15992418890176],[92.49964578208545,24.158391616173528],[92.4943255305596,24.15775304420343],[92.48760521284277,24.160051903295777],[92.48536510693717,24.160051903295777],[92.48452506722255,24.159285616931662],[92.48438506060344,24.157242186627354],[92.48354502088884,24.155965042687164],[92.48214495469784,24.15494332753501],[92.48186494145963,24.15494332753501],[92.48074488850683,24.15494332753501],[92.48158492822144,24.153793897988837],[92.48074488850683,24.15034560935032],[92.48018486203043,24.1502178949563],[92.48018486203043,24.148046750257976],[92.47822476936301,24.146641891923764],[92.47934482231582,24.14434303283142],[92.47892480245852,24.142427316921133],[92.47472460388549,24.14063931540486],[92.47430458402819,24.140767029798884],[92.47290451783718,24.13987302904075],[92.46492414054843,24.13655245479625],[92.45974389564171,24.138979028282613],[92.45778380297429,24.140256172222806],[92.4568037566406,24.141405601768977],[92.45568370368778,24.141405601768977],[92.44630326020803,24.147152749499842],[92.443503127826,24.151111895714436],[92.4414030285395,24.150856466926395],[92.44070299544398,24.15047332374434],[92.43860289615748,24.15175046768453],[92.43636279025186,24.153410754806778],[92.43608277701367,24.15366618359482],[92.43538274391815,24.161839904812044],[92.43776285644287,24.167076194966832],[92.43734283658557,24.16848105330104],[92.43468271082266,24.171418484363482],[92.43384267110805,24.180741635126882],[92.43370266448895,24.183295923007265],[92.41900196948336,24.19261907377066],[92.41900196948336,24.195556504833103],[92.41900196948336,24.196450505591237],[92.41942198934066,24.20040965180583],[92.41928198272157,24.201048223775928],[92.42194210848447,24.244343403348424],[92.42222212172268,24.24613140486469],[92.42222212172268,24.248813407139096],[92.42208211510358,24.250729123049382],[92.42208211510358,24.25111226623144],[92.42208211510358,24.25111226623144],[92.42250213496088,24.254943698052013],[92.4241822143901,24.255199126840054],[92.43216259167885,24.255326841234073],[92.43272261815525,24.256093127598188],[92.43468271082266,24.258902844266608],[92.46366408097653,24.300665451110877],[92.46968436559786,24.31535260642308],[92.48102490174503,24.343449773107295],[92.4913853915585,24.368992651911128],[92.50104584827645,24.416630120880278],[92.50622609318319,24.44191757089607],[92.508746212327,24.454944439086027],[92.50552606008767,24.534765935348002],[92.51714660947304,24.573974254311885],[92.50454601375398,24.589555410382225],[92.50636609980228,24.664012902095397],[92.49362549746411,24.68329777559229],[92.52218684776068,24.72953038622723],[92.5249869801427,24.751752690786564],[92.54514793329321,24.765545845340633],[92.54458790681682,24.807563880972936],[92.58252970059314,24.8439624832684],[92.58252970059314,24.844217912056436],[92.58280971383134,24.845239627208592],[92.58616987268977,24.861203926460988],[92.58028959468753,24.872570507528692],[92.58000958144932,24.875380224197112],[92.59723039559873,24.87908394162367],[92.61263112369981,24.86082078327893],[92.64623271228402,24.85277477645572],[92.62929191137282,24.854945921154048],[92.64595269904581,24.815226744614087],[92.68375448620304,24.81458817264399],[92.65575316238287,24.75354069230283],[92.65029290423794,24.684574919532484],[92.66513360586262,24.673591481646834],[92.66541361910083,24.627614299799934],[92.69677510177942,24.615353717974095],[92.66639366543454,24.609734284637252],[92.66793373824464,24.591087983110455],[92.66835375810194,24.590832554322414],[92.71735607478723,24.561841386880065],[92.73527692203214,24.59032169674634],[92.76271821937591,24.568227106581023],[92.76425829218601,24.566949962640834],[92.77447877538037,24.568227106581023],[92.7797990269062,24.568354820975042],[92.75725796123098,24.522249924734126],[92.75893804066018,24.518290778519532],[92.7604781134703,24.514331632304938],[92.7613181531849,24.512415916394648]]]}},{"type":"Feature","properties":{"district":"Kakching","dt_code":"768","st_nm":"Manipur","st_code":"14","year":"2016_c"},"geometry":{"type":"Polygon","coordinates":[[[93.86863050365339,24.52633678534274],[93.8687705102725,24.52620907094872],[93.87213066913091,24.550857948994416],[93.91259258205106,24.554944809603032],[93.9215530056735,24.576911685374327],[93.95445456116221,24.578061114920498],[93.95445456116221,24.57793340052648],[93.96061485240264,24.55532795278509],[94.01157726175535,24.542556513383172],[94.01661750004297,24.54115165504896],[94.02221776480701,24.52314392549226],[94.02319781114072,24.51956792245972],[94.0206776919969,24.518801636095606],[94.0213777250924,24.510883343666418],[94.01325734118456,24.508456770180054],[94.01857759271039,24.49581304517216],[94.02025767213959,24.491726184563547],[94.02025767213959,24.488405610319045],[94.01437739413737,24.4801041747078],[94.0205376853778,24.457754155754447],[94.0212377184733,24.4554552966621],[94.0213777250924,24.454944439086027],[94.02529791042723,24.456349297420235],[94.04769896948336,24.461457873181004],[94.04349877091033,24.45596615423818],[94.03803851276541,24.448814148173106],[94.01577746032837,24.434893279225015],[94.01535744047106,24.43565956558913],[94.01171726837444,24.444727287564493],[93.99477646746325,24.446259860292724],[94.00849711613513,24.445749002716646],[93.99379642112955,24.46758816409392],[93.97769565993295,24.46337358909129],[93.98301591145878,24.485212750468566],[93.96691515026218,24.48789475274297],[93.96705515688129,24.50117704972096],[93.96705515688129,24.502326479267136],[93.96649513040488,24.501049335326943],[93.96005482592624,24.485085036074548],[93.95487458101951,24.472185882278612],[93.96075485902175,24.471419595914497],[93.96173490535546,24.450729864083392],[93.93835379996561,24.442556142866167],[93.95529460087681,24.437958424681476],[93.95501458763862,24.43770299589344],[93.93275353520158,24.432338991344633],[93.94913430963638,24.42378212694535],[93.93149347562967,24.419439837548698],[93.92575320424653,24.406412969358744],[93.92365310496002,24.421610982247024],[93.92197302553082,24.416885549668315],[93.9211329858162,24.414331261787932],[93.9197329196252,24.41024440117932],[93.91693278724318,24.409222686027164],[93.91147252909825,24.410755258755394],[93.91189254895555,24.40717925572286],[93.91539271443307,24.376527801158257],[93.91511270119487,24.376783229946298],[93.90601227095331,24.38521237995156],[93.91077249600275,24.37461208524797],[93.9018120723803,24.37895437464462],[93.9018120723803,24.379082089038643],[93.9018120723803,24.378826660250603],[93.89593179437806,24.364650362514478],[93.89733186056907,24.354050067810885],[93.89243162890054,24.351240351142465],[93.90041200618928,24.33067833370538],[93.89005151637582,24.312542889754656],[93.88963149651852,24.311904317784563],[93.89803189366457,24.311648888996523],[93.90055201280839,24.294535160197956],[93.87983103318146,24.294152017015897],[93.89299165537695,24.274611714730966],[93.88333119865898,24.27103571169843],[93.89019152299493,24.257881129114455],[93.9018120723803,24.2541774116879],[93.88949148989943,24.21139308969148],[93.89831190690278,24.204241083626407],[93.87577084122753,24.19913250786564],[93.86205019255566,24.207433943476886],[93.86387027860397,24.209221944993153],[93.87913100008596,24.224803101063493],[93.87689089418035,24.225824816215646],[93.85827001383993,24.23412625182689],[93.86499033155678,24.256476270780244],[93.86989056322531,24.27231285563862],[93.87857097360956,24.281891435190058],[93.86779046393879,24.28955429883121],[93.86737044408149,24.289809727619247],[93.86625039112869,24.291853157923555],[93.86625039112869,24.292491729893648],[93.86457031169947,24.313053747330734],[93.85322977555231,24.313436890512794],[93.85322977555231,24.328379474613033],[93.86387027860397,24.333871193555858],[93.8511296762658,24.343322058713277],[93.86303023888937,24.354050067810885],[93.84916958359838,24.354305496598926],[93.8515496961231,24.379209803432662],[93.83880909378492,24.40998897239128],[93.84748950416918,24.415352976940085],[93.83796905407031,24.42659184361377],[93.88137110599158,24.488916467895123],[93.87367074194103,24.49849504744656],[93.88347120527808,24.508712198968094],[93.86821048379609,24.52429335503843],[93.86863050365339,24.52633678534274]]]}},{"type":"Feature","properties":{"district":"Bishnupur","dt_code":"275","st_nm":"Manipur","st_code":"14","year":"2011_c"},"geometry":{"type":"MultiPolygon","coordinates":[[[[93.76992583718732,24.735022105170053],[93.79820717424568,24.740258395324837],[93.83418887535458,24.72161209379804],[93.86849049703429,24.739364394566703],[93.86849049703429,24.738725822596606],[93.87535082137023,24.702327220301147],[93.8873913906129,24.698240359692534],[93.87549082798934,24.665673189217646],[93.86471031831857,24.65915975512267],[93.83936912026132,24.667588905127932],[93.83152874959168,24.685596634684636],[93.80380743900972,24.676273483921236],[93.79918722057938,24.6606923278509],[93.81430793544227,24.64217374071812],[93.80618755153442,24.617908005854478],[93.8348889084501,24.61037285660735],[93.82900863044786,24.594408557354953],[93.85014962993209,24.5840636914394],[93.8519697159804,24.574357397493944],[93.87157064265452,24.597984560387488],[93.86023010650734,24.566311390670737],[93.88039105965787,24.558520812635567],[93.85588990131522,24.545238515657573],[93.85784999398263,24.529529645193218],[93.86863050365339,24.52633678534274],[93.86821048379609,24.52429335503843],[93.88347120527808,24.508712198968094],[93.87367074194103,24.49849504744656],[93.88137110599158,24.488916467895123],[93.83796905407031,24.42659184361377],[93.84748950416918,24.415352976940085],[93.83880909378492,24.40998897239128],[93.8515496961231,24.379209803432662],[93.84916958359838,24.354305496598926],[93.86303023888937,24.354050067810885],[93.8511296762658,24.343322058713277],[93.86387027860397,24.333871193555858],[93.85322977555231,24.328379474613033],[93.85322977555231,24.313436890512794],[93.86457031169947,24.313053747330734],[93.86625039112869,24.292491729893648],[93.86149016607925,24.30117630868695],[93.86079013298375,24.30155945186901],[93.85644992779163,24.30922231551016],[93.8511296762658,24.306668027629776],[93.84776951740737,24.308328314752025],[93.8511296762658,24.313436890512794],[93.8369890077366,24.31382003369485],[93.8362889746411,24.325442043550595],[93.84580942473997,24.326080615520688],[93.8351689216883,24.33527605189007],[93.84748950416918,24.339107483710645],[93.83866908716581,24.34255577234916],[93.83796905407031,24.36260693221017],[93.82088824654001,24.360180358723806],[93.8204682266827,24.349196920838157],[93.81290786925126,24.358903214783613],[93.80926769715464,24.3428112011372],[93.80758761772543,24.362351503422133],[93.77930628066707,24.358903214783613],[93.78868672414683,24.3734626557018],[93.76768573128169,24.379082089038643],[93.77216594309292,24.39006552692429],[93.77930628066707,24.378698945856584],[93.78154638657267,24.386106380709695],[93.7860265983839,24.377038658734335],[93.80590753829622,24.376527801158257],[93.81234784277486,24.39198124283458],[93.78322646600189,24.402709251932187],[93.8005872867704,24.431700419374536],[93.78182639981088,24.429273845888172],[93.78742666457491,24.41752412163841],[93.77300598280752,24.416374692092237],[93.77300598280752,24.401815251174053],[93.74668473841658,24.40871182845109],[93.73716428831771,24.39734524738338],[93.72582375217054,24.41458669057597],[93.71616329545259,24.403092395114246],[93.69838245482678,24.400027249657786],[93.69810244158859,24.412287831483624],[93.69796243496948,24.424548413309466],[93.7203634940256,24.466821877729807],[93.73002395074357,24.485085036074548],[93.73254406988738,24.562224530062124],[93.72512371907504,24.571292252037484],[93.7345041625548,24.59772913159945],[93.73856435450872,24.60884028387912],[93.7343641559357,24.612033143729597],[93.7343641559357,24.61778029146046],[93.73674426846041,24.624676868737495],[93.73674426846041,24.624932297525532],[93.73688427507952,24.624932297525532],[93.74150449350984,24.625315440707592],[93.74262454646265,24.6333614475308],[93.74948487079858,24.68176520286406],[93.7682457577581,24.693004069537746],[93.76992583718732,24.735022105170053]]],[[[93.86779046393879,24.28955429883121],[93.87857097360956,24.281891435190058],[93.86989056322531,24.27231285563862],[93.86989056322531,24.27244057003264],[93.87241068236912,24.280869720037906],[93.86779046393879,24.28955429883121]]]]}},{"type":"Feature","properties":{"district":"Chandel","dt_code":"280","st_nm":"Manipur","st_code":"14","year":"2011_c"},"geometry":{"type":"Polygon","coordinates":[[[93.86205019255566,24.207433943476886],[93.87577084122753,24.19913250786564],[93.89831190690278,24.204241083626407],[93.88949148989943,24.21139308969148],[93.9018120723803,24.2541774116879],[93.89019152299493,24.257881129114455],[93.88333119865898,24.27103571169843],[93.89299165537695,24.274611714730966],[93.87983103318146,24.294152017015897],[93.90055201280839,24.294535160197956],[93.89803189366457,24.311648888996523],[93.88963149651852,24.311904317784563],[93.89005151637582,24.312542889754656],[93.90041200618928,24.33067833370538],[93.89243162890054,24.351240351142465],[93.89733186056907,24.354050067810885],[93.89593179437806,24.364650362514478],[93.9018120723803,24.378826660250603],[93.9018120723803,24.379082089038643],[93.9018120723803,24.37895437464462],[93.91077249600275,24.37461208524797],[93.90601227095331,24.38521237995156],[93.91511270119487,24.376783229946298],[93.91539271443307,24.376527801158257],[93.91189254895555,24.40717925572286],[93.91147252909825,24.410755258755394],[93.91693278724318,24.409222686027164],[93.9197329196252,24.41024440117932],[93.9211329858162,24.414331261787932],[93.92197302553082,24.416885549668315],[93.92365310496002,24.421610982247024],[93.92575320424653,24.406412969358744],[93.93149347562967,24.419439837548698],[93.94913430963638,24.42378212694535],[93.93275353520158,24.432338991344633],[93.95501458763862,24.43770299589344],[93.95529460087681,24.437958424681476],[93.93835379996561,24.442556142866167],[93.96173490535546,24.450729864083392],[93.96075485902175,24.471419595914497],[93.95487458101951,24.472185882278612],[93.96005482592624,24.485085036074548],[93.96649513040488,24.501049335326943],[93.96705515688129,24.502326479267136],[93.96705515688129,24.50117704972096],[93.96691515026218,24.48789475274297],[93.98301591145878,24.485212750468566],[93.97769565993295,24.46337358909129],[93.99379642112955,24.46758816409392],[94.00849711613513,24.445749002716646],[93.99477646746325,24.446259860292724],[94.01171726837444,24.444727287564493],[94.01535744047106,24.43565956558913],[94.01577746032837,24.434893279225015],[94.03803851276541,24.448814148173106],[94.05931951886873,24.424676127703485],[94.09908139869337,24.419950695124776],[94.11140198117424,24.397089818595344],[94.14766369552136,24.382785806465197],[94.15326396028539,24.301048594292933],[94.20282630344708,24.266693422301778],[94.21136670721224,24.2448542609245],[94.19666601220665,24.133998166915866],[94.25238864660878,24.114457864630936],[94.25448874589529,24.082529266126144],[94.23922802441331,24.0528995267137],[94.22774748164704,24.056858672928293],[94.23726793174589,24.035402654733073],[94.18840562167969,23.959668019079707],[94.18980568787072,23.9336142826998],[94.16964473472018,23.928377992545013],[94.15662411914381,23.84817335310098],[94.14472355652023,23.84970592582921],[94.14388351680563,23.835785056881118],[94.13366303361127,23.8329753402127],[94.11672223270007,23.838467059155523],[94.09600125307315,23.88916967358113],[94.04895902905527,23.887253957670843],[94.04041862529012,23.910753406170368],[94.01647749342388,23.9269731342108],[93.97531554740823,23.924674275118456],[93.94409407134874,23.946258007707694],[93.89369168847244,23.953026870590712],[93.85911005355453,23.93208170997157],[93.80772762434454,23.926717705422764],[93.77202593647382,23.968991169843108],[93.75914532751653,24.00372948501632],[93.74066445379523,24.006156058502683],[93.74052444717613,24.007688631230913],[93.77440604899854,24.095556134316098],[93.77468606223674,24.097727279014425],[93.77552610195134,24.09977070931873],[93.77566610857045,24.1042407131094],[93.78056634023898,24.137063312372327],[93.78896673738502,24.14434303283142],[93.81500796853777,24.16733162375487],[93.83642898126021,24.185977925281666],[93.8511296762658,24.213819663177844],[93.86149016607925,24.20679537150679],[93.86205019255566,24.207433943476886]]]}},{"type":"Feature","properties":{"district":"Churachandpur","dt_code":"274","st_nm":"Manipur","st_code":"14","year":"2011_c"},"geometry":{"type":"Polygon","coordinates":[[[93.86989056322531,24.27231285563862],[93.86499033155678,24.256476270780244],[93.85827001383993,24.23412625182689],[93.87689089418035,24.225824816215646],[93.87913100008596,24.224803101063493],[93.86387027860397,24.209221944993153],[93.86205019255566,24.207433943476886],[93.86149016607925,24.20679537150679],[93.8511296762658,24.213819663177844],[93.83642898126021,24.185977925281666],[93.81500796853777,24.16733162375487],[93.78896673738502,24.14434303283142],[93.78056634023898,24.137063312372327],[93.77566610857045,24.1042407131094],[93.77552610195134,24.09977070931873],[93.77468606223674,24.097727279014425],[93.77440604899854,24.095556134316098],[93.74052444717613,24.007688631230913],[93.74066445379523,24.006156058502683],[93.74150449350984,23.99734376531536],[93.62375892684604,24.01139234865747],[93.60849820536404,23.971928600905546],[93.59183741769104,23.96068973423186],[93.55949588867875,23.98201803803306],[93.55039545843721,23.95954030468569],[93.50517332046763,23.94255429028114],[93.46163126192727,23.976015461514162],[93.46331134135649,23.993895476676844],[93.4330699116307,24.024291502453405],[93.4166891371959,24.071801257028532],[93.37734727722857,24.088404128251025],[93.39498811123528,24.18521163891755],[93.47829204960027,24.249451979109192],[93.49117265855755,24.365416648878593],[93.365446714605,24.383552092829312],[93.350185993123,24.400665821627882],[93.36166653588927,24.447281575444876],[93.38448761480271,24.4654170193956],[93.39218797885326,24.497728761082445],[93.40828874004985,24.51113877245446],[93.38448761480271,24.528252501253025],[93.38812778689933,24.568354820975042],[93.39624817080718,24.57359111112983],[93.3982082634746,24.574740540676],[93.4488906595891,24.540896226260923],[93.47073169216883,24.574101968705907],[93.48977259236653,24.55507252399705],[93.51189363818447,24.565928247488678],[93.53149456485859,24.5567328111193],[93.53933493552823,24.57652854219227],[93.568176299063,24.592748270232704],[93.59575760302587,24.56618367627672],[93.62795912541907,24.606541424786773],[93.64896011828418,24.592620555838685],[93.66198073386056,24.60820171190902],[93.69768242173127,24.61318257327577],[93.71490323588068,24.60564742402864],[93.72260359993123,24.62084543691692],[93.72260359993123,24.620973151310938],[93.72288361316943,24.62084543691692],[93.73422414931659,24.617524862672422],[93.7343641559357,24.61778029146046],[93.7343641559357,24.612033143729597],[93.73856435450872,24.60884028387912],[93.7345041625548,24.59772913159945],[93.72512371907504,24.571292252037484],[93.73254406988738,24.562224530062124],[93.73002395074357,24.485085036074548],[93.7203634940256,24.466821877729807],[93.69796243496948,24.424548413309466],[93.69810244158859,24.412287831483624],[93.69838245482678,24.400027249657786],[93.71616329545259,24.403092395114246],[93.72582375217054,24.41458669057597],[93.73716428831771,24.39734524738338],[93.74668473841658,24.40871182845109],[93.77300598280752,24.401815251174053],[93.77300598280752,24.416374692092237],[93.78742666457491,24.41752412163841],[93.78182639981088,24.429273845888172],[93.8005872867704,24.431700419374536],[93.78322646600189,24.402709251932187],[93.81234784277486,24.39198124283458],[93.80590753829622,24.376527801158257],[93.7860265983839,24.377038658734335],[93.78154638657267,24.386106380709695],[93.77930628066707,24.378698945856584],[93.77216594309292,24.39006552692429],[93.76768573128169,24.379082089038643],[93.78868672414683,24.3734626557018],[93.77930628066707,24.358903214783613],[93.80758761772543,24.362351503422133],[93.80926769715464,24.3428112011372],[93.81290786925126,24.358903214783613],[93.8204682266827,24.349196920838157],[93.82088824654001,24.360180358723806],[93.83796905407031,24.36260693221017],[93.83866908716581,24.34255577234916],[93.84748950416918,24.339107483710645],[93.8351689216883,24.33527605189007],[93.84580942473997,24.326080615520688],[93.8362889746411,24.325442043550595],[93.8369890077366,24.31382003369485],[93.8511296762658,24.313436890512794],[93.84776951740737,24.308328314752025],[93.8511296762658,24.306668027629776],[93.85644992779163,24.30922231551016],[93.86079013298375,24.30155945186901],[93.86149016607925,24.30117630868695],[93.86625039112869,24.292491729893648],[93.86625039112869,24.291853157923555],[93.86737044408149,24.289809727619247],[93.86779046393879,24.28955429883121],[93.87241068236912,24.280869720037906],[93.86989056322531,24.27244057003264],[93.86989056322531,24.27231285563862]]]}},{"type":"Feature","properties":{"district":"North Tripura","dt_code":"292","st_nm":"Tripura","st_code":"16","year":"2011_c"},"geometry":{"type":"Polygon","coordinates":[[[92.29481609834093,24.24510968971254],[92.29397605862631,24.242555401832156],[92.29467609172183,24.2388516844056],[92.29663618438923,24.236297396525217],[92.29607615791284,24.234253966220912],[92.29607615791284,24.231955107128567],[92.29929631015216,24.22978396243024],[92.29901629691395,24.227612817731913],[92.29747622410383,24.22544167303359],[92.30181642929597,24.223270528335263],[92.30097638958136,24.222759670759185],[92.30097638958136,24.22199338439507],[92.30069637634315,24.220205382878802],[92.30321649548698,24.219822239696743],[92.308816760251,24.22046081166684],[92.31105686615662,24.216373951058227],[92.30951679334652,24.214330520753922],[92.30951679334652,24.21292566241971],[92.31259693896672,24.209094230599135],[92.31441702501505,24.210371374539328],[92.32855769354423,24.18559478209961],[92.326877614115,24.184317638159417],[92.326877614115,24.184317638159417],[92.33009776635433,24.183040494219224],[92.33023777297343,24.182785065431187],[92.33051778621163,24.180230777550804],[92.32981775311613,24.178187347246496],[92.32967774649703,24.17742106088238],[92.3237974684948,24.171290769969463],[92.33163783916444,24.15187818207855],[92.33051778621163,24.13834045631252],[92.32897771340153,24.13795731313046],[92.32799766706782,24.13680788358429],[92.32785766044873,24.13335959494577],[92.32897771340153,24.129783591913235],[92.32841768692512,24.127867876002945],[92.32967774649703,24.12697387524481],[92.32939773325883,24.124547301758447],[92.32799766706782,24.12275930024218],[92.32827768030603,24.114074721448876],[92.32855769354423,24.11381929266084],[92.32757764721052,24.101558710835],[92.31203691249033,24.052260954743602],[92.31637711768245,24.035274940339054],[92.31371699191953,24.03297608124671],[92.31777718387346,24.030294078972304],[92.31833721034987,24.027995219879962],[92.31637711768245,24.02620721836369],[92.31875723020717,24.02365293048331],[92.31791719049257,24.02084321381489],[92.32113734273187,24.01726721078235],[92.32113734273187,24.016884067600294],[92.32057731625548,24.01611778123618],[92.31847721696897,24.01739492517637],[92.31707715077795,24.017011781994313],[92.31679713753975,24.01586235244814],[92.3242174883521,24.004751200168474],[92.3243574949712,24.004623485774452],[92.3260375744004,23.99785462289144],[92.3078367139173,23.96068973423186],[92.308816760251,23.931315423607455],[92.32505752806671,23.914201694808884],[92.31105686615662,23.88022966599979],[92.31245693234763,23.873333088722752],[92.31245693234763,23.872694516752656],[92.31273694558583,23.872055944782563],[92.31371699191953,23.867075083415813],[92.31371699191953,23.865797939475623],[92.31413701177684,23.864137652353374],[92.31441702501505,23.86324365159524],[92.31455703163414,23.862605079625144],[92.31259693896672,23.861200221290932],[92.30993681320382,23.86183879326103],[92.3071366808218,23.862349650837103],[92.30335650210607,23.86337136598926],[92.30125640281956,23.863626794777296],[92.29579614467463,23.86490393871749],[92.29551613143643,23.86490393871749],[92.29425607186452,23.865287081899545],[92.29285600567351,23.865670225081605],[92.2899158666724,23.86618108265768],[92.28697572767128,23.866819654627776],[92.28501563500387,23.867202797809835],[92.28487562838477,23.867202797809835],[92.28319554895555,23.86439308114141],[92.28053542319265,23.860433934926817],[92.2719950194275,23.847534781130882],[92.26849485394996,23.842553919764136],[92.26863486056907,23.842426205370117],[92.27185501280839,23.83604048566916],[92.274095118714,23.831825910666524],[92.27703525771511,23.826078762935662],[92.27899535038253,23.821608759144993],[92.27969538347803,23.81994847202274],[92.27997539671624,23.819309900052648],[92.28025540995444,23.81879904247657],[92.28025540995444,23.818543613688533],[92.28039541657354,23.818543613688533],[92.28179548276455,23.81560618262609],[92.28025540995444,23.815223039444035],[92.27815531066793,23.815095325050013],[92.27619521800051,23.815095325050013],[92.26905488042637,23.81445675307992],[92.26107450313762,23.813307323533746],[92.2570143111837,23.81266875156365],[92.2567342979455,23.81266875156365],[92.2572943244219,23.808454176561018],[92.257434331041,23.807560175802884],[92.25771434427921,23.802834743224174],[92.25813436413651,23.800152740949773],[92.26121450975673,23.768607285627038],[92.26135451637583,23.765925283352637],[92.26163452961403,23.764520425018425],[92.26317460242413,23.747917553795933],[92.26373462890054,23.74063783333684],[92.26527470171065,23.726078392418657],[92.26541470832974,23.725184391660523],[92.26541470832974,23.725056677266505],[92.24119356322531,23.718670957565546],[92.24511374856013,23.696065509824155],[92.2235527292186,23.651748615099503],[92.21067212026132,23.66145490904496],[92.21669240488265,23.684188071180373],[92.20605190183099,23.704877803011478],[92.17553045886702,23.708070662861957],[92.1716102735322,23.750727270464356],[92.1559295321929,23.780229295482783],[92.15466947262098,23.851749356133514],[92.13072834075474,23.92263084481415],[92.12022784432219,23.931443138001473],[92.08774630869078,23.931443138001473],[92.08088598435485,23.932847996335685],[92.08508618292788,23.989553187280194],[92.08508618292788,23.989680901674213],[92.11252748027164,23.9942786198589],[92.11574763251096,23.998493194861535],[92.11434756631995,24.00500662895651],[92.11042738098513,24.023780644877327],[92.12218793698959,24.038340085795515],[92.13436851285137,24.032337509276612],[92.14276890999741,24.04076665928188],[92.16502996243445,24.095172991134042],[92.16685004848276,24.102452711593134],[92.14528902914122,24.117012152511318],[92.20227172311527,24.157497615415394],[92.20339177606807,24.16860876769506],[92.20381179592539,24.18214649346109],[92.17217030000859,24.19006478589028],[92.16460994257714,24.202580796504158],[92.16222983005244,24.20245308211014],[92.1381486915671,24.19185278740655],[92.13184839370756,24.21931138212067],[92.10370706326829,24.23770225485943],[92.09712675217054,24.264011420027376],[92.06828538863577,24.270652568516372],[92.06884541511218,24.303858310961356],[92.06254511725264,24.312415175360638],[92.07010547468408,24.37665551555228],[92.11056738760422,24.383424378435294],[92.1396887643772,24.4254424140676],[92.16797010143557,24.424165270127407],[92.14976924095245,24.49095989819943],[92.15564951895469,24.525698213372642],[92.16797010143557,24.52748621488891],[92.21361225926245,24.508712198968094],[92.21165216659503,24.50449762396546],[92.22845296088713,24.502581908055173],[92.22999303369724,24.501943336085077],[92.23027304693544,24.501304764114984],[92.22999303369724,24.451751579235548],[92.24651381475114,24.44204528529009],[92.24679382798934,24.441023570137936],[92.25981444356572,24.358520071601557],[92.21879250416917,24.285722867010634],[92.20969207392761,24.248302549563018],[92.19233125315911,24.24332168819627],[92.21725243135906,24.23438168061493],[92.21851249093098,24.234764823796986],[92.21991255712197,24.23438168061493],[92.2911759262443,24.25136769501948],[92.29481609834093,24.24510968971254]]]}},{"type":"Feature","properties":{"district":"Dhalai","dt_code":"291","st_nm":"Tripura","st_code":"16","year":"2011_c"},"geometry":{"type":"Polygon","coordinates":[[[92.08508618292788,23.989680901674213],[92.08508618292788,23.989553187280194],[92.08088598435485,23.932847996335685],[92.08774630869078,23.931443138001473],[92.12022784432219,23.931443138001473],[92.13072834075474,23.92263084481415],[92.15466947262098,23.851749356133514],[92.1559295321929,23.780229295482783],[92.1716102735322,23.750727270464356],[92.17553045886702,23.708070662861957],[92.17567046548612,23.70730437649784],[92.13562857242327,23.735146114394016],[92.11938780460758,23.732208683331578],[92.1063671890312,23.690956934063387],[92.07752582549642,23.667968343139936],[92.0744456798762,23.646384610550697],[92.05946497163242,23.64319175070022],[92.0065424696123,23.665414055259554],[91.98344137746066,23.728249537116984],[91.95838019264161,23.738594403032536],[91.95922023235622,23.699002940886594],[91.93709918653829,23.689296646941138],[91.96524051697756,23.53629480290618],[91.9562800933551,23.526460794566702],[91.9735009075045,23.50398306121933],[91.9736409141236,23.48124989908392],[91.94017933215851,23.467967602105926],[91.94227943144503,23.42735442480783],[91.9065777435743,23.440381292997788],[91.90055745895297,23.423906136169315],[91.87297615499011,23.412794983889647],[91.86765590346428,23.41866984601453],[91.86359571151036,23.40832498009898],[91.85645537393621,23.43233528617458],[91.86583581741597,23.445617583152572],[91.82859405673514,23.47652446650521],[91.82635395082953,23.494659910455933],[91.8040928983925,23.515221927893016],[91.80087274615317,23.518287073349477],[91.8036728785352,23.529398225629144],[91.79205232914983,23.543063665789195],[91.78197185257457,23.55149281579446],[91.78141182609816,23.555579676403074],[91.76895123699819,23.644213465852374],[91.75243045594429,23.651620900705485],[91.7690912436173,23.67205520374855],[91.76517105828248,23.68431578557439],[91.76685113771168,23.687764074212907],[91.76741116418808,23.68878578936506],[91.77791166062065,23.708836949226068],[91.77091132966561,23.73795583106244],[91.78435196509929,23.818415899294514],[91.77259140909482,23.914967981173],[91.77959174004985,23.928250278150994],[91.75271046918249,23.958646303927555],[91.74725021103757,23.994917191828996],[91.7538305221353,24.107816716141937],[91.74333002570273,24.1322101653996],[91.75481056846901,24.141788744951036],[91.75719068099372,24.14383217525534],[91.74683019118027,24.245237404106557],[91.81599346101606,24.210115945751287],[91.84119465245422,24.227357388943876],[91.84707493045646,24.21726795181636],[91.8368544472621,24.197089077561333],[91.85981553279463,24.18252963664315],[91.88263661170807,24.14255503131515],[91.903357591335,24.137574169948405],[91.92309852462822,24.10909386008213],[91.92393856434282,24.107816716141937],[91.96958072216968,24.075760403243127],[91.96846066921688,24.060051532778772],[91.99310183417863,24.08176297976203],[92.00192225118198,24.075121831273034],[92.0069624894696,24.09964299492471],[92.03020358824034,24.090447558555333],[92.05064455462907,24.10015385250079],[92.0734656335425,24.095683848710117],[92.05946497163242,24.028761506244077],[92.0736056401616,24.02237578654312],[92.08676626235709,24.016628638812254],[92.08704627559528,24.016500924418235],[92.08508618292788,23.989680901674213]]]}},{"type":"Feature","properties":{"district":"Sipahijala","dt_code":"707","st_nm":"Tripura","st_code":"16","year":"update2014"},"geometry":{"type":"Polygon","coordinates":[[[91.42005474219891,23.37473609447194],[91.40507403395512,23.368478089165],[91.38757320656752,23.355706649763082],[91.38757320656752,23.32556605277456],[91.37777274323047,23.323650336864272],[91.37259249832373,23.30858003837001],[91.36013190922375,23.294403740633882],[91.349351399553,23.28597459062862],[91.334090678071,23.278567155775505],[91.31952998968451,23.277290011835316],[91.30202916229692,23.27818401259345],[91.30678938734634,23.29325431108771],[91.3157498109688,23.289933736843214],[91.31364971168227,23.301428032304937],[91.28830851362503,23.31445490049489],[91.29600887767558,23.338848349752553],[91.31336969844408,23.34076406566284],[91.32345017501933,23.362986370222174],[91.29264871881716,23.355068077792986],[91.28746847391042,23.376524095988206],[91.29740894386659,23.382271243719067],[91.2835482885756,23.383420673265242],[91.2835482885756,23.41866984601453],[91.26058720304306,23.452769589217645],[91.25484693165993,23.486741618026745],[91.24126628960715,23.48546447408655],[91.23860616384422,23.498491342276505],[91.22208538279034,23.494276767273874],[91.22474550855326,23.510368780920288],[91.20192442963982,23.514072498346845],[91.21312495916789,23.547405955185848],[91.19310401263647,23.544723952911443],[91.17630321834436,23.59133970672844],[91.16090249024327,23.59453256657892],[91.15698230490844,23.6703949166263],[91.17070295358033,23.65660176207223],[91.19128392658816,23.655069189344],[91.19086390673084,23.647150896914813],[91.21452502535888,23.65660176207223],[91.2002443502106,23.66452005450142],[91.20682466130835,23.689424361335156],[91.15348213943093,23.691084648457405],[91.15684229828935,23.742042691671053],[91.20836473411845,23.752132128798568],[91.22628558136336,23.7316978257555],[91.24322638227456,23.740254690154785],[91.27654795762055,23.723013246962196],[91.29656890415198,23.744852408339476],[91.31364971168227,23.721608388627985],[91.3177099036362,23.76209385153206],[91.37077241227541,23.744852408339476],[91.38659316023382,23.749066983342107],[91.38855325290123,23.772311003053595],[91.43573548353821,23.76681928411077],[91.44091572844493,23.75162127122249],[91.47395729055273,23.7470235530378],[91.50615881294593,23.75443098789091],[91.56342152015817,23.78993558942824],[91.56384154001547,23.78789215912393],[91.56440156649188,23.784699299273452],[91.5690217849222,23.759667278045697],[91.5707018643514,23.750727270464356],[91.56846175844579,23.736806401516265],[91.56734170549299,23.73591240075813],[91.5372402823863,23.72697239317679],[91.53808032210091,23.711135808318414],[91.53192003086048,23.706154946951667],[91.52575973962004,23.70130179997894],[91.50755887913694,23.704877803011478],[91.50321867394482,23.68763635981889],[91.46261675440556,23.662732052985152],[91.43279534453708,23.609092007497104],[91.39751367652369,23.58482627263346],[91.402133894954,23.529398225629144],[91.37511261746755,23.51790393016742],[91.39233343161695,23.478823325597556],[91.37679269689676,23.4444681536064],[91.38883326613943,23.433484715720752],[91.3850530874237,23.40347183312625],[91.4193547091034,23.38188810053701],[91.42005474219891,23.37473609447194]]]}},{"type":"Feature","properties":{"district":"Gomati","dt_code":"709","st_nm":"Tripura","st_code":"16","year":"update2014"},"geometry":{"type":"Polygon","coordinates":[[[91.76741116418808,23.68878578936506],[91.76685113771168,23.687764074212907],[91.76517105828248,23.68431578557439],[91.7690912436173,23.67205520374855],[91.75243045594429,23.651620900705485],[91.76895123699819,23.644213465852374],[91.78141182609816,23.555579676403074],[91.78197185257457,23.55149281579446],[91.79205232914983,23.543063665789195],[91.8036728785352,23.529398225629144],[91.80087274615317,23.518287073349477],[91.8040928983925,23.515221927893016],[91.79779260053297,23.489423620301146],[91.82481387801943,23.46732903013583],[91.84315474512164,23.42454470813941],[91.8375544803576,23.37103237704538],[91.8039528917734,23.332079486869535],[91.76447102518696,23.309857182310203],[91.75985080675665,23.28278173077814],[91.77371146204761,23.269882576982205],[91.75929078028024,23.266689717131726],[91.74262999260723,23.26285828531115],[91.74192995951174,23.263624571675265],[91.7193888938365,23.289678308055173],[91.72596920493423,23.313944042918816],[91.6685664911029,23.356728364915234],[91.63664498194791,23.352130646730544],[91.60766361179404,23.40359954752027],[91.60696357869853,23.403854976308306],[91.59828316831428,23.3864858187217],[91.57518207616263,23.383803816447298],[91.55404107667842,23.407175550552804],[91.46009663526175,23.396064398273136],[91.45953660878536,23.393126967210698],[91.45659646978423,23.379589241444666],[91.45435636387862,23.368478089165],[91.44119574168315,23.36822266037696],[91.42649504667756,23.37741809674634],[91.42005474219891,23.37473609447194],[91.4193547091034,23.38188810053701],[91.3850530874237,23.40347183312625],[91.38883326613943,23.433484715720752],[91.37679269689676,23.4444681536064],[91.39233343161695,23.478823325597556],[91.37511261746755,23.51790393016742],[91.402133894954,23.529398225629144],[91.39751367652369,23.58482627263346],[91.43279534453708,23.609092007497104],[91.46261675440556,23.662732052985152],[91.50321867394482,23.68763635981889],[91.50755887913694,23.704877803011478],[91.52575973962004,23.70130179997894],[91.53192003086048,23.706154946951667],[91.53808032210091,23.711135808318414],[91.5372402823863,23.72697239317679],[91.56734170549299,23.73591240075813],[91.56846175844579,23.736806401516265],[91.5707018643514,23.750727270464356],[91.5690217849222,23.759667278045697],[91.57224193716152,23.760050421227756],[91.57266195701882,23.762860137896176],[91.57854223502106,23.760816707591868],[91.64672545852316,23.768607285627038],[91.69264762958824,23.75775156213541],[91.71714878793088,23.768607285627038],[91.74389005217914,23.729398966663155],[91.7361896881286,23.703089801495207],[91.75817072732742,23.683677213604295],[91.76741116418808,23.68878578936506]]]}},{"type":"Feature","properties":{"district":"Wokha","dt_code":"264","st_nm":"Nagaland","st_code":"13","year":"2011_c"},"geometry":{"type":"Polygon","coordinates":[[[94.16348444347975,26.351120047088553],[94.1710448009112,26.362869771338314],[94.1711848075303,26.371937493313677],[94.1716048273876,26.429919828198376],[94.18322537677297,26.45533499260819],[94.23656789865038,26.506293035821837],[94.24356822960543,26.518809046435717],[94.28249006971546,26.559549938127827],[94.28417014914467,26.56082708206802],[94.28963040728961,26.47985615625987],[94.31371154577495,26.460698997156996],[94.31343153253674,26.4600604251869],[94.29019043376601,26.417914675160574],[94.30405108905698,26.394159797873012],[94.30125095667498,26.37717378346846],[94.32463206206481,26.40169494712014],[94.33009232020974,26.39556465620722],[94.35851366388721,26.356867194819415],[94.34353295564343,26.3314520304096],[94.36593401469956,26.336688320564388],[94.35179334617037,26.30999601221438],[94.35921369698272,26.268616548552174],[94.33499255187827,26.240519381867955],[94.33527256511647,26.240391667473936],[94.33583259159288,26.240263953079918],[94.3729343456546,26.231323945498577],[94.38245479575346,26.225321368979674],[94.3722343125591,26.19581934396125],[94.33527256511647,26.178322471980625],[94.38693500756469,26.115742418911232],[94.37979466999053,26.100416691628933],[94.39057517966131,26.083941534800463],[94.35781363079171,26.021489196125092],[94.36271386246024,26.008590042329153],[94.33639261806928,25.999394605959775],[94.31721171125247,26.018296336274613],[94.31707170463336,26.018296336274613],[94.29971088386486,26.00641889763083],[94.27422967918851,26.00948404308729],[94.27492971228402,26.004375467326522],[94.24454827593914,26.00169346505212],[94.24132812369982,26.003864609750448],[94.22368728969312,26.01548661960619],[94.21906707126278,26.01867947945667],[94.19260582025272,25.98930516883226],[94.16068431109774,25.97283001200379],[94.13954331161351,25.992242599894702],[94.10006144502708,25.985346022617666],[94.09754132588326,25.991604027924605],[94.00205681165649,25.990454598378435],[93.97265542164531,25.99237031428872],[93.9540345413049,25.96938172336527],[93.95291448835209,26.003098323386332],[93.96243493845095,26.036687209013373],[93.9873561166509,26.066827806001893],[93.98147583864866,26.081387246920077],[93.99785661308346,26.109612127998314],[93.9866560835554,26.113954417394964],[93.99771660646437,26.128897001495208],[93.98889618946102,26.130812717405494],[94.00205681165649,26.13451643483205],[93.99449645422504,26.14843730378014],[94.00093675870369,26.172319895461722],[94.03187822152496,26.19760734547752],[94.04755896286426,26.2494593894493],[94.07458024035073,26.26452968794356],[94.07458024035073,26.283686847046432],[94.08396068383048,26.283431418258395],[94.10496167669561,26.320085449341896],[94.1216224643686,26.31791430464357],[94.11588219298547,26.329791743287352],[94.14500356975844,26.330685744045486],[94.16040429785953,26.337965464504578],[94.1716048273876,26.343329469053383],[94.17776511862803,26.346139185721807],[94.16796465529097,26.3467777576919],[94.16348444347975,26.351120047088553]]]}},{"type":"Feature","properties":{"district":"Zunheboto","dt_code":"263","st_nm":"Nagaland","st_code":"13","year":"2011_c"},"geometry":{"type":"Polygon","coordinates":[[[94.3722343125591,26.19581934396125],[94.37125426622539,26.19288191289881],[94.40541588128599,26.211528214425606],[94.44573778758703,26.206164209876803],[94.4742991378836,26.28151570234811],[94.48073944236225,26.290711138717487],[94.48731975345999,26.28113255916605],[94.51602111037565,26.239369952321784],[94.49782024989254,26.22915280080025],[94.49908030946445,26.21421021670001],[94.49950032932175,26.21421021670001],[94.53114182523854,26.21689221897441],[94.55354288429467,26.20182192048015],[94.58336429416315,26.218935649278716],[94.59974506859795,26.19735191668948],[94.61248567093612,26.193520484868905],[94.63824688885069,26.217275362156467],[94.65644774933378,26.20322677881436],[94.66666823252815,26.21254992957776],[94.68934930482249,26.198118203053593],[94.69662964901573,26.17142589470359],[94.70573007925728,26.171936752279667],[94.68738921215507,26.115359275729176],[94.70461002630448,26.048820076445192],[94.66918835167196,26.02008433779088],[94.56978365211037,25.889560227103296],[94.59582488326313,25.87525621497315],[94.61024556503051,25.817784737664525],[94.65126750442705,25.81548587857218],[94.65266757061806,25.814847306602083],[94.6605079412877,25.811271303569548],[94.68486909301126,25.8002878656839],[94.68724920553598,25.7969672914394],[94.71287041683142,25.759291545203748],[94.69578960930113,25.75737582929346],[94.6584078420012,25.77755470354849],[94.63656680942147,25.76925326793724],[94.60674539955299,25.778448704306623],[94.55956316891601,25.731960664883648],[94.55340287767558,25.779598133852794],[94.53534202381157,25.784195852037485],[94.5416423216711,25.812037589933663],[94.51798120304306,25.824936743729598],[94.51112087870712,25.81663530811835],[94.49418007779592,25.831577892218593],[94.46547872088024,25.8303007482784],[94.4569383171151,25.85341705359587],[94.456798310496,25.85341705359587],[94.38007468322874,25.83183332100663],[94.28571022195479,25.78815499825208],[94.2732496328548,25.794923861135093],[94.27310962623571,25.794923861135093],[94.29635072500645,25.809738730841318],[94.26792938132897,25.809483302053277],[94.21444685283245,25.875894786943245],[94.24370823622453,25.92238282636622],[94.28361012266826,25.939496555164787],[94.27492971228402,26.004375467326522],[94.27422967918851,26.00948404308729],[94.29971088386486,26.00641889763083],[94.31707170463336,26.018296336274613],[94.31721171125247,26.018296336274613],[94.33639261806928,25.999394605959775],[94.36271386246024,26.008590042329153],[94.35781363079171,26.021489196125092],[94.39057517966131,26.083941534800463],[94.37979466999053,26.100416691628933],[94.38693500756469,26.115742418911232],[94.33527256511647,26.178322471980625],[94.3722343125591,26.19581934396125]]]}},{"type":"Feature","properties":{"district":"Phek","dt_code":"266","st_nm":"Nagaland","st_code":"13","year":"2011_c"},"geometry":{"type":"Polygon","coordinates":[[[94.71287041683142,25.759291545203748],[94.71623057568985,25.730428092155417],[94.71721062202354,25.722254370938188],[94.72351091988308,25.723914658060437],[94.7267310721224,25.72506408760661],[94.7270110853606,25.72519180200063],[94.7254710125505,25.745881533831735],[94.7253310059314,25.7483081073181],[94.75529242241898,25.782280136127195],[94.81899543410985,25.763761548994417],[94.81941545396715,25.763250691418342],[94.85651720802888,25.71727350957144],[94.84601671159632,25.649968023923343],[94.85147696974124,25.61063199056544],[94.86617766474683,25.608588560261133],[94.88297845903894,25.58611082691376],[94.89823918052093,25.565548809476674],[94.84559669173902,25.561334234474042],[94.82529573196939,25.542432504159205],[94.80779490458178,25.493901034431925],[94.78385377271555,25.48061873745393],[94.76201274013582,25.482023595788142],[94.75179225694146,25.493773320037906],[94.71805066173815,25.469124441992207],[94.68346902682025,25.466187010929765],[94.6754886495315,25.44562499349268],[94.61640585627094,25.46235557910919],[94.61528580331814,25.463121865473305],[94.57678398306541,25.495689035948192],[94.55704304977219,25.501691612467095],[94.55410291077108,25.50360732837738],[94.56656349987105,25.54805193749605],[94.55592299681939,25.554693085985047],[94.56432339396544,25.56350537917237],[94.55088275853176,25.579469678424765],[94.58364430740136,25.634259153458984],[94.59344477073842,25.635536297399177],[94.5741238573025,25.640644873159943],[94.58644443978338,25.66388889287143],[94.58042415516204,25.668742039844158],[94.59638490973953,25.68227976561019],[94.59596488988223,25.68253519439823],[94.58014414192382,25.68879319970517],[94.57314381096879,25.69160291637359],[94.5730038043497,25.691347487585553],[94.57174374477779,25.691858345161627],[94.53100181861944,25.64383773301042],[94.52078133542508,25.638856871643675],[94.49712021679704,25.6136971360219],[94.48871981965098,25.60462941404654],[94.48087944898134,25.61395256480994],[94.47779930336112,25.61395256480994],[94.4250168079601,25.58649397009582],[94.41661641081406,25.536557642034325],[94.38525492813548,25.53247078142571],[94.32155191644459,25.502968756407284],[94.28459016900197,25.50794961777403],[94.24972852084586,25.49428417761398],[94.23250770669647,25.495050463978096],[94.21444685283245,25.49581675034221],[94.20842656821112,25.496072179130252],[94.19806607839766,25.512419621564703],[94.1877055885842,25.528894778393177],[94.18588550253588,25.531576780667578],[94.1893856680134,25.54792422310203],[94.18966568125161,25.548945938254185],[94.19680601882575,25.58176853751711],[94.21430684621336,25.609993418595344],[94.20814655497291,25.628384291334104],[94.2200471175965,25.65686460120038],[94.21290678002235,25.67180718530062],[94.2728296129975,25.794668432347056],[94.2732496328548,25.794923861135093],[94.28571022195479,25.78815499825208],[94.38007468322874,25.83183332100663],[94.456798310496,25.85341705359587],[94.4569383171151,25.85341705359587],[94.46547872088024,25.8303007482784],[94.49418007779592,25.831577892218593],[94.51112087870712,25.81663530811835],[94.51798120304306,25.824936743729598],[94.5416423216711,25.812037589933663],[94.53534202381157,25.784195852037485],[94.55340287767558,25.779598133852794],[94.55956316891601,25.731960664883648],[94.60674539955299,25.778448704306623],[94.63656680942147,25.76925326793724],[94.6584078420012,25.77755470354849],[94.69578960930113,25.75737582929346],[94.71287041683142,25.759291545203748]]]}},{"type":"Feature","properties":{"district":"West Garo Hills","dt_code":"293","st_nm":"Meghalaya","st_code":"17","year":"2011_c"},"geometry":{"type":"Polygon","coordinates":[[[90.1223333897533,25.95878142866168],[90.15131475990717,25.96669972109087],[90.1584550974813,25.95724885593345],[90.1767959645835,25.959036857449718],[90.18687644115877,25.944221987743497],[90.20283719573627,25.960952573360007],[90.21137759950142,25.95265113774876],[90.3247829609731,25.973468583973887],[90.3611846819393,26.00795147035906],[90.36230473489212,26.008845471117194],[90.36426482755952,26.008845471117194],[90.40346668090775,26.00910089990523],[90.40528676695607,26.00910089990523],[90.40822690595719,26.00463089611456],[90.42222756786727,25.991604027924605],[90.43160801134702,25.991604027924605],[90.43412813049085,25.991604027924605],[90.43398812387174,25.981514590797094],[90.41466721043582,25.922765969548276],[90.38246568804263,25.867976494514057],[90.38400576085274,25.841028757376012],[90.3424237949798,25.828385032368114],[90.33892362950228,25.80488558386859],[90.3917061249033,25.799010721743706],[90.40220662133585,25.76184583308413],[90.40248663457405,25.761079546720016],[90.40052654190664,25.75890840202169],[90.38708590647296,25.743327245951352],[90.40654682652797,25.72250979972623],[90.41340715086392,25.657630887564494],[90.39198613814149,25.64230516028219],[90.39800642276282,25.63068315042645],[90.38190566156624,25.586749398883857],[90.38974603223588,25.54626393597978],[90.38722591309207,25.542304789765186],[90.38274570128084,25.535025069306094],[90.3756053637067,25.52365848823839],[90.34970413917304,25.513569051110874],[90.34438388764721,25.510120762472358],[90.31820264987536,25.473849874570917],[90.32016274254276,25.46388815183742],[90.31932270282816,25.464399009413498],[90.30364196148886,25.41854954196062],[90.31358243144503,25.3844497987575],[90.3086821997765,25.365292639654626],[90.26135996252042,25.321231173718015],[90.24749930722943,25.253542544887857],[90.22929844674633,25.235279386543116],[90.23363865193845,25.203861645614403],[90.15971515705321,25.223529662293355],[90.11239291979713,25.22429594865747],[90.05989043763431,25.25609683276824],[89.98092670446144,25.28534342899863],[89.974766413221,25.29939201234074],[89.99296727370411,25.312929738106767],[89.99394732003782,25.32033717295988],[90.01200817390183,25.326978321448877],[90.03524927267256,25.344347479035484],[90.15159477314536,25.374998933600082],[90.16237528281613,25.388408944972095],[90.15285483271727,25.399009239675685],[90.17091568658128,25.54473136325155],[90.14809460766784,25.54498679203959],[90.14151429657011,25.553799085226913],[90.13955420390269,25.537834785974518],[90.13913418404539,25.537834785974518],[90.13605403842517,25.5377070715805],[90.12975374056563,25.537579357186477],[90.12989374718472,25.538601072338633],[90.13017376042293,25.562483664020217],[90.12891370085103,25.562355949626195],[90.11337296613084,25.560823376897964],[90.0905518872174,25.58815425721807],[90.01998855119058,25.607311416320943],[90.01746843204677,25.607949988291036],[90.00402779661309,25.626851718605874],[89.98316681036705,25.626851718605874],[89.95026525487836,25.6563537436243],[89.94914520192555,25.657247744382435],[89.94438497687612,25.67934233454775],[89.91386353391215,25.711015504264502],[89.89902283228746,25.726468945940823],[89.89510264695264,25.743327245951352],[89.89482263371443,25.744348961103505],[89.89468262709534,25.74511524746762],[89.91442356038854,25.740645243676948],[89.924784050202,25.73872952776666],[89.93584457311097,25.744476675497523],[89.93724463930198,25.745370676255657],[89.93514454001547,25.75456611262504],[89.95922567850081,25.779981277034853],[89.94816515559185,25.825575315699695],[89.9576856056907,25.82915131873223],[89.95404543359408,25.82136074069706],[89.96188580426373,25.820339025544907],[89.96384589693113,25.833110464946824],[89.97098623450529,25.82646931645783],[90.00346777013668,25.839368470253763],[90.01550833937935,25.855843627082233],[90.02250867033439,25.86567763542171],[90.0226486769535,25.868231923302094],[90.01830847176137,25.872318783910707],[90.00836800180521,25.881386505886066],[90.00808798856701,25.881641934674107],[90.01214818052092,25.885090223312623],[90.02054857766697,25.89198680058966],[90.0251687960973,25.89581823241023],[90.04238961024672,25.887772225587025],[90.06045046411072,25.9135705331789],[90.08621168202527,25.919573109697797],[90.0920919600275,25.938219411224594],[90.10553259546118,25.948564277140147],[90.11673312498925,25.95724885593345],[90.1223333897533,25.95878142866168]]]}},{"type":"Feature","properties":{"district":"East Garo Hills","dt_code":"294","st_nm":"Meghalaya","st_code":"17","year":"2011_c"},"geometry":{"type":"Polygon","coordinates":[[[90.94179213135047,25.75443839823102],[90.98351410384251,25.742816388375275],[90.87458895418206,25.607694559503],[90.82404656468667,25.590069973128355],[90.8132660550159,25.575893675392226],[90.80052545267773,25.588537400400124],[90.80038544605863,25.588281971612087],[90.80024543943952,25.588537400400124],[90.78736483048225,25.569507955691268],[90.78190457233731,25.583939682215433],[90.77182409576206,25.577553962514475],[90.762023632425,25.552266512498683],[90.7618836258059,25.552138798104664],[90.6789997072982,25.481640452606083],[90.6445580789994,25.416122968474255],[90.51883213504685,25.43349212606086],[90.44196850116049,25.46069529198694],[90.36944507246625,25.458141004106558],[90.32310288154389,25.46222786471517],[90.32016274254276,25.46388815183742],[90.31820264987536,25.473849874570917],[90.34438388764721,25.510120762472358],[90.34970413917304,25.513569051110874],[90.3756053637067,25.52365848823839],[90.38274570128084,25.535025069306094],[90.38722591309207,25.542304789765186],[90.38974603223588,25.54626393597978],[90.38190566156624,25.586749398883857],[90.39800642276282,25.63068315042645],[90.39198613814149,25.64230516028219],[90.41340715086392,25.657630887564494],[90.40654682652797,25.72250979972623],[90.38708590647296,25.743327245951352],[90.40052654190664,25.75890840202169],[90.43412813049085,25.742305530799197],[90.48565056631995,25.716890366389386],[90.50021125470644,25.718167510329575],[90.51547197618842,25.741028386859007],[90.542633260294,25.78176927855112],[90.56937452454224,25.776532988396333],[90.59331565640849,25.74345496034537],[90.62397710599157,25.736302954280298],[90.6792797205364,25.78330185127935],[90.74900301684862,25.801054152048014],[90.7792444465744,25.814847306602083],[90.81648620725522,25.81816788084658],[90.82768673678328,25.819189595998736],[90.8321669485945,25.819572739180792],[90.89054970875956,25.75878068762767],[90.9308716150606,25.7509901095925],[90.94179213135047,25.75443839823102]]]}},{"type":"Feature","properties":{"district":"Kohima","dt_code":"270","st_nm":"Nagaland","st_code":"13","year":"2011_c"},"geometry":{"type":"Polygon","coordinates":[[[93.9356936742027,25.55877994659366],[93.93989387277571,25.58598311251974],[93.91413265486116,25.613058564051805],[93.91427266148027,25.622254000421183],[93.92939337634316,25.624680573907547],[93.92925336972405,25.65839717392861],[93.92855333662855,25.670785470148466],[93.93079344253417,25.672318042876697],[93.96439503111836,25.693390917889857],[94.01143725513624,25.806673585384857],[94.01731753313848,25.84588190434874],[93.97727564007565,25.88266364982626],[94.01353735442277,25.950479993050436],[94.00205681165649,25.990454598378435],[94.09754132588326,25.991604027924605],[94.10006144502708,25.985346022617666],[94.13954331161351,25.992242599894702],[94.16068431109774,25.97283001200379],[94.19260582025272,25.98930516883226],[94.21906707126278,26.01867947945667],[94.22368728969312,26.01548661960619],[94.24132812369982,26.003864609750448],[94.24454827593914,26.00169346505212],[94.27492971228402,26.004375467326522],[94.28361012266826,25.939496555164787],[94.24370823622453,25.92238282636622],[94.21444685283245,25.875894786943245],[94.26792938132897,25.809483302053277],[94.29635072500645,25.809738730841318],[94.27310962623571,25.794923861135093],[94.2732496328548,25.794923861135093],[94.2728296129975,25.794668432347056],[94.21290678002235,25.67180718530062],[94.2200471175965,25.65686460120038],[94.20814655497291,25.628384291334104],[94.21430684621336,25.609993418595344],[94.19680601882575,25.58176853751711],[94.18966568125161,25.548945938254185],[94.17804513186624,25.550606225376434],[94.16488450967076,25.541283074613034],[94.15620409928651,25.55111708295251],[94.14038335132811,25.519443913235758],[94.10804182231583,25.521870486722122],[94.08466071692598,25.530427351121403],[94.09418116702484,25.53732392839844],[94.08480072354509,25.554693085985047],[94.06729989615748,25.552266512498683],[94.04811898934067,25.57563824660419],[94.0381785193845,25.570018813267346],[94.01283732132725,25.592624261008737],[94.00233682489468,25.586366255701797],[94.00695704332502,25.568486240539116],[94.00597699699131,25.567336810992945],[93.98315591807787,25.56823081175108],[93.95711468692512,25.55137251174055],[93.94871428977908,25.553032798862798],[93.9356936742027,25.55877994659366]]]}},{"type":"Feature","properties":{"district":"Dimapur","dt_code":"265","st_nm":"Nagaland","st_code":"13","year":"2011_c"},"geometry":{"type":"Polygon","coordinates":[[[93.77552610195134,25.968487722607136],[93.77440604899854,25.965678005938717],[93.79526703524456,25.90565224074971],[93.77748619461875,25.849968764957353],[93.79540704186365,25.808972444477202],[93.83964913349952,25.85673762784037],[93.88165111922977,25.843455330862376],[93.91595274090947,25.88381307937243],[93.93387358815438,25.88534565210066],[93.93793378010831,25.89645680438033],[93.97853569964755,25.916891107423396],[93.96859522969139,25.95737657032747],[93.9540345413049,25.96938172336527],[93.97265542164531,25.99237031428872],[94.00205681165649,25.990454598378435],[94.01353735442277,25.950479993050436],[93.97727564007565,25.88266364982626],[94.01731753313848,25.84588190434874],[94.01143725513624,25.806673585384857],[93.96439503111836,25.693390917889857],[93.93079344253417,25.672318042876697],[93.92855333662855,25.670785470148466],[93.88333119865898,25.658524888322628],[93.79470700876816,25.669380611814255],[93.65946061471675,25.649584880741283],[93.51273367789908,25.675000045151098],[93.52239413461703,25.69773320728651],[93.52743437290466,25.691347487585553],[93.54101501495745,25.698882636832682],[93.54241508114845,25.73106666412551],[93.56145598134617,25.737835527008528],[93.5678962858248,25.758525258839633],[93.57769674916186,25.75456611262504],[93.6173186223674,25.776149845214277],[93.62459896656064,25.802714439170263],[93.64601997928307,25.822510170243234],[93.668141025101,25.821871598273137],[93.68816197163243,25.84600961874276],[93.71420320278517,25.844604760408547],[93.70202262692341,25.851629052079602],[93.68144165391558,25.904502811203535],[93.7511649502278,25.93285540667579],[93.74542467884466,25.942561700621248],[93.75634519513453,25.94677627562388],[93.76740571804349,25.950607707444455],[93.76740571804349,25.95099085062651],[93.7678257379008,25.951118565020533],[93.76544562537609,25.968998580183214],[93.77342600266482,25.968870865789196],[93.77552610195134,25.968487722607136]]]}},{"type":"Feature","properties":{"district":"East Siang","dt_code":"251","st_nm":"Arunachal Pradesh","st_code":"12","year":"2011_c"},"geometry":{"type":"Polygon","coordinates":[[[95.51944854947132,27.8835650609245],[95.51944854947132,27.8835650609245],[95.5149683376601,27.879861343497947],[95.37944193037049,27.83924816619985],[95.30873858772458,27.868111619248182],[95.24895576136852,27.85010388969148],[95.20891386830567,27.83784330786564],[95.13625043299234,27.815748717700323],[95.11524944012722,27.856745038180478],[95.12070969827215,27.90348850639149],[95.07184738820595,27.91600451700537],[95.08906820235536,27.96760113218911],[95.06736717639474,28.023412322375485],[95.11510943350812,28.0241786087396],[95.20555370944726,28.052531204211856],[95.24041535760337,28.04729491405707],[95.28885764781225,28.090590093629565],[95.29557796552909,28.121113833800145],[95.25077584741683,28.150232715636516],[95.22767475526518,28.15585214897336],[95.26995675423365,28.197487041423607],[95.30299831634144,28.20259561718437],[95.30509841562795,28.223923920985573],[95.34192015645147,28.24461365281668],[95.3462603616436,28.2840774005686],[95.38322210908622,28.312174567252814],[95.38420215541993,28.312174567252814],[95.38910238708846,28.307576849068123],[95.43670463758274,28.314090283163104],[95.45532551792314,28.277308537685585],[95.4652659878793,28.257512806612613],[95.4652659878793,28.257512806612613],[95.47632651078827,28.261855096009263],[95.53526929742972,28.284588258144677],[95.53722939009714,28.283438828598502],[95.56299060801169,28.25636337706644],[95.56383064772629,28.25508623312625],[95.56299060801169,28.066068929977884],[95.56005046901058,28.051381774665682],[95.53008905252298,28.00004058826998],[95.50264775517923,27.953169405664944],[95.50082766913091,27.950104260208484],[95.50194772208373,27.94640054278193],[95.51944854947132,27.8835650609245]]]}},{"type":"Feature","properties":{"district":"Lohit","dt_code":"259","st_nm":"Arunachal Pradesh","st_code":"12","year":"2011_c"},"geometry":{"type":"Polygon","coordinates":[[[96.30544570910341,28.36964604456144],[96.31132598710565,28.365559183952826],[96.3370872050202,28.339633161966937],[96.30166553038768,28.28382197178056],[96.29536523252816,28.249211371001365],[96.33554713221008,28.17219959140781],[96.32714673506403,28.13120327092766],[96.27296417347202,28.09122866559966],[96.28262463018997,28.072071506496787],[96.2878048750967,28.061854354975253],[96.39182979308862,27.975008567042224],[96.41647095805037,27.92328423746446],[96.52875626656925,27.90067878972307],[96.58587896716237,27.853296749541958],[96.61388029098254,27.85763903893861],[96.63194114484655,27.81051242754554],[96.61262023141063,27.773986110856058],[96.61556037041176,27.770026964641463],[96.6397815155162,27.737970651742653],[96.62004058222298,27.71408806006107],[96.61626040350725,27.70936262748236],[96.61934054912747,27.703615479751498],[96.62410077417691,27.69442004338212],[96.62928101908363,27.684713749436664],[96.6393614956589,27.681648603980204],[96.64874193913866,27.673858025945034],[96.69984435511046,27.66057572896704],[96.68220352110376,27.654828581236178],[96.6407615618499,27.628008558492155],[96.58195878182755,27.65610572517637],[96.51909580985128,27.636693137285455],[96.48017396974124,27.646144002442874],[96.45231265254019,27.641163141076127],[96.43971205682111,27.652529722143832],[96.39406989899423,27.64882600471728],[96.38370940918077,27.638864281983782],[96.3726488862718,27.644994572896703],[96.31160600034384,27.569898509213434],[96.28542476257199,27.595058244835208],[96.29200507366973,27.627880844098133],[96.2700240344709,27.6516357213857],[96.26092360422935,27.719452064609875],[96.27338419332932,27.787779265410126],[96.20786109559012,27.877434770011583],[96.02319236499613,27.8502316040855],[95.80478203919883,27.736054935832367],[95.77090043737643,27.729796930525428],[95.77454060947305,27.732095789617773],[95.77930083452247,27.733756076740022],[95.77916082790337,27.73503322068021],[95.77594067566406,27.753679522207012],[95.81290242310668,27.79837956011372],[95.83754358806843,27.809873855575443],[95.83754358806843,27.810256998757502],[95.83796360792573,27.81038471315152],[95.83768359468752,27.82417786770559],[95.87030513693801,27.832734732104875],[95.87100517003353,27.83350101846899],[95.91552727490759,27.88382048971254],[95.92504772500644,27.881777059408233],[95.91538726828848,27.889439923049384],[95.93764832072551,27.898252216236706],[95.92980795005587,27.902849934421393],[95.95262902896931,27.920219092008],[95.95262902896931,27.92034680640202],[95.9527690355884,27.920474520796038],[95.94898885687269,27.938099107170682],[95.95458912163672,27.944101683689585],[95.9692898166423,27.959938268547962],[95.96984984311871,27.959938268547962],[95.98651063079171,27.95866112460777],[96.01409193475457,27.995442870085288],[96.0196921995186,28.040781479962092],[96.05679395358032,28.085864661050856],[96.05847403300953,28.087652662567123],[96.05847403300953,28.087780376961145],[96.05987409920054,28.091611808781717],[96.07079461549041,28.120986119406126],[96.07065460887131,28.12328497849847],[96.068834522823,28.16785730201116],[96.06785447648929,28.19071817854059],[96.08955550244993,28.191484464904704],[96.10061602535889,28.190207320964515],[96.14191797799363,28.170028446709484],[96.21542145302158,28.230948212656628],[96.26778392856528,28.238994219479835],[96.23810252531591,28.29965855663894],[96.29032499424052,28.344614023333683],[96.30544570910341,28.36964604456144]]]}},{"type":"Feature","properties":{"district":"Kurung Kumey","dt_code":"256","st_nm":"Arunachal Pradesh","st_code":"12","year":"2011_c"},"geometry":{"type":"Polygon","coordinates":[[[93.22432004255135,28.342442878635357],[93.22291997636034,28.334141443024112],[93.25386143918163,28.36172775213225],[93.2828428093355,28.36492061198273],[93.29418334548268,28.34039944833105],[93.33688536430843,28.353426316521006],[93.36040647631737,28.34372002257555],[93.36082649617467,28.32979915362746],[93.37034694627353,28.32647857938296],[93.37888735003868,28.311535995282718],[93.38420760156451,28.310641994524584],[93.38616769423191,28.306299705127934],[93.40856875328805,28.30681056270401],[93.42326944829364,28.28509911572075],[93.42480952110375,28.282672542234387],[93.42914972629588,28.282800256628406],[93.45365088463852,28.27347710586501],[93.45519095744864,28.27168910434874],[93.45673103025874,28.272327676318834],[93.45743106335425,28.272072247530797],[93.44693056692168,28.200424472486045],[93.46023119573627,28.11294011258292],[93.48585240703171,28.10336153303148],[93.50587335356313,28.069261789828364],[93.57013639173041,28.057256636790562],[93.58805723897532,27.977562854922606],[93.61857868193931,27.953552548847004],[93.58469708011691,27.905659651089817],[93.6017778876472,27.907575367000103],[93.59225743754835,27.833373304074968],[93.50951352565976,27.7429515131094],[93.5323346045732,27.722006352490258],[93.53751484947992,27.673858025945034],[93.51469377056648,27.650230863051487],[93.32932500687699,27.669643450942402],[93.29124320648155,27.6576382979046],[93.22908026760078,27.603487394840474],[93.23888073093784,27.613959975150046],[93.2295002874581,27.646271716836893],[93.19533867239748,27.674879741097186],[93.22362000945586,27.71076748581657],[93.20135895701883,27.731840360829732],[93.22530008888506,27.760448385090026],[93.23874072431875,27.800806133600084],[93.20317904306714,27.839886738169948],[93.198838837875,27.844484456354635],[93.1972987650649,27.842951883626405],[93.17587775234247,27.82149586543119],[93.1306556143729,27.822389866189322],[93.096073979455,27.809235283605346],[93.07465296673257,27.82698758437401],[92.9787484326485,27.82379472452353],[92.94416679773059,27.850614747267556],[92.93142619539242,27.878328770769716],[92.93156620201151,27.92494452458671],[92.86562308441502,27.945889685205852],[92.86030283288919,27.958277981425713],[92.85988281303189,27.958277981425713],[92.85988281303189,27.958277981425713],[92.75683794137367,27.957767123849635],[92.73429687569845,27.976668854164473],[92.74101719341527,27.98892943599031],[92.7111957835468,28.032863187532904],[92.66289349995702,28.067346073918078],[92.68879472449066,28.1254561231968],[92.80150005286684,28.201829330820257],[92.81802083392074,28.20119075885016],[92.82978138992522,28.17105016186164],[92.89698456709361,28.204128189912602],[92.91476540771941,28.23465193008318],[92.96642785016762,28.26134423843319],[93.00212953803833,28.23030964068653],[93.03559112000343,28.26262138237338],[93.02551064342818,28.302851416489418],[93.0971940324078,28.30655513391597],[93.12659542241897,28.326350864988942],[93.19547867901659,28.31753857180162],[93.22432004255135,28.342442878635357]]]}},{"type":"Feature","properties":{"district":"Lower Subansiri","dt_code":"255","st_nm":"Arunachal Pradesh","st_code":"12","year":"2011_c"},"geometry":{"type":"Polygon","coordinates":[[[93.94185396544313,27.51127760235864],[93.88879145680392,27.49122644249763],[93.8525297424568,27.4650449917237],[93.84986961669388,27.440268399283983],[93.82732855101865,27.424814957607666],[93.8355889415456,27.363512048478466],[93.82690853116135,27.35814804392966],[93.80646756477262,27.371174912119614],[93.7846265321929,27.350485180288512],[93.74066445379523,27.352784039380854],[93.6659009191954,27.336181168158365],[93.63103927103928,27.360319188627987],[93.61297841717527,27.357254043171526],[93.6002378148371,27.36759890908708],[93.57853678887648,27.43477668034116],[93.55725578277314,27.437969540191638],[93.5678962858248,27.471941569000734],[93.60737815241124,27.493653015983995],[93.61773864222471,27.53222276297778],[93.56243602767987,27.601954822112244],[93.54493520029227,27.619707122880907],[93.54311511424396,27.621750553185215],[93.57755674254275,27.617535978182584],[93.67654142224706,27.684841463830683],[93.70874294464025,27.686118607770872],[93.76768573128169,27.730052359313465],[93.7682457577581,27.789567266926397],[93.86457031169947,27.817409004822572],[93.89019152299493,27.820091007096977],[93.90783235700162,27.797102416173527],[93.89047153623312,27.743079227503422],[93.9197329196252,27.72341121082447],[93.92561319762743,27.65917087063283],[93.94129393896674,27.63733170925555],[94.0531592276283,27.607957398631147],[94.04909903567437,27.58266994861535],[94.10622173626751,27.554061924355057],[94.10622173626751,27.544100201621564],[94.07192011458781,27.51549217736127],[93.94185396544313,27.51127760235864]]]}},{"type":"Feature","properties":{"district":"East Kameng","dt_code":"247","st_nm":"Arunachal Pradesh","st_code":"12","year":"2011_c"},"geometry":{"type":"Polygon","coordinates":[[[92.46100395521361,27.782032117679265],[92.46156398169002,27.784841834347688],[92.46856431264506,27.81472700254817],[92.50286593432476,27.84103616771612],[92.54528793991231,27.816898147246498],[92.56208873420442,27.820474150279033],[92.60647083245938,27.876923912435505],[92.67059386400756,27.899529360176896],[92.73429687569845,27.976668854164473],[92.75683794137367,27.957767123849635],[92.85988281303189,27.958277981425713],[92.85988281303189,27.958277981425713],[92.86030283288919,27.958277981425713],[92.86562308441502,27.945889685205852],[92.93156620201151,27.92494452458671],[92.93142619539242,27.878328770769716],[92.94416679773059,27.850614747267556],[92.9787484326485,27.82379472452353],[93.07465296673257,27.82698758437401],[93.096073979455,27.809235283605346],[93.1306556143729,27.822389866189322],[93.17587775234247,27.82149586543119],[93.1972987650649,27.842951883626405],[93.198838837875,27.844484456354635],[93.20317904306714,27.839886738169948],[93.23874072431875,27.800806133600084],[93.22530008888506,27.760448385090026],[93.20135895701883,27.731840360829732],[93.22362000945586,27.71076748581657],[93.19533867239748,27.674879741097186],[93.2295002874581,27.646271716836893],[93.23888073093784,27.613959975150046],[93.22908026760078,27.603487394840474],[93.22824022788618,27.60259339408234],[93.27178228642654,27.59493053044119],[93.28410286890741,27.588033953164157],[93.28214277624001,27.577178229672526],[93.30020363010401,27.578838516794775],[93.33058506644889,27.556360783447403],[93.29418334548268,27.52136703948615],[93.32078460311183,27.487011867494996],[93.32736491420957,27.460702702327048],[93.31476431849049,27.441290114436136],[93.33002503997248,27.44243954398231],[93.37006693303533,27.414980949268188],[93.37034694627353,27.41472552048015],[93.37384711175105,27.37015319696746],[93.33002503997248,27.354572040897125],[93.2997836102467,27.39952750759187],[93.19505865915929,27.37819920379067],[93.16523724929081,27.311532290112666],[93.00226954465744,27.24971852340739],[92.98448870403163,27.219961069600924],[93.00940988223158,27.20093162489207],[93.07241286082696,27.203230483984413],[93.080813257973,27.186627612761924],[93.06891269534944,27.171174171085603],[93.0117899947563,27.142566146825313],[92.95830746625978,27.15801958850163],[92.8951644810453,27.134264711214065],[92.85708268064987,27.140267287732968],[92.83930184002406,27.13196585212172],[92.8285213303533,27.161595591534166],[92.80892040367918,27.176793604422446],[92.80892040367918,27.177815319574602],[92.81452066844322,27.176282746846372],[92.80948043015559,27.20067619610403],[92.83370157526004,27.214086207476043],[92.8282413171151,27.224558787785615],[92.83650170764204,27.23273250900284],[92.83650170764204,27.23273250900284],[92.82390111192298,27.24205565976624],[92.79953996019943,27.26006338932294],[92.80598026467807,27.29518484767821],[92.82110097954096,27.287011126460985],[92.8446220915499,27.293141417373906],[92.80458019848706,27.329540019669366],[92.80037999991404,27.349974322712434],[92.81480068168142,27.354572040897125],[92.8121405559185,27.378965490154783],[92.82306107220836,27.378710061366746],[92.82306107220836,27.400038365167948],[92.81914088687354,27.41472552048015],[92.80374015877246,27.417279808360533],[92.8110205029657,27.42532581518374],[92.80374015877246,27.44831440610719],[92.70069528711424,27.450230122017476],[92.68459452591765,27.47270785536485],[92.66023337419409,27.48241414931031],[92.65169297042894,27.500549593261027],[92.65785326166939,27.525326185700745],[92.6435725865211,27.55214620844477],[92.60647083245938,27.562491074360324],[92.62005147451217,27.58726766680004],[92.60731087217398,27.597612532715594],[92.61025101117511,27.61906855091081],[92.5947102764549,27.63043513197852],[92.54738803919884,27.62111198121512],[92.53086725814492,27.62890255925029],[92.53002721843032,27.679988316857955],[92.5104262917562,27.71434348884911],[92.51602655652025,27.734522363104137],[92.46940435235966,27.777306685100555],[92.46100395521361,27.782032117679265]]]}},{"type":"Feature","properties":{"district":"West Kameng","dt_code":"246","st_nm":"Arunachal Pradesh","st_code":"12","year":"2011_c"},"geometry":{"type":"Polygon","coordinates":[[[92.01382281380555,27.489949298557438],[92.01368280718646,27.491481871285668],[92.04910448181896,27.51664160690744],[92.11224746703344,27.525198471306727],[92.15214935347717,27.577433658460563],[92.20941206068942,27.580371089523005],[92.2224326762658,27.602976537264396],[92.22229266964669,27.62724227212804],[92.24483373532192,27.650997149415602],[92.26989492014097,27.648570575929238],[92.34297837531162,27.67258088200484],[92.3933807581879,27.672708596398863],[92.41340170471933,27.708979484300304],[92.41284167824293,27.755722952511316],[92.4600239088799,27.78164897449721],[92.46100395521361,27.782032117679265],[92.46940435235966,27.777306685100555],[92.51602655652025,27.734522363104137],[92.5104262917562,27.71434348884911],[92.53002721843032,27.679988316857955],[92.53086725814492,27.62890255925029],[92.54738803919884,27.62111198121512],[92.5947102764549,27.63043513197852],[92.61025101117511,27.61906855091081],[92.60731087217398,27.597612532715594],[92.62005147451217,27.58726766680004],[92.60647083245938,27.562491074360324],[92.6435725865211,27.55214620844477],[92.65785326166939,27.525326185700745],[92.65169297042894,27.500549593261027],[92.66023337419409,27.48241414931031],[92.68459452591765,27.47270785536485],[92.70069528711424,27.450230122017476],[92.80374015877246,27.44831440610719],[92.8110205029657,27.42532581518374],[92.80374015877246,27.417279808360533],[92.81914088687354,27.41472552048015],[92.82306107220836,27.400038365167948],[92.82306107220836,27.378710061366746],[92.8121405559185,27.378965490154783],[92.81480068168142,27.354572040897125],[92.80037999991404,27.349974322712434],[92.80458019848706,27.329540019669366],[92.8446220915499,27.293141417373906],[92.82110097954096,27.287011126460985],[92.80598026467807,27.29518484767821],[92.79953996019943,27.26006338932294],[92.82390111192298,27.24205565976624],[92.83650170764204,27.23273250900284],[92.83650170764204,27.23273250900284],[92.8282413171151,27.224558787785615],[92.83370157526004,27.214086207476043],[92.80948043015559,27.20067619610403],[92.81452066844322,27.176282746846372],[92.80892040367918,27.177815319574602],[92.76257821275681,27.190842187764556],[92.75263774280066,27.193651904432976],[92.69005478406258,27.1718127430557],[92.61557126270094,27.143204718795406],[92.60143059417175,27.117661839991573],[92.59485028307401,27.0951841066442],[92.59779042207512,27.05303835661788],[92.65673320871657,27.008210604317153],[92.6446926394739,26.986754586121933],[92.60073056107625,26.966831140654943],[92.59807043531333,26.966192568684846],[92.56992910487406,26.95955142019585],[92.56292877391903,26.957891133073602],[92.44742331316084,26.958912848225754],[92.4257222872002,26.94116054745709],[92.41200163852832,26.94282083457934],[92.39828098985643,26.924813105022636],[92.36019918946101,26.925834820174792],[92.36481940789133,26.93209282548173],[92.30265646901057,26.92276967471833],[92.30293648224877,26.90718851864799],[92.27605521138142,26.902079942887227],[92.25505421851628,26.909742806528374],[92.19471136568383,26.890074789849425],[92.11350752660535,26.892884506517845],[92.10818727507952,26.893012220911864],[92.11770772517838,26.959423705801832],[92.10258701031547,26.98228458233126],[92.10370706326829,27.00706117477098],[92.08032595787844,27.019960328566913],[92.06450520992006,27.05150578388965],[92.04546430972233,27.05137806949563],[92.03440378681337,27.064149508897543],[92.0229232440471,27.114341265747075],[92.03720391919539,27.137840714246604],[92.02418330361901,27.161723305928184],[92.0570848591077,27.18905418624829],[92.07052549454139,27.223026215057384],[92.06674531582567,27.244354518858586],[92.0405640780538,27.26619368023586],[92.07094551439869,27.27679397493945],[92.10258701031547,27.268492539328207],[92.11994783108398,27.27526140221122],[92.12148790389409,27.287011126460985],[92.05988499148972,27.326730303000947],[92.06128505768073,27.344738032557647],[92.04756440900886,27.367854337875116],[92.05568479291671,27.39965522198589],[92.0400040515774,27.436053824281352],[92.02054313152239,27.447164976561016],[92.01382281380555,27.489949298557438]]]}},{"type":"Feature","properties":{"district":"West Jaintia Hills","dt_code":"299","st_nm":"Meghalaya","st_code":"17","year":"2011_c"},"geometry":{"type":"Polygon","coordinates":[[[92.13240842018396,25.641028016342002],[92.13744865847158,25.641028016342002],[92.1405288040918,25.64422087619248],[92.14948922771426,25.653544026955878],[92.15410944614459,25.645242591344633],[92.15200934685808,25.670913184542485],[92.15228936009628,25.671424042118563],[92.17007020072208,25.66720946711593],[92.22467278217141,25.71586865123723],[92.22537281526691,25.71574093684321],[92.23433323888936,25.707694930020004],[92.26429465537694,25.709227502748234],[92.31119687277572,25.728001518669053],[92.33345792521276,25.724170086848478],[92.38428032794636,25.75456611262504],[92.38176020880255,25.742177816405178],[92.40654138038339,25.74473210428556],[92.41158161867102,25.730172663367377],[92.43104253872603,25.732216093671685],[92.44420316092152,25.719827797451824],[92.4405629888249,25.69173063076761],[92.47024439207426,25.67525547393914],[92.50552606008767,25.616379138296303],[92.55410835691566,25.614846565568072],[92.55662847605949,25.5710405284195],[92.57636940935271,25.556481087501314],[92.58434978664144,25.550478510982416],[92.59037007126278,25.552777370074757],[92.60521077288747,25.55865223219964],[92.62201156717957,25.565293380688637],[92.63573221585145,25.578958820848687],[92.65127295057164,25.58930368676424],[92.65687321533568,25.582407109487203],[92.6613534271469,25.57231767235969],[92.6607934006705,25.571679100389595],[92.65911332124129,25.57129595720754],[92.6455326791885,25.556225658713277],[92.6455326791885,25.555970229925236],[92.6427325468065,25.534897354912076],[92.57356927697069,25.490580460187427],[92.56432884011002,25.473722160176898],[92.56642893939654,25.463505008655364],[92.56908906515946,25.465165295777613],[92.56768899896845,25.457119288954406],[92.56726897911115,25.456736145772346],[92.56684895925385,25.456225288196272],[92.54682801272243,25.45801328971254],[92.54556795315051,25.458141004106558],[92.53520746333706,25.434641555607033],[92.4923654378922,25.441538132884066],[92.45022344554285,25.4217424018111],[92.37349981827559,25.405778102558703],[92.26863486056907,25.395944094219224],[92.1739903860569,25.35392605858692],[92.17147026691309,25.33617375781826],[92.19947159073325,25.291729148699588],[92.2050718554973,25.22723337971991],[92.21935253064558,25.225062235021586],[92.23461325212756,25.19990249939981],[92.22509280202871,25.16350389710435],[92.19975160397146,25.125317293292618],[92.18757102810969,25.136045302390226],[92.1898111340153,25.122252147836157],[92.17581047210521,25.12327386298831],[92.13548856580417,25.143325022849318],[92.1223279436087,25.165930470590713],[92.08144601083126,25.183938200147413],[92.01606291971116,25.18776963196799],[92.01662294618757,25.18904677590818],[92.01970309180778,25.19070706303043],[92.0211031579988,25.201945929704117],[91.98484144365167,25.24562425245867],[91.9882016025101,25.28100113960198],[92.04504428986503,25.320848030535956],[92.11112741408063,25.306033160829735],[92.11938780460758,25.331320610845527],[92.11084740084243,25.336556901000314],[92.11154743393793,25.37972436617879],[92.10146695736267,25.398753810887648],[92.11322751336715,25.410503535137412],[92.09446662640764,25.450988998041485],[92.10902731479412,25.471040157902493],[92.09488664626494,25.49428417761398],[92.11392754646265,25.54473136325155],[92.10524713607839,25.562355949626195],[92.13800868494799,25.625191431483625],[92.13394849299407,25.639112300431712],[92.13310845327946,25.639112300431712],[92.13240842018396,25.641028016342002]]]}},{"type":"Feature","properties":{"district":"South West Khasi Hills","dt_code":"713","st_nm":"Meghalaya","st_code":"17","year":"update2014"},"geometry":{"type":"Polygon","coordinates":[[[90.83916727954956,25.307565733557965],[90.86674858351242,25.330043466905337],[90.89180976833147,25.329277180541222],[90.92359127086736,25.351499485100558],[90.97525371331557,25.339622046456775],[90.97105351474254,25.358140633589553],[90.98603422298633,25.365164925260608],[90.98897436198745,25.379341222996736],[91.02481605647726,25.338600331304622],[91.05015725453451,25.342431763125195],[91.08543892254792,25.319954029777822],[91.09495937264677,25.327744607812992],[91.0984595381243,25.330554324481415],[91.08949911450185,25.35826834798357],[91.13780139809163,25.399392382857744],[91.1152603324164,25.41344096619985],[91.10629990879394,25.436301842729282],[91.16902287415112,25.466059296535747],[91.18022340367918,25.448179281373065],[91.19142393320725,25.46120614956302],[91.20920477383305,25.46120614956302],[91.22250540264764,25.448434710161102],[91.23062578655549,25.462100150321152],[91.26814756047452,25.409609534379275],[91.2842483216711,25.41203610786564],[91.30888948663285,25.44434784955249],[91.39051334556864,25.458524147288617],[91.44735603292358,25.457247003348424],[91.517359342474,25.455714430620194],[91.52897989185936,25.47934159351374],[91.54676073248517,25.481640452606083],[91.55586116272673,25.42889440787617],[91.52435967342903,25.348945197220175],[91.5497008714863,25.330298895693375],[91.54788078543797,25.28700371612088],[91.53248005733688,25.276531135811307],[91.49579832313246,25.283427713088344],[91.47885752222126,25.263504267621354],[91.43825560268202,25.27308284717279],[91.42271486796183,25.261971694893123],[91.4025539148113,25.263631982015372],[91.38533310066191,25.23962167593977],[91.35425163122153,25.234129956996945],[91.3830929947563,25.16771847210698],[91.29544885119917,25.185343058481624],[91.26464739499698,25.206799076676845],[91.2520467992779,25.197603640307463],[91.13472125247142,25.193005922122776],[91.0815187372131,25.201945929704117],[90.96965344855153,25.172571619079708],[90.96853339559873,25.20117964334],[90.94977250863921,25.214717369106033],[90.95733286607066,25.241920535032115],[90.95873293226167,25.246645967610824],[90.95481274692685,25.251115971401493],[90.9325516944898,25.276658850205326],[90.931431641537,25.27793599414552],[90.9312916349179,25.27793599414552],[90.91589090681681,25.277041993387385],[90.90175023828763,25.29734858203643],[90.861988358463,25.294538865368008],[90.84084735897876,25.306160875223753],[90.83916727954956,25.307565733557965]]]}},{"type":"Feature","properties":{"district":"North Garo Hills","dt_code":"712","st_nm":"Meghalaya","st_code":"17","year":"update2014"},"geometry":{"type":"Polygon","coordinates":[[[91.02565609619187,25.88585650967674],[91.02649613590647,25.880237076339895],[91.0154356129975,25.848180763441086],[91.00745523570876,25.824681314941557],[91.00213498418293,25.824936743729598],[91.00143495108742,25.824936743729598],[90.9822540442706,25.802075867200166],[90.95719285945155,25.77717156036643],[90.94473227035158,25.772190698999683],[90.94305219092237,25.76312297702432],[90.94151211811226,25.75456611262504],[90.94179213135047,25.75443839823102],[90.9308716150606,25.7509901095925],[90.89054970875956,25.75878068762767],[90.8321669485945,25.819572739180792],[90.82768673678328,25.819189595998736],[90.81648620725522,25.81816788084658],[90.7792444465744,25.814847306602083],[90.74900301684862,25.801054152048014],[90.6792797205364,25.78330185127935],[90.62397710599157,25.736302954280298],[90.59331565640849,25.74345496034537],[90.56937452454224,25.776532988396333],[90.542633260294,25.78176927855112],[90.51547197618842,25.741028386859007],[90.50021125470644,25.718167510329575],[90.48565056631995,25.716890366389386],[90.43412813049085,25.742305530799197],[90.40052654190664,25.75890840202169],[90.40248663457405,25.761079546720016],[90.40220662133585,25.76184583308413],[90.3917061249033,25.799010721743706],[90.33892362950228,25.80488558386859],[90.3424237949798,25.828385032368114],[90.38400576085274,25.841028757376012],[90.38246568804263,25.867976494514057],[90.41466721043582,25.922765969548276],[90.43398812387174,25.981514590797094],[90.43412813049085,25.991604027924605],[90.4761301162211,26.009739471875328],[90.53493289624345,25.94971370668632],[90.50847164523339,25.901565380141097],[90.51351188352102,25.89632908998631],[90.54907356477263,25.915486249089184],[90.5437533132468,25.92365997030641],[90.57665486873549,25.936814552890386],[90.58785539826356,25.958142856691584],[90.62411711261068,25.93924112637675],[90.60619626536577,25.916763393029377],[90.62173700008596,25.89798937710856],[90.63125745018482,25.91918996651574],[90.63685771494885,25.92212739757818],[90.71722151431273,25.954949996841105],[90.71750152755092,25.954949996841105],[90.72436185188687,25.946903990017898],[90.74228269913178,25.95443913926503],[90.74032260646436,25.939496555164787],[90.7466229043239,25.928129974097082],[90.75138312937332,25.93145054834158],[90.75278319556435,25.930428833189428],[90.75040308303963,25.926214258186793],[90.74564285799019,25.918040536969567],[90.74242270575088,25.912421103632724],[90.76048355961488,25.92199968318416],[90.75656337428006,25.911016245298512],[90.77266413547666,25.909355958176263],[90.77798438700249,25.90871738620617],[90.7796644664317,25.911016245298512],[90.80892584982377,25.95252342335474],[90.83608713392934,25.948564277140147],[90.83538710083383,25.936686838496367],[90.84434752445628,25.946009989259764],[90.8810292586607,25.942944843803303],[90.88438941751912,25.950352278656418],[90.91673094653142,25.91420910514899],[90.91729097300782,25.944477416531534],[90.93381175406172,25.939879698346846],[90.9473923961145,25.94818113395809],[90.96657330293131,25.91420910514899],[90.96881340883692,25.88534565210066],[91.02565609619187,25.88585650967674]]]}},{"type":"Feature","properties":{"district":"South West Garo Hills","dt_code":"711","st_nm":"Meghalaya","st_code":"17","year":"update2014"},"geometry":{"type":"Polygon","coordinates":[[[90.01998855119058,25.607311416320943],[90.0905518872174,25.58815425721807],[90.11337296613084,25.560823376897964],[90.12891370085103,25.562355949626195],[90.13017376042293,25.562483664020217],[90.12989374718472,25.538601072338633],[90.12975374056563,25.537579357186477],[90.13605403842517,25.5377070715805],[90.13913418404539,25.537834785974518],[90.13955420390269,25.537834785974518],[90.14151429657011,25.553799085226913],[90.14809460766784,25.54498679203959],[90.17091568658128,25.54473136325155],[90.15285483271727,25.399009239675685],[90.16237528281613,25.388408944972095],[90.15159477314536,25.374998933600082],[90.03524927267256,25.344347479035484],[90.01200817390183,25.326978321448877],[89.99394732003782,25.32033717295988],[89.99296727370411,25.312929738106767],[89.974766413221,25.29939201234074],[89.90812326252902,25.307821162346002],[89.87466168056392,25.287259144908916],[89.83489980073927,25.296071438096238],[89.840080045646,25.318549171443614],[89.82033911235278,25.347540338885963],[89.81571889392245,25.388664373760133],[89.84204013831342,25.449839568495314],[89.87158153494369,25.47742587760345],[89.87284159451559,25.507566474591975],[89.88586221009197,25.50794961777403],[89.88348209756727,25.519188484447717],[89.86794136284706,25.524297060208486],[89.87704179308862,25.549073652648204],[89.87788183280323,25.54932908143624],[89.97210628745809,25.57359481629988],[89.98274679050975,25.591091688280507],[89.98316681036705,25.59096397388649],[90.00290774366027,25.585472254943664],[90.01998855119058,25.607311416320943]]]}},{"type":"Feature","properties":{"district":"Khowai","dt_code":"708","st_nm":"Tripura","st_code":"16","year":"update2014"},"geometry":{"type":"Polygon","coordinates":[[[91.75481056846901,24.141788744951036],[91.74333002570273,24.1322101653996],[91.7538305221353,24.107816716141937],[91.74725021103757,23.994917191828996],[91.75271046918249,23.958646303927555],[91.77959174004985,23.928250278150994],[91.77259140909482,23.914967981173],[91.78435196509929,23.818415899294514],[91.77091132966561,23.73795583106244],[91.77791166062065,23.708836949226068],[91.76741116418808,23.68878578936506],[91.75817072732742,23.683677213604295],[91.7361896881286,23.703089801495207],[91.74389005217914,23.729398966663155],[91.71714878793088,23.768607285627038],[91.69264762958824,23.75775156213541],[91.64672545852316,23.768607285627038],[91.57854223502106,23.760816707591868],[91.57266195701882,23.762860137896176],[91.57224193716152,23.760050421227756],[91.5690217849222,23.759667278045697],[91.56440156649188,23.784699299273452],[91.56384154001547,23.78789215912393],[91.56398154663458,23.788019873517953],[91.5509609310582,23.909348547836156],[91.53107999114587,23.91203055011056],[91.53962039491103,23.935913141792142],[91.53009994481216,23.935019141034008],[91.518759408665,23.95315458498473],[91.52155954104703,23.966181453174684],[91.49677836946617,24.00372948501632],[91.49215815103584,24.043959519132358],[91.4698970985988,24.061584105507002],[91.4864178796527,24.09708870704433],[91.49523829665605,24.08495583961251],[91.53976040153013,24.073206115362744],[91.58092234754577,24.07435554490892],[91.59338293664575,24.08597755476466],[91.59086281750193,24.09645013507423],[91.60710358531763,24.091469273707485],[91.63076470394567,24.10309128356323],[91.63916510109172,24.170652197999367],[91.65638591524112,24.18546706770559],[91.64686546514227,24.21739566621038],[91.66324623957706,24.231827392734548],[91.68256715301297,24.162350762388122],[91.69922794068597,24.161839904812044],[91.72638922479155,24.14115017298094],[91.75481056846901,24.141788744951036]]]}},{"type":"Feature","properties":{"district":"West Tripura","dt_code":"289","st_nm":"Tripura","st_code":"16","year":"2011_c"},"geometry":{"type":"Polygon","coordinates":[[[91.56384154001547,23.78789215912393],[91.56342152015817,23.78993558942824],[91.50615881294593,23.75443098789091],[91.47395729055273,23.7470235530378],[91.44091572844493,23.75162127122249],[91.43573548353821,23.76681928411077],[91.38855325290123,23.772311003053595],[91.38659316023382,23.749066983342107],[91.37077241227541,23.744852408339476],[91.3177099036362,23.76209385153206],[91.31364971168227,23.721608388627985],[91.29656890415198,23.744852408339476],[91.27654795762055,23.723013246962196],[91.24322638227456,23.740254690154785],[91.22628558136336,23.7316978257555],[91.22796566079256,23.79261759170264],[91.24770659408578,23.82978248036222],[91.21942525702741,23.879207950847636],[91.22110533645663,23.892745676613664],[91.24308637565545,23.903473685711276],[91.23286589246109,23.919948842539746],[91.26856758033182,23.923397131178266],[91.25736705080374,23.94268200467516],[91.26156724937677,23.953793156954827],[91.28018812971717,23.9822734668211],[91.2838283018138,23.967841740296933],[91.29306873867446,23.971290028935453],[91.3003490828677,23.99734376531536],[91.37931281604057,23.97461060317995],[91.37329253141924,24.00232462668211],[91.39695365004728,24.047280093376855],[91.37833276970687,24.079080977487624],[91.37581265056305,24.105517857049595],[91.40297393466861,24.109732432052226],[91.43013521877417,24.106922715383803],[91.43797558944382,24.09376813279983],[91.43783558282472,24.10117556765294],[91.48067760826957,24.093257275223753],[91.4698970985988,24.061584105507002],[91.49215815103584,24.043959519132358],[91.49677836946617,24.00372948501632],[91.52155954104703,23.966181453174684],[91.518759408665,23.95315458498473],[91.53009994481216,23.935019141034008],[91.53962039491103,23.935913141792142],[91.53107999114587,23.91203055011056],[91.5509609310582,23.909348547836156],[91.56398154663458,23.788019873517953],[91.56384154001547,23.78789215912393]]]}},{"type":"Feature","properties":{"district":"South Tripura","dt_code":"290","st_nm":"Tripura","st_code":"16","year":"2011_c"},"geometry":{"type":"Polygon","coordinates":[[[91.31952998968451,23.277290011835316],[91.334090678071,23.278567155775505],[91.349351399553,23.28597459062862],[91.36013190922375,23.294403740633882],[91.37259249832373,23.30858003837001],[91.37777274323047,23.323650336864272],[91.38757320656752,23.32556605277456],[91.38757320656752,23.355706649763082],[91.40507403395512,23.368478089165],[91.42005474219891,23.37473609447194],[91.42649504667756,23.37741809674634],[91.44119574168315,23.36822266037696],[91.45435636387862,23.368478089165],[91.45659646978423,23.379589241444666],[91.45953660878536,23.393126967210698],[91.46009663526175,23.396064398273136],[91.55404107667842,23.407175550552804],[91.57518207616263,23.383803816447298],[91.59828316831428,23.3864858187217],[91.60696357869853,23.403854976308306],[91.60766361179404,23.40359954752027],[91.63664498194791,23.352130646730544],[91.6685664911029,23.356728364915234],[91.72596920493423,23.313944042918816],[91.7193888938365,23.289678308055173],[91.74192995951174,23.263624571675265],[91.74262999260723,23.26285828531115],[91.75929078028024,23.266689717131726],[91.77693161428694,23.269754862588183],[91.77693161428694,23.243701126208276],[91.79149230267342,23.226587397409705],[91.78911219014871,23.204365092850374],[91.81445338820596,23.14497789963146],[91.81347334187225,23.0992561465726],[91.83517436783288,23.0932535700537],[91.8057729778217,23.063240687459196],[91.77441149514313,23.069626407160154],[91.78029177314536,23.02901322986206],[91.76895123699819,23.0412738116879],[91.7718913759993,23.033100090470672],[91.71966890707469,22.98750605180583],[91.69390768916014,22.988144623775927],[91.68424723244219,22.9772889002843],[91.65148568357259,22.976267185132144],[91.64560540557036,22.98469633513741],[91.6194241677985,22.939230010866588],[91.60878366474684,22.95723774042329],[91.59982324112438,22.954683452542906],[91.61340388317717,22.95902574193956],[91.60598353236482,22.97218032452353],[91.58974276454913,22.976778042708222],[91.57630212911545,22.965666890428555],[91.55726122891772,22.97856604422449],[91.55698121567953,22.996701488175212],[91.54228052067394,22.999638919237654],[91.54816079867618,23.019306935916603],[91.53836033533912,23.019306935916603],[91.55026089796269,23.038591809413496],[91.53037995805037,23.03833638062546],[91.52967992495486,23.09184871171949],[91.51119905123356,23.104237007939346],[91.5174993490931,23.125565311740548],[91.50307866732571,23.130546173107295],[91.51525924318747,23.145105614025482],[91.49859845551448,23.142679040539115],[91.50713885927964,23.15442876478888],[91.49103809808304,23.157749339033376],[91.49817843565718,23.171670207981467],[91.49159812455943,23.177672784500366],[91.50741887251783,23.183803075413287],[91.50307866732571,23.19223222541855],[91.47073713831341,23.196574514815204],[91.48263770093699,23.20015051784774],[91.47521735012464,23.220584820890807],[91.4504361785438,23.219307676950613],[91.47017711183702,23.2278645413499],[91.45771652273703,23.24612769969464],[91.44385586744605,23.246638557270714],[91.45407635064042,23.260559426218805],[91.4182346561506,23.25557856485206],[91.41949471572251,23.27333086562072],[91.40871420605174,23.285336018658523],[91.41123432519557,23.255833993640096],[91.4003138089057,23.26579571637359],[91.39723366328548,23.256344851216173],[91.40857419943265,23.24766027242287],[91.39247343823605,23.24599998530062],[91.4008738353821,23.22926939968411],[91.3863131469956,23.22760911256186],[91.39191341175965,23.22007396331473],[91.38085288885068,23.208707382247024],[91.38757320656752,23.20794109588291],[91.37973283589787,23.18469707617142],[91.40325394790682,23.113687873096765],[91.4000337956675,23.0965741442982],[91.417394616436,23.083036418532167],[91.4158545436259,23.06285754427714],[91.39569359047536,23.056088681394122],[91.36979236594172,23.070520407918288],[91.34683128040918,23.10232129202906],[91.3329706251182,23.153023906454667],[91.32317016178114,23.158260196609454],[91.3185499433508,23.24446741257239],[91.32653032063956,23.25238570500158],[91.31798991687441,23.253151991365694],[91.30986953296656,23.2765237254712],[91.31952998968451,23.277290011835316]]]}},{"type":"Feature","properties":{"district":"Unokoti","dt_code":"710","st_nm":"Tripura","st_code":"16","year":"update2014"},"geometry":{"type":"Polygon","coordinates":[[[92.07010547468408,24.37665551555228],[92.06254511725264,24.312415175360638],[92.06884541511218,24.303858310961356],[92.06828538863577,24.270652568516372],[92.09712675217054,24.264011420027376],[92.10370706326829,24.23770225485943],[92.13184839370756,24.21931138212067],[92.1381486915671,24.19185278740655],[92.16222983005244,24.20245308211014],[92.16460994257714,24.202580796504158],[92.17217030000859,24.19006478589028],[92.20381179592539,24.18214649346109],[92.20339177606807,24.16860876769506],[92.20227172311527,24.157497615415394],[92.14528902914122,24.117012152511318],[92.16685004848276,24.102452711593134],[92.16502996243445,24.095172991134042],[92.14276890999741,24.04076665928188],[92.13436851285137,24.032337509276612],[92.12218793698959,24.038340085795515],[92.11042738098513,24.023780644877327],[92.11434756631995,24.00500662895651],[92.11574763251096,23.998493194861535],[92.11252748027164,23.9942786198589],[92.08508618292788,23.989680901674213],[92.08704627559528,24.016500924418235],[92.08676626235709,24.016628638812254],[92.0736056401616,24.02237578654312],[92.05946497163242,24.028761506244077],[92.0734656335425,24.095683848710117],[92.05064455462907,24.10015385250079],[92.03020358824034,24.090447558555333],[92.0069624894696,24.09964299492471],[92.00192225118198,24.075121831273034],[91.99310183417863,24.08176297976203],[91.96846066921688,24.060051532778772],[91.96958072216968,24.075760403243127],[91.92393856434282,24.107816716141937],[91.92309852462822,24.10909386008213],[91.91007790905184,24.14102245858692],[91.94227943144503,24.263117419269243],[91.92225848491361,24.33795805416447],[91.96006027207083,24.358775500389594],[91.97672105974382,24.331827763251553],[91.99380186727413,24.32889033218911],[91.9718208280753,24.383041235253238],[91.9883416091292,24.380231518584814],[92.00108221146738,24.395174102685058],[92.00794253580332,24.38419066479941],[92.07010547468408,24.37665551555228]]]}},{"type":"Feature","properties":{"district":"Charaideo","dt_code":"755","st_nm":"Assam","st_code":"18","year":"2015_c"},"geometry":{"type":"Polygon","coordinates":[[[94.83551621516375,27.09211896118774],[94.83719629459296,27.097355251342528],[94.89137885618499,27.162234163504262],[94.96852250330954,27.224431073391596],[94.98448325788704,27.168492168811202],[94.9783229666466,27.147930151374116],[95.04888630267342,27.15533758622723],[95.06512707048913,27.13554185515426],[95.1127293209834,27.136308141518374],[95.11510943350812,27.127112705148992],[95.11622948646092,27.136052712730333],[95.12392985051147,27.130177850605453],[95.13597041975414,27.13860700061072],[95.15319123390354,27.124175274086554],[95.15431128685636,27.136180427124355],[95.16201165090689,27.12775127711909],[95.17041204805295,27.144865005917655],[95.1799324981518,27.141927574855217],[95.18357267024842,27.163000449868377],[95.19477319977649,27.15508215743919],[95.1949132063956,27.15508215743919],[95.2128340536405,27.16593788093082],[95.2111539742113,27.174239316542064],[95.21983438459554,27.165043880172686],[95.23761522522135,27.169769312751395],[95.23761522522135,27.169897027145414],[95.23691519212585,27.18969275821838],[95.23705519874494,27.18969275821838],[95.25455602613255,27.1931410468569],[95.25763617175276,27.18407332488154],[95.26953673437635,27.19007590140044],[95.28395741614372,27.19748333625355],[95.28633752866844,27.19633390670738],[95.31405883925041,27.183562467305464],[95.32791949454139,27.186244469579865],[95.33715993140204,27.1838178960935],[95.35620083159975,27.168236740023165],[95.35830093088626,27.16593788093082],[95.36838140746153,27.109871261956407],[95.29179778681338,27.06657608238391],[95.26113633723028,27.03285948236285],[95.25889623132468,27.030432908876485],[95.2462956356056,27.023919474781508],[95.23187495383821,27.042693490702327],[95.21059394773489,27.028644907360217],[95.19547323287199,27.035030627061175],[95.19351314020459,27.03579691342529],[95.19351314020459,27.03579691342529],[95.19337313358548,27.03579691342529],[95.1118892812688,26.98075200960303],[95.10166879807444,26.961850279288196],[95.01668478028023,26.921109387596083],[94.98252316521963,26.913063380772876],[94.9611021524972,26.937201401242497],[94.95872203997249,26.936818258060438],[94.93072071615232,26.932603683057806],[94.92400039843548,26.948567982310202],[94.94178123906129,26.959423705801832],[94.93898110667926,26.987265443698007],[94.9266605241984,26.99326802021691],[94.90061929304564,26.983689440665472],[94.9097197232872,26.969513142929344],[94.84811681088283,26.92928310881331],[94.75669248860999,26.922641960324313],[94.73373140307746,26.932603683057806],[94.78707392495487,26.996844023249444],[94.80947498401099,26.99160773309466],[94.80597481853349,26.997738024007578],[94.82991595039972,27.01638432553438],[94.82487571211209,27.057125217226492],[94.83677627473566,27.091863532399703],[94.83551621516375,27.09211896118774]]]}},{"type":"Feature","properties":{"district":"Majuli","dt_code":"760","st_nm":"Assam","st_code":"18","year":"2016_c"},"geometry":{"type":"Polygon","coordinates":[[[94.56376336748903,27.18126360821312],[94.59302475088111,27.14563129228177],[94.54430244743402,27.07692094829946],[94.50174043522736,27.039883774033903],[94.4754191908364,27.030943766452562],[94.46015846935441,26.995311450521214],[94.39561541794893,26.95495370201116],[94.39533540471074,26.95482598761714],[94.39533540471074,26.954698273223123],[94.39715549075905,26.950866841402547],[94.37993467660964,26.92762282169106],[94.3727943390355,26.917916527745604],[94.36705406765236,26.913063380772876],[94.32141190982549,26.88036849590397],[94.31217147296483,26.87845277999368],[94.3047511221525,26.909487377740337],[94.25364870618068,26.908210233800144],[94.20912660130662,26.926473392144885],[94.19274582687183,26.91204166562072],[94.12848278870455,26.89237364894177],[93.99967669913178,26.86670305574392],[93.99827663294077,26.871811631504684],[93.97335545474081,26.873344204232914],[93.95669466706782,26.89211822015373],[93.96733517011948,26.907060804253973],[93.96299496492736,26.924302247446562],[93.97363546797902,26.922641960324313],[93.97559556064644,26.92417453305254],[93.99659655351155,26.942309977003262],[94.02179774494971,26.93234825426977],[94.02291779790252,26.93183739669369],[94.02291779790252,26.932475968663788],[94.02403785085532,26.951122270190584],[94.02431786409352,26.955847702769294],[94.02585793690363,26.957507989891543],[94.05973953872603,26.98266772551332],[94.06001955196423,26.98279543990734],[94.08004049849566,26.959934563377907],[94.08298063749677,26.960317706559966],[94.13436306670678,26.969002285353266],[94.13394304684948,26.988287158850163],[94.18574549591679,27.003485171738443],[94.1889656481561,27.004506886890596],[94.18756558196509,27.035286055849213],[94.22382729631221,27.031837767210696],[94.23432779274478,27.071684658144676],[94.2547687591335,27.088287529367168],[94.27884989761884,27.095056392250182],[94.31217147296483,27.07104608617458],[94.3228119760165,27.08790438618511],[94.3394727636895,27.08202952406023],[94.36971419341528,27.09876010967674],[94.41871651010058,27.093012961945877],[94.43397723158256,27.118938983931766],[94.46799884002407,27.11370269377698],[94.47947938279033,27.138862429398756],[94.50706068675319,27.12149327181215],[94.51070085884982,27.142183003643254],[94.53324192452506,27.147802436980097],[94.52652160680822,27.162106449110244],[94.53058179876214,27.164533022596608],[94.56376336748903,27.18126360821312]]]}},{"type":"Feature","properties":{"district":"Biswanath","dt_code":"756","st_nm":"Assam","st_code":"18","year":"2015_c"},"geometry":{"type":"Polygon","coordinates":[[[93.3984882767128,26.957380275497524],[93.44875065296999,26.950866841402547],[93.46933162597782,26.937584544424553],[93.47059168554972,26.93669054366642],[93.47395184440815,26.937201401242497],[93.66142070738417,26.967980570201114],[93.66492087286169,26.96861914217121],[93.67654142224706,26.97909172248078],[93.69768242173127,26.994289735369062],[93.69782242835038,26.994162020975043],[93.74388460603456,26.95801884746762],[93.74906485094128,26.91395738153101],[93.73954440084242,26.898503939854688],[93.78056634023898,26.88573250045277],[93.78224641966818,26.881007067874062],[93.78882673076592,26.86031733604296],[93.78910674400413,26.859295620890805],[93.76992583718732,26.84473617997262],[93.7510249436087,26.80361214509845],[93.71238311673687,26.81600044131831],[93.68942203120433,26.79748185418553],[93.67038113100662,26.800930142824047],[93.64868010504598,26.788030989028112],[93.64924013152239,26.757507248857532],[93.67052113762571,26.71204092458671],[93.6509202109516,26.70616606246183],[93.57489661677985,26.719192930651783],[93.53765485609902,26.750482957186478],[93.50419327413393,26.756996391281454],[93.39638817742627,26.750610671580496],[93.38476762804092,26.746906954153943],[93.35676630422074,26.73771151778456],[93.35242609902862,26.73630665945035],[93.35130604607582,26.734774086722123],[93.33100508630619,26.70872035034221],[93.30398380881974,26.700291200336945],[93.30566388824894,26.69824777003264],[93.2969834778647,26.694799481394124],[93.24168086331986,26.683816043508475],[93.21983983074013,26.630942284384542],[93.15291666680993,26.59875825709171],[93.14423625642569,26.59454368208908],[93.12337527017965,26.659550308644835],[93.10377434350553,26.6953103389702],[93.08403341021233,26.701696058671157],[93.08725356245165,26.712296353374747],[93.06807265563484,26.746651525365902],[93.07451296011347,26.76823525795514],[93.05785217244046,26.803101287522374],[93.0641524703,26.82225844662525],[93.04329148405398,26.850738756491523],[93.06121233129889,26.87245020347478],[93.06163235115619,26.922131102748235],[93.06163235115619,26.922131102748235],[93.08809360216625,26.914468239107084],[93.10727450898307,26.925834820174792],[93.28690300128943,26.954315130041063],[93.37230703894093,26.95661398913341],[93.3986282833319,26.957252561103505],[93.3984882767128,26.957380275497524]]]}},{"type":"Feature","properties":{"district":"Hojai","dt_code":"757","st_nm":"Assam","st_code":"18","year":"2015_c"},"geometry":{"type":"Polygon","coordinates":[[[92.75333777589616,26.05482265296409],[92.75669793475457,26.06159151584711],[92.75809800094558,26.061719230241128],[92.75739796785008,26.062996374181317],[92.75263774280066,26.07206409615668],[92.75095766337144,26.075512384795196],[92.75067765013324,26.075384670401178],[92.73233678303103,26.071297809792565],[92.73919710736698,26.08572953631673],[92.72995667050631,26.089560968137306],[92.74115720003438,26.10092754920501],[92.72309634617037,26.100799834810992],[92.73205676979282,26.115359275729176],[92.70377543273446,26.12519328406865],[92.70587553202097,26.142179298473202],[92.72253631969397,26.150863877266502],[92.75137768322874,26.14192386968516],[92.75165769646694,26.14230701286722],[92.7617381730422,26.157121882573442],[92.75585789503997,26.17921647273876],[92.77839896071521,26.186879336379906],[92.77629886142869,26.199523061387804],[92.80192007272414,26.20182192048015],[92.80192007272414,26.20182192048015],[92.80472020510616,26.20182192048015],[92.93940657268116,26.202460492450246],[92.95606736035415,26.174235611372012],[92.93128618877331,26.15124702044856],[92.93408632115533,26.136559865136356],[92.95466729416316,26.140646725744972],[93.03587113324164,26.10846269845214],[93.03993132519557,26.08738982343898],[93.05589207977306,26.088156109803094],[93.05953225186968,26.07959924540381],[93.10839456193587,26.078194387069598],[93.09341385369208,26.033111205980834],[93.12715544889538,26.03106777567653],[93.15823691833576,25.995307745351163],[93.15865693819308,25.961591145330104],[93.17349763981775,25.952395708960722],[93.18301808991662,25.903225667263346],[93.24014079050976,25.84703133389491],[93.24140085008166,25.841411900558068],[93.24574105527378,25.805268727050645],[93.2468611082266,25.786877854311886],[93.22712017493338,25.765421836116666],[93.22656014845697,25.72672437472886],[93.14269618361557,25.718550653511635],[93.14857646161781,25.734004095187952],[93.14549631599759,25.73591981109824],[93.1463363557122,25.738474098978624],[93.12575538270437,25.748691250500155],[93.1295355614201,25.760951832325997],[93.09873410521791,25.77704384597241],[93.09873410521791,25.776916131578393],[93.0984540919797,25.77704384597241],[93.06821266225393,25.767465266420974],[93.06807265563484,25.767465266420974],[93.06443248353821,25.77512813006212],[93.07381292701797,25.779087276276716],[93.07143281449325,25.78074756339897],[93.03083089495401,25.81088816038749],[93.0285907890484,25.812676161903756],[92.98224859812602,25.875383929367167],[92.86814320355884,25.868359637696113],[92.84756223055102,25.90399195362746],[92.85372252179145,25.92365997030641],[92.85414254164876,25.924937114246603],[92.83426160173644,25.9135705331789],[92.81774082068253,25.92391539909445],[92.81648076111063,25.923404541518373],[92.80822037058368,25.92085025363799],[92.80122003962865,25.918679108939664],[92.79001951010056,25.938091696830575],[92.7943597152927,25.956354855175316],[92.80009998667583,25.95712114153943],[92.80696031101178,25.956610283963354],[92.80528023158257,25.95763199911551],[92.7942197086736,25.964528576392542],[92.77559882833319,25.94830884835211],[92.76271821937591,25.96044171578393],[92.76957854371184,25.97576744306623],[92.7621581928995,25.984196593071495],[92.77055859004555,25.98917745443824],[92.7592180538984,25.99122088474255],[92.7790989938107,25.99594631732126],[92.75711795461187,26.002587465810254],[92.78259915928822,26.009867186269346],[92.78203913281183,26.009994900663365],[92.75893804066018,26.014209475665997],[92.75907804727929,26.014464904454037],[92.76523833851972,26.028768916584184],[92.76495832528153,26.028896630978203],[92.76509833190062,26.02915205976624],[92.74647745156021,26.039496925681792],[92.75487784870626,26.05380093781194],[92.75333777589616,26.05482265296409]]]}},{"type":"Feature","properties":{"district":"South Salmara Mancachar","dt_code":"758","st_nm":"Assam","st_code":"18","year":"2015_c"},"geometry":{"type":"Polygon","coordinates":[[[89.84316019126622,25.882919078614297],[89.87648176661222,25.87908764679372],[89.89790277933466,25.900415950594923],[89.93038431496603,25.906290812719806],[89.93738464592109,25.924681685458566],[89.94900519530646,25.925064828640622],[89.94522501659073,25.94996913547436],[89.97210628745809,25.975384299884173],[90.01942852471417,26.002332037022217],[90.0562502655377,26.000544035505946],[90.08257150992864,26.040518640833945],[90.13143381999484,26.054184080993995],[90.1416543031892,26.053034651447824],[90.17847604401271,26.048181504475096],[90.17077567996218,26.043966929472464],[90.19737693759133,26.02595919991576],[90.18351628230035,26.008845471117194],[90.18757647425427,26.001438036264084],[90.1420743230465,25.982408591555227],[90.12891370085103,25.966444292302832],[90.11981327060947,25.969509437759292],[90.11967326399036,25.968998580183214],[90.11659311837015,25.95929228623776],[90.1223333897533,25.95878142866168],[90.11673312498925,25.95724885593345],[90.10553259546118,25.948564277140147],[90.0920919600275,25.938219411224594],[90.08621168202527,25.919573109697797],[90.06045046411072,25.9135705331789],[90.04238961024672,25.887772225587025],[90.0251687960973,25.89581823241023],[90.02054857766697,25.89198680058966],[90.01214818052092,25.885090223312623],[90.00808798856701,25.881641934674107],[90.00836800180521,25.881386505886066],[90.01830847176137,25.872318783910707],[90.0226486769535,25.868231923302094],[90.02250867033439,25.86567763542171],[90.01550833937935,25.855843627082233],[90.00346777013668,25.839368470253763],[89.97098623450529,25.82646931645783],[89.96384589693113,25.833110464946824],[89.96188580426373,25.820339025544907],[89.95404543359408,25.82136074069706],[89.9576856056907,25.82915131873223],[89.94816515559185,25.825575315699695],[89.95922567850081,25.779981277034853],[89.93514454001547,25.75456611262504],[89.93724463930198,25.745370676255657],[89.93584457311097,25.744476675497523],[89.924784050202,25.73872952776666],[89.91442356038854,25.740645243676948],[89.89468262709534,25.74511524746762],[89.89482263371443,25.744348961103505],[89.89510264695264,25.743327245951352],[89.89902283228746,25.726468945940823],[89.91386353391215,25.711015504264502],[89.94438497687612,25.67934233454775],[89.94914520192555,25.657247744382435],[89.95026525487836,25.6563537436243],[89.98316681036705,25.626851718605874],[90.00402779661309,25.626851718605874],[90.01746843204677,25.607949988291036],[90.01998855119058,25.607311416320943],[90.00290774366027,25.585472254943664],[89.98316681036705,25.59096397388649],[89.98274679050975,25.591091688280507],[89.97210628745809,25.57359481629988],[89.87788183280323,25.54932908143624],[89.87704179308862,25.549073652648204],[89.86794136284706,25.524297060208486],[89.88348209756727,25.519188484447717],[89.88586221009197,25.50794961777403],[89.87284159451559,25.507566474591975],[89.87158153494369,25.47742587760345],[89.85128057517407,25.466314725323784],[89.86024099879653,25.51740048293145],[89.85142058179318,25.53885650112667],[89.86598127017966,25.546136221585762],[89.88236204461445,25.617273139054436],[89.87088150184819,25.66273946332526],[89.84652035012465,25.695689776982203],[89.84932048250666,25.715102364873115],[89.83503980735837,25.71586865123723],[89.82677941683143,25.7329823800358],[89.84120009859882,25.760696403537956],[89.82747944992693,25.80807844371907],[89.81669894025617,25.814847306602083],[89.83517981397748,25.840390185405916],[89.83321972131006,25.871169354364536],[89.84316019126622,25.882919078614297]]]}},{"type":"Feature","properties":{"district":"Karbi Anglong","dt_code":"314","st_nm":"Assam","st_code":"18","year":"2011_c"},"geometry":{"type":"Polygon","coordinates":[[[93.297403497722,26.57462023662209],[93.32596484801857,26.584837388143622],[93.40282848190492,26.580111955564913],[93.39736822376,26.57142737677161],[93.40870875990716,26.569128517679264],[93.45687103687784,26.5760250949563],[93.4647114075475,26.585859103295775],[93.45533096406774,26.571938234347687],[93.46373136121379,26.569256232073286],[93.49159267841485,26.58700853284195],[93.46989165245422,26.59160625102664],[93.47801203636207,26.603100546488363],[93.49551286374967,26.61114655331157],[93.50951352565976,26.593394252542907],[93.52365419418894,26.593649681330945],[93.55333559743832,26.612551411645782],[93.5860971463079,26.60361140406444],[93.58973731840453,26.570788804801516],[93.61087831788876,26.57755766768453],[93.616758595891,26.565935657828785],[93.63159929751569,26.595437682847212],[93.63187931075389,26.59594854042329],[93.6328593570876,26.59607625481731],[93.64700002561678,26.598375113909654],[93.7013225938279,26.607315121490995],[93.70832292478295,26.604249976034534],[93.72260359993123,26.5979919707276],[93.7520049899424,26.58509281693166],[93.7521449965615,26.58496510253764],[93.7522850031806,26.58496510253764],[93.74192451336714,26.561465654038116],[93.73170403017278,26.53783849114457],[93.75592517527723,26.529026197957247],[93.7513049568469,26.51829818885964],[93.79442699552996,26.44013697971991],[93.78308645938279,26.43860440699168],[93.79386696905355,26.428514969864167],[93.78210641304908,26.416382102432344],[93.79904721396028,26.408719238791196],[93.77482606885584,26.38394264635148],[93.79400697567266,26.37589663952827],[93.82676852454225,26.417786960766556],[93.86555035803318,26.388923507718225],[93.88389122513539,26.391988653174685],[93.88109109275337,26.372576065283774],[93.89411170832975,26.37180977891966],[93.8859913244219,26.354312906939033],[93.88907147004213,26.346266900115825],[93.88193113246797,26.34562832814573],[93.88165111922977,26.344989756175632],[93.89383169509155,26.315487731157205],[93.8854312979455,26.318552876613666],[93.8850112780882,26.31050686979046],[93.87381074856012,26.309740583426343],[93.88235115232527,26.30424886448352],[93.8850112780882,26.30258857736127],[93.86849049703429,26.294414856144044],[93.88109109275337,26.27359740991892],[93.870870609559,26.275513125829207],[93.86471031831857,26.24588338641676],[93.84776951740737,26.24128566823207],[93.86457031169947,26.23528309171317],[93.8515496961231,26.21561507503422],[93.84048917321412,26.217786219732545],[93.83796905407031,26.194542200021058],[93.82900863044786,26.196330201537325],[93.8351689216883,26.17589589849426],[93.82158827963552,26.17244760985574],[93.83110872973437,26.136815293924396],[93.8183681273962,26.136943008318415],[93.82802858411415,26.127747571949033],[93.80646756477262,26.10246012193324],[93.81416792882317,26.090838112077495],[93.80492749196252,26.0935201143519],[93.80590753829622,26.071297809792565],[93.79666710143556,26.071170095398546],[93.80534751181982,26.064528946909547],[93.79456700214905,26.06120837266505],[93.79736713453107,26.052396079477727],[93.78700664471761,26.054311795388017],[93.79498702200635,26.04166807038012],[93.78000631376257,26.03962464007581],[93.79960724043669,26.031323204464567],[93.78112636671537,26.00782375596504],[93.80072729338949,26.002204322628195],[93.79498702200635,25.992625743076758],[93.79820717424568,25.988283453680108],[93.8035274257715,25.98074830443298],[93.80422745886702,25.979982018068863],[93.78070634685807,25.98138687640307],[93.77664615490414,25.968743151395177],[93.77566610857045,25.968743151395177],[93.77552610195134,25.968487722607136],[93.77342600266482,25.968870865789196],[93.76544562537609,25.968998580183214],[93.7678257379008,25.951118565020533],[93.76740571804349,25.95099085062651],[93.76740571804349,25.950607707444455],[93.75634519513453,25.94677627562388],[93.74542467884466,25.942561700621248],[93.7511649502278,25.93285540667579],[93.68144165391558,25.904502811203535],[93.70202262692341,25.851629052079602],[93.71420320278517,25.844604760408547],[93.68816197163243,25.84600961874276],[93.668141025101,25.821871598273137],[93.64601997928307,25.822510170243234],[93.62459896656064,25.802714439170263],[93.6173186223674,25.776149845214277],[93.57769674916186,25.75456611262504],[93.5678962858248,25.758525258839633],[93.56145598134617,25.737835527008528],[93.54241508114845,25.73106666412551],[93.54101501495745,25.698882636832682],[93.52743437290466,25.691347487585553],[93.52239413461703,25.69773320728651],[93.51273367789908,25.675000045151098],[93.50279320794291,25.665166036811623],[93.49649291008338,25.654693456502052],[93.49005260560475,25.652394597409707],[93.45715105011604,25.64128344513004],[93.46065121559357,25.632598866336735],[93.46079122221266,25.632471151942717],[93.44427044115876,25.63975087240181],[93.42648960053296,25.63208800876066],[93.35858639026905,25.554693085985047],[93.34108556288146,25.558269089017582],[93.33716537754663,25.554820800379066],[93.32904499363877,25.54319879052332],[93.32764492744778,25.541283074613034],[93.32176464944554,25.53310935339581],[93.30244373600962,25.530427351121403],[93.30174370291412,25.530427351121403],[93.30146368967591,25.530299636727385],[93.29250326605347,25.544348220069494],[93.27038222023553,25.53132135187954],[93.27024221361643,25.53132135187954],[93.25834165099286,25.548818223860163],[93.20877930783116,25.54345421931136],[93.20835928797386,25.544220505675476],[93.17657778543797,25.592751975402756],[93.1795179244391,25.619444283752763],[93.19183850691996,25.63196029436664],[93.17825786486719,25.63975087240181],[93.17069750743573,25.661717748173107],[93.14269618361557,25.660951461808992],[93.14241617037737,25.660951461808992],[93.14199615052007,25.661845462567126],[93.13555584604143,25.677043475455406],[93.1316356607066,25.686494340612825],[93.13471580632682,25.695434348194166],[93.14269618361557,25.718550653511635],[93.22656014845697,25.72672437472886],[93.22712017493338,25.765421836116666],[93.2468611082266,25.786877854311886],[93.24574105527378,25.805268727050645],[93.24140085008166,25.841411900558068],[93.24014079050976,25.84703133389491],[93.18301808991662,25.903225667263346],[93.17349763981775,25.952395708960722],[93.15865693819308,25.961591145330104],[93.15823691833576,25.995307745351163],[93.12715544889538,26.03106777567653],[93.09341385369208,26.033111205980834],[93.10839456193587,26.078194387069598],[93.05953225186968,26.07959924540381],[93.05589207977306,26.088156109803094],[93.03993132519557,26.08738982343898],[93.03587113324164,26.10846269845214],[92.95466729416316,26.140646725744972],[92.93408632115533,26.136559865136356],[92.93128618877331,26.15124702044856],[92.95606736035415,26.174235611372012],[92.93940657268116,26.202460492450246],[92.80472020510616,26.20182192048015],[92.80192007272414,26.20182192048015],[92.80122003962865,26.20182192048015],[92.79365968219719,26.219446506854794],[92.81522070153872,26.21395478791197],[92.82712126416229,26.225065940191637],[92.81508069491963,26.232984232620826],[92.81396064196682,26.262486257639253],[92.84154194592968,26.283814561440455],[92.8440620650735,26.305015150847634],[92.8797637529442,26.283686847046432],[92.89222434204419,26.288412279625142],[92.89866464652282,26.30897429706223],[92.94262672492047,26.33043031525745],[92.93954657930027,26.35303576299884],[92.90972516943178,26.35290804860482],[92.90916514295537,26.35290804860482],[92.92582593062838,26.37896178498473],[92.90314485833404,26.38547521907971],[92.8957245075217,26.37908949937875],[92.88984422951947,26.374108638012004],[92.89838463328462,26.386241505443824],[92.89614452737901,26.385858362261764],[92.88200385884983,26.379983500136884],[92.88564403094644,26.38394264635148],[92.90188479876214,26.401311803938086],[92.92064568572165,26.391605509992626],[92.93814651310926,26.40373837742445],[92.94976706249463,26.39760808651153],[92.9786084260294,26.42046896304096],[93.01935035218774,26.42046896304096],[93.04371150391128,26.437199548657468],[93.05603208639215,26.428259541076127],[93.04959178191352,26.415998959250288],[93.06107232467978,26.41587124485627],[93.09173377426288,26.433495831230914],[93.06891269534944,26.43528383274718],[93.09929413169431,26.445756413056753],[93.09929413169431,26.439242978961776],[93.11777500541562,26.44166955244814],[93.10391435012464,26.448821558513213],[93.12841550846728,26.464147285795512],[93.11049466122238,26.47104386307255],[93.13625587913694,26.48432616005054],[93.12743546213358,26.480239299441926],[93.13303572689762,26.489562450205327],[93.12533536284707,26.495692741118248],[93.12449532313246,26.48304901611035],[93.09817407874151,26.472959578982834],[93.10811454869767,26.466957002463936],[93.10251428393363,26.4600604251869],[93.0645724901573,26.479345298683793],[93.09033370807185,26.49990731612088],[93.00870984913607,26.48113330020006],[93.0126300344709,26.50680389339791],[93.01277004109,26.50744246536801],[93.04833172234162,26.525833338106768],[93.04301147081577,26.53502877447615],[93.04315147743488,26.535156488870168],[93.04343149067309,26.535284203264187],[93.05995227172698,26.544607354027587],[93.08403341021233,26.54358563887543],[93.09173377426288,26.543202495693375],[93.10125422436172,26.54281935251132],[93.1117547207943,26.532602200989786],[93.11511487965271,26.530941913867537],[93.14157613066277,26.555463077519214],[93.15095657414253,26.546267641149836],[93.19127848044356,26.56695737298094],[93.20975935416487,26.55610164948931],[93.16103705071778,26.523917622196482],[93.19953887097051,26.5333684873539],[93.20975935416487,26.5147221858271],[93.20429909601994,26.50131217445509],[93.21731971159632,26.50744246536801],[93.2129795064042,26.529537055533325],[93.23328046617381,26.535667346446246],[93.2633818892805,26.52110790552806],[93.2633818892805,26.50884732370222],[93.28368284905011,26.51944761840581],[93.28424287552652,26.51970304719385],[93.28690300128943,26.514083613857007],[93.29082318662425,26.507570179762027],[93.28788304762314,26.520597047951984],[93.2639419157569,26.527365910834998],[93.27542245852317,26.533751630535956],[93.27346236585575,26.54511821160366],[93.25652156494455,26.53196362901969],[93.26268185618498,26.53783849114457],[93.2471411214648,26.544862782815624],[93.25652156494455,26.551120788122564],[93.23510055222212,26.552781075244813],[93.23580058531763,26.553547361608928],[93.2479811611794,26.5667019441929],[93.25078129356142,26.569639375255342],[93.25106130679961,26.569639375255342],[93.2815827497636,26.569000803285245],[93.297403497722,26.57462023662209]]]}},{"type":"Feature","properties":{"district":"West Karbi Anglong","dt_code":"759","st_nm":"Assam","st_code":"18","year":"2016_c"},"geometry":{"type":"Polygon","coordinates":[[[92.39548085747442,26.11357127421291],[92.39716093690363,26.113698988606927],[92.41312169148112,26.115486990123195],[92.41326169810023,26.115486990123195],[92.4414030285395,26.095563544656205],[92.45386361763947,26.115614704517213],[92.47892480245852,26.128897001495208],[92.48662516650907,26.149331304538272],[92.508746212327,26.141285297715065],[92.52218684776068,26.154950737875115],[92.52232685437977,26.155078452269137],[92.52890716547752,26.150863877266502],[92.51966672861687,26.102332407539222],[92.53646752290896,26.09645754541434],[92.54766805243703,26.110633843150467],[92.57048913135046,26.11663641966937],[92.57076914458867,26.115486990123195],[92.57468932992349,26.09479725829209],[92.59569032278861,26.080748674949984],[92.57944955497291,26.033238920374853],[92.5923301639302,26.022638625671263],[92.5938702367403,26.02136148173107],[92.56628893277744,26.01063347263346],[92.54598797300781,25.971552868063597],[92.55200825762915,25.965933434726754],[92.58868999183358,25.964017718816468],[92.59625034926502,25.978194016552592],[92.65547314914467,26.00016089232389],[92.65435309619187,26.019573480214802],[92.66695369191095,26.028385773402125],[92.71329588283331,26.018040907486572],[92.71399591592882,26.053034651447824],[92.71399591592882,26.053417794629883],[92.71427592916702,26.053545509023902],[92.73765703455686,26.05993122872486],[92.7431172927018,26.06146380145309],[92.74451735889281,26.060569800694953],[92.75333777589616,26.05482265296409],[92.75487784870626,26.05380093781194],[92.74647745156021,26.039496925681792],[92.76509833190062,26.02915205976624],[92.76495832528153,26.028896630978203],[92.76523833851972,26.028768916584184],[92.75907804727929,26.014464904454037],[92.75893804066018,26.014209475665997],[92.78203913281183,26.009994900663365],[92.78259915928822,26.009867186269346],[92.75711795461187,26.002587465810254],[92.7790989938107,25.99594631732126],[92.7592180538984,25.99122088474255],[92.77055859004555,25.98917745443824],[92.7621581928995,25.984196593071495],[92.76957854371184,25.97576744306623],[92.76271821937591,25.96044171578393],[92.77559882833319,25.94830884835211],[92.7942197086736,25.964528576392542],[92.80528023158257,25.95763199911551],[92.80696031101178,25.956610283963354],[92.80009998667583,25.95712114153943],[92.7943597152927,25.956354855175316],[92.79001951010056,25.938091696830575],[92.80122003962865,25.918679108939664],[92.80822037058368,25.92085025363799],[92.81648076111063,25.923404541518373],[92.81774082068253,25.92391539909445],[92.83426160173644,25.9135705331789],[92.85414254164876,25.924937114246603],[92.85372252179145,25.92365997030641],[92.84756223055102,25.90399195362746],[92.86814320355884,25.868359637696113],[92.98224859812602,25.875383929367167],[93.0285907890484,25.812676161903756],[93.03083089495401,25.81088816038749],[93.07143281449325,25.78074756339897],[93.07381292701797,25.779087276276716],[93.06443248353821,25.77512813006212],[93.05967225848877,25.773212414151836],[93.05785217244046,25.77448955809203],[93.01865031909223,25.801181866442032],[93.00324959099115,25.78649471112983],[93.00590971675406,25.825575315699695],[93.00632973661136,25.82646931645783],[93.00590971675406,25.826213887669788],[92.9809885385541,25.808589301295143],[92.98336865107882,25.78304642249131],[92.9805685186968,25.790453857344424],[92.96740789650133,25.78189699294514],[92.96558781045302,25.785345281583655],[92.95690740006876,25.80309758235232],[92.95634737359237,25.803991583110456],[92.9622276515946,25.81535816417816],[92.96348771116651,25.817784737664525],[92.9443068043497,25.80322529674634],[92.92848605639129,25.806801299778876],[92.92274578500816,25.772190698999683],[92.82096097292185,25.741411530041063],[92.82096097292185,25.741156101253026],[92.81382063534771,25.7023309254712],[92.7774189143815,25.67627718909129],[92.77461878199948,25.674233758786983],[92.78441924533654,25.664655179235545],[92.78819942405227,25.658269459534587],[92.76187817966131,25.63221572315468],[92.75865802742199,25.6290228633042],[92.75837801418379,25.62863972012214],[92.76733843780625,25.617783996630514],[92.75613790827816,25.61535742314415],[92.75445782884896,25.61522970875013],[92.75445782884896,25.61497427996209],[92.75431782222986,25.614846565568072],[92.74045716693888,25.595817120859216],[92.73373684922204,25.59351826176687],[92.70139532020974,25.59709426479941],[92.69495501573111,25.597860551163524],[92.6941149760165,25.597988265557543],[92.693414942921,25.59658340722333],[92.68263443325023,25.57665996175634],[92.66499359924353,25.57257310114773],[92.6607934006705,25.571679100389595],[92.6613534271469,25.57231767235969],[92.65687321533568,25.582407109487203],[92.65127295057164,25.58930368676424],[92.63573221585145,25.578958820848687],[92.62201156717957,25.565293380688637],[92.60521077288747,25.55865223219964],[92.59037007126278,25.552777370074757],[92.58434978664144,25.550478510982416],[92.57636940935271,25.556481087501314],[92.55662847605949,25.5710405284195],[92.55410835691566,25.614846565568072],[92.50552606008767,25.616379138296303],[92.47024439207426,25.67525547393914],[92.4405629888249,25.69173063076761],[92.44420316092152,25.719827797451824],[92.43104253872603,25.732216093671685],[92.41158161867102,25.730172663367377],[92.40654138038339,25.74473210428556],[92.38176020880255,25.742177816405178],[92.38428032794636,25.75456611262504],[92.33345792521276,25.724170086848478],[92.31119687277572,25.728001518669053],[92.26429465537694,25.709227502748234],[92.23433323888936,25.707694930020004],[92.22537281526691,25.71574093684321],[92.22467278217141,25.71586865123723],[92.17007020072208,25.66720946711593],[92.15228936009628,25.671424042118563],[92.1559295321929,25.677043475455406],[92.15508949247828,25.694923490618088],[92.14458899604573,25.716507223207326],[92.14416897618842,25.716890366389386],[92.14430898280753,25.717018080783404],[92.14416897618842,25.71727350957144],[92.16180981019514,25.742688673981256],[92.14766914166594,25.773084699757817],[92.15102930052437,25.816763022512372],[92.17749055153442,25.851629052079602],[92.17721053829622,25.872829641486785],[92.22551282188601,25.909228243782245],[92.20213171649617,25.906418527113825],[92.19443135244563,25.918551394545645],[92.17553045886702,25.907440242265977],[92.15466947262098,25.911271674086553],[92.15438945938278,25.911271674086553],[92.16082976386143,25.9282576884911],[92.15228936009628,25.944477416531534],[92.16418992271984,25.970403438517426],[92.17553045886702,25.9775554445825],[92.26345461566234,26.033238920374853],[92.26443466199603,26.057887798420552],[92.26443466199603,26.05852637039065],[92.2735350922376,26.06580609084974],[92.2913159328634,26.080110102979887],[92.29383605200722,26.082153533284192],[92.29593615129373,26.08253667646625],[92.3233774486375,26.08624039389281],[92.32981775311613,26.07678952873539],[92.3596391629846,26.09160439844161],[92.36285931522393,26.077555815099505],[92.39548085747442,26.11357127421291]]]}},{"type":"Feature","properties":{"district":"Kra Daadi","dt_code":"763","st_nm":"Arunachal Pradesh","st_code":"12","year":"2015_c"},"geometry":{"type":"Polygon","coordinates":[[[93.45673103025874,28.272327676318834],[93.47969211579128,28.281523112688216],[93.55473566362933,28.259045379340844],[93.56103596148887,28.260450237675055],[93.60317795383821,28.269517959650415],[93.61157835098426,28.2714336755607],[93.61185836422247,28.272072247530797],[93.62767911218086,28.30693827709803],[93.66030065443135,28.304639418005685],[93.67990158110547,28.32200857559229],[93.70202262692341,28.307959992250183],[93.76558563199518,28.26287681116142],[93.83992914673772,28.236950789175527],[93.84650945783547,28.20783190733916],[93.89257163551963,28.128776697441296],[93.87647087432305,28.120858405012108],[93.88081107951517,28.107831536822154],[93.8546298417433,28.081266942866165],[93.87479079489384,28.073220936042958],[93.87395075517922,28.05342520496999],[93.90965244304994,28.029414898894387],[93.91231256881285,28.012812027671895],[93.94101392572853,28.000423731452035],[93.94899430301727,27.980628000379067],[93.96173490535546,27.978839998862796],[93.94451409120605,27.96440827233863],[93.92645323734205,27.919708234431923],[93.88263116556348,27.90974651169843],[93.88347120527808,27.90067878972307],[93.92729327705665,27.88509763365273],[93.91091250262184,27.830691301800567],[93.89019152299493,27.820091007096977],[93.86457031169947,27.817409004822572],[93.7682457577581,27.789567266926397],[93.76768573128169,27.730052359313465],[93.70874294464025,27.686118607770872],[93.67654142224706,27.684841463830683],[93.57755674254275,27.617535978182584],[93.54311511424396,27.621750553185215],[93.51469377056648,27.650230863051487],[93.53751484947992,27.673858025945034],[93.5323346045732,27.722006352490258],[93.50951352565976,27.7429515131094],[93.59225743754835,27.833373304074968],[93.6017778876472,27.907575367000103],[93.58469708011691,27.905659651089817],[93.61857868193931,27.953552548847004],[93.58805723897532,27.977562854922606],[93.57013639173041,28.057256636790562],[93.50587335356313,28.069261789828364],[93.48585240703171,28.10336153303148],[93.46023119573627,28.11294011258292],[93.44693056692168,28.200424472486045],[93.45743106335425,28.272072247530797],[93.45673103025874,28.272327676318834]]]}},{"type":"Feature","properties":{"district":"Namsai","dt_code":"762","st_nm":"Arunachal Pradesh","st_code":"12","year":"2014_c"},"geometry":{"type":"Polygon","coordinates":[[[95.87422532227284,27.544227916015583],[95.86386483245937,27.543461629651468],[95.86078468683917,27.54320620086343],[95.81430248929769,27.574368513004107],[95.8155625488696,27.597229389533535],[95.81570255548868,27.598761962261765],[95.79134140376514,27.5996559630199],[95.78840126476403,27.603998252416552],[95.78000086761799,27.6209842668211],[95.79568160895727,27.641801713046224],[95.77034041090002,27.658021441086657],[95.77510063594946,27.67436888352111],[95.79036135743144,27.680243745645992],[95.767540278518,27.687395751711065],[95.7653001726124,27.714726632031166],[95.75493968279893,27.7249437835527],[95.76151999389667,27.727242642645045],[95.77454060947305,27.732095789617773],[95.77090043737643,27.729796930525428],[95.80478203919883,27.736054935832367],[96.02319236499613,27.8502316040855],[96.20786109559012,27.877434770011583],[96.27338419332932,27.787779265410126],[96.26092360422935,27.719452064609875],[96.2700240344709,27.6516357213857],[96.29200507366973,27.627880844098133],[96.28542476257199,27.595058244835208],[96.31160600034384,27.569898509213434],[96.30740580177081,27.566961078150992],[96.29396516633713,27.558659642539748],[96.22480189650133,27.568238222091185],[96.13267754113298,27.606424825902916],[96.12567721017794,27.619707122880907],[96.06141417201066,27.606424825902916],[96.00177135227369,27.55674392662946],[95.87408531565373,27.546909918289984],[95.87422532227284,27.54448334480362],[95.87422532227284,27.544227916015583]]]}},{"type":"Feature","properties":{"district":"Longding","dt_code":"761","st_nm":"Arunachal Pradesh","st_code":"12","year":"2012_c"},"geometry":{"type":"Polygon","coordinates":[[[95.36838140746153,27.109871261956407],[95.36922144717613,27.105145829377697],[95.37132154646264,27.093523819521952],[95.37636178475027,27.09684439376645],[95.37706181784577,27.095950393008316],[95.37454169870196,27.092757533157837],[95.38700228780193,27.084328383152574],[95.38882237385025,27.04473692100663],[95.36026102355368,27.03273176796883],[95.37720182446488,27.008849176287246],[95.36810139422333,26.935541114120248],[95.37902191051319,26.912680237590816],[95.39470265185248,26.901058227735074],[95.44048481629846,26.867213913319993],[95.50488786108484,26.876664778477412],[95.49648746393879,26.817788442834576],[95.50474785446573,26.792500992818784],[95.4823467954096,26.746396096577865],[95.45924570325796,26.74282009354533],[95.42690417424568,26.69786462685058],[95.37398167222557,26.684071472296512],[95.36026102355368,26.67091688971254],[95.33519983873462,26.67359889198694],[95.30341833619875,26.65086572985153],[95.25959626442018,26.6553357336422],[95.25735615851457,26.676153179867324],[95.23383504650562,26.68304975714436],[95.23285500017192,26.70578291927977],[95.21003392125849,26.72889922459724],[95.21647422573713,26.755591532947246],[95.24251545688988,26.782539270085287],[95.24167541717527,26.782794698873328],[95.20821383521017,26.795055280699167],[95.19729331892032,26.822641589807304],[95.20289358368434,26.84639646709487],[95.18091254448551,26.855975046646307],[95.20863385506748,26.882284211814255],[95.22809477512249,26.880751639086025],[95.23215496707641,26.90284622925134],[95.2300548677899,26.922641960324313],[95.20667376240007,26.941926833821206],[95.20205354396974,26.95801884746762],[95.21129398083039,26.966320283078865],[95.19155304753717,26.984838870211643],[95.19547323287199,27.035030627061175],[95.21059394773489,27.028644907360217],[95.23187495383821,27.042693490702327],[95.2462956356056,27.023919474781508],[95.25889623132468,27.030432908876485],[95.26113633723028,27.03285948236285],[95.29179778681338,27.06657608238391],[95.36838140746153,27.109871261956407]]]}},{"type":"Feature","properties":{"district":"Imphal East","dt_code":"278","st_nm":"Manipur","st_code":"14","year":"2011_c"},"geometry":{"type":"Polygon","coordinates":[[[93.94255399853864,24.71956866349373],[93.93415360139258,24.74766583017795],[93.93331356167798,24.75060326124039],[93.93331356167798,24.75098640442245],[93.94437408458694,24.800028731725806],[93.93373358153528,24.80833016733705],[93.93317355505889,24.80884102491313],[93.94605416401616,24.830935615078445],[93.91903288652969,24.85136991812151],[93.92309307848362,24.8586496385806],[93.89929195323649,24.858777352974624],[93.9188928799106,24.88023337116984],[93.90587226433422,24.881510515110033],[93.89705184733086,24.907691965883963],[93.91497269457577,24.9106293969464],[93.91189254895555,24.90002910224281],[93.93387358815438,24.89887967269664],[93.94997434935098,24.897985671938507],[93.96089486564085,24.914588543160995],[93.94717421696896,24.91880311816363],[93.96313497154645,24.92633826741076],[93.9519344420184,24.937577134084446],[93.95207444863749,24.938087991660524],[93.95907477959253,24.938215706054542],[93.96845522307228,24.937449419690427],[93.97713563345654,24.914843971949036],[93.98413596441158,24.923400836348318],[93.98525601736439,24.92467798028851],[93.98147583864866,24.94741114242392],[93.9536145214476,24.951370288638515],[93.9533345082094,24.965163443192587],[93.99169632184302,24.95379686212488],[93.98189585850596,24.96937801819522],[93.99519648732056,24.968356303043066],[94.00121677194188,24.9506040022744],[94.01255730808906,24.955840292429187],[94.01353735442277,24.956351150005265],[94.0205376853778,24.998624614425605],[93.99757659984526,24.994282325028955],[94.0195576390441,25.00437176215647],[94.01619748018567,25.044729510666524],[94.02669797661824,25.053414089459828],[94.02809804280925,25.023273492471304],[94.04769896948336,25.01356719852585],[94.03005813547665,25.011523768221544],[94.02921809576205,24.99939090078972],[94.04069863852831,25.004754905338526],[94.04965906215077,24.99517632578709],[94.03299827447778,24.992877466694743],[94.03089817519125,24.98585317502369],[94.04699893638787,24.981638600021057],[94.03033814871486,24.975891452290195],[94.02809804280925,24.963758584858375],[94.04181869148113,24.969505732589237],[94.03999860543281,24.95251971818469],[94.05581935339121,24.950220859092344],[94.04489883710134,24.94319656742129],[94.05903950563052,24.93681084772033],[94.05609936662941,24.8806165143519],[94.08480072354509,24.88674680526482],[94.08942094197542,24.901433960577023],[94.11994238493939,24.9199525477098],[94.1212024445113,24.93566141817416],[94.13464307994498,24.919186261345686],[94.10650174950571,24.878317655259554],[94.10104149136077,24.85303020524376],[94.0857807698788,24.848943344635146],[94.09922140531248,24.823145037043275],[94.0857807698788,24.81944131961672],[94.06799992925298,24.744983827903546],[94.0548393070575,24.740386109718855],[94.05973953872603,24.728380956681054],[94.05287921439009,24.723400095314307],[94.04993907538898,24.721228950615984],[94.06071958505974,24.71956866349373],[94.05287921439009,24.69377035590186],[94.0530192210092,24.69389807029588],[94.06547981010917,24.706158652121722],[94.07962047863835,24.68968349529325],[94.03257825462047,24.668738334674106],[94.02515790380812,24.674996339981046],[94.01087722865984,24.651113748299462],[94.01073722204075,24.651113748299462],[94.00177679841829,24.686618349836788],[93.97363546797902,24.666184046793724],[93.95809473325883,24.670526336190374],[93.95291448835209,24.684447205138465],[93.96257494507006,24.693131783931765],[93.94549413753975,24.709862369548276],[93.94255399853864,24.71956866349373]]]}},{"type":"Feature","properties":{"district":"Jiribam","dt_code":"766","st_nm":"Manipur","st_code":"14","year":"2016_c"},"geometry":{"type":"Polygon","coordinates":[[[93.17503771262787,24.79772987263346],[93.17657778543797,24.794664727177],[93.17545773248517,24.793770726418867],[93.17783784500989,24.792110439296618],[93.2323004198401,24.752646691544697],[93.22221994326485,24.721995236980096],[93.20065892392331,24.704498364999473],[93.20023890406601,24.704115221817414],[93.21143943359408,24.700922361966935],[93.21619965864352,24.699389789238705],[93.2149395990716,24.696707786964303],[93.20905932106936,24.688661780141096],[93.20443910263904,24.675379483163102],[93.20415908940083,24.674613196798987],[93.20415908940083,24.674485482404968],[93.20779926149746,24.67384691043487],[93.21829975793003,24.67167576573655],[93.21157944021319,24.66541776042961],[93.20807927473567,24.66222490057913],[93.20793926811656,24.66209718618511],[93.22193993002665,24.638980880867642],[93.20961934754577,24.627231156617878],[93.21689969173902,24.59351455659682],[93.20247900997163,24.586234836137727],[93.20541914897274,24.569121107339157],[93.19085846058626,24.57027053688533],[93.19029843410985,24.57039825127935],[93.1967387385885,24.563757102790355],[93.17713781191438,24.536043079288195],[93.12281524370326,24.553795380056858],[93.08781358892804,24.572441681583655],[93.09131375440556,24.57512368385806],[93.10419436336284,24.58253111871117],[93.10209426407633,24.583680548257345],[93.07815313221009,24.596835130841317],[93.07157282111234,24.600538848267874],[93.08417341683142,24.613693430851846],[93.07563301306627,24.624676868737495],[93.08711355583254,24.62978544449826],[93.08305336387862,24.649964318753288],[93.09523393974038,24.65290174981573],[93.10405435674375,24.67423005361693],[93.10377434350553,24.67435776801095],[93.09005369483366,24.67729519907339],[93.07339290716067,24.70794665363799],[93.08655352935614,24.70960694076024],[93.10741451560216,24.74115239608297],[93.10769452884037,24.74153553926503],[93.09873410521791,24.75366840669685],[93.09901411845611,24.759287840033693],[93.10937460826958,24.81152302718753],[93.12127517089314,24.819058176434662],[93.12057513779764,24.815865316584183],[93.11889505836842,24.808202452943032],[93.11875505174933,24.807819309760976],[93.13849598504254,24.81011816885332],[93.14913648809421,24.788023578688005],[93.14941650133241,24.787512721111927],[93.17503771262787,24.79772987263346]]]}},{"type":"Feature","properties":{"district":"Kangpokpi","dt_code":"767","st_nm":"Manipur","st_code":"14","year":"2016_c"},"geometry":{"type":"Polygon","coordinates":[[[94.16684460233817,24.926849124986838],[94.1560640926674,24.88380937420238],[94.1394033049944,24.87014393404233],[94.14654364256856,24.829403042350215],[94.13310300713488,24.80258301960619],[94.16054430447863,24.79492015596504],[94.17902517819994,24.76758927564494],[94.1720248472449,24.73387267562388],[94.18756558196509,24.715864946067178],[94.18224533043926,24.671420336948508],[94.19708603206395,24.654945180120038],[94.20030618430327,24.62544315510161],[94.1728648869595,24.63182887480257],[94.17034476781569,24.632467446772665],[94.16796465529097,24.63297830434874],[94.13506309980228,24.615864575550173],[94.1200823915585,24.625698583889648],[94.10972190174503,24.632722875560702],[94.09600125307315,24.665673189217646],[94.09502120673945,24.66822747709803],[94.09474119350125,24.668866049068125],[94.11504215327086,24.67703977028535],[94.11784228565288,24.688917208929134],[94.14220343737642,24.68942806650521],[94.11714225255737,24.699645218026745],[94.12764274898994,24.730168958197325],[94.11644221946187,24.70960694076024],[94.09768133250236,24.71522637409708],[94.1038416237428,24.709734655154257],[94.09040098830911,24.691982354385594],[94.09040098830911,24.691982354385594],[94.09040098830911,24.691854639991575],[94.08004049849566,24.68917263771717],[94.07962047863835,24.68968349529325],[94.06547981010917,24.706158652121722],[94.0530192210092,24.69389807029588],[94.05287921439009,24.69377035590186],[94.06071958505974,24.71956866349373],[94.04993907538898,24.721228950615984],[94.05287921439009,24.723400095314307],[94.05973953872603,24.728380956681054],[94.0548393070575,24.740386109718855],[94.06799992925298,24.744983827903546],[94.0857807698788,24.81944131961672],[94.09922140531248,24.823145037043275],[94.0857807698788,24.848943344635146],[94.10104149136077,24.85303020524376],[94.10650174950571,24.878317655259554],[94.13464307994498,24.919186261345686],[94.1212024445113,24.93566141817416],[94.11994238493939,24.9199525477098],[94.08942094197542,24.901433960577023],[94.08480072354509,24.88674680526482],[94.05609936662941,24.8806165143519],[94.05903950563052,24.93681084772033],[94.04489883710134,24.94319656742129],[94.05581935339121,24.950220859092344],[94.03999860543281,24.95251971818469],[94.04181869148113,24.969505732589237],[94.02809804280925,24.963758584858375],[94.03033814871486,24.975891452290195],[94.04699893638787,24.981638600021057],[94.03089817519125,24.98585317502369],[94.03299827447778,24.992877466694743],[94.04965906215077,24.99517632578709],[94.04069863852831,25.004754905338526],[94.02921809576205,24.99939090078972],[94.03005813547665,25.011523768221544],[94.04769896948336,25.01356719852585],[94.02809804280925,25.023273492471304],[94.02669797661824,25.053414089459828],[94.01619748018567,25.044729510666524],[94.0195576390441,25.00437176215647],[93.99757659984526,24.994282325028955],[94.0205376853778,24.998624614425605],[94.01353735442277,24.956351150005265],[94.01255730808906,24.955840292429187],[94.00121677194188,24.9506040022744],[93.99519648732056,24.968356303043066],[93.98189585850596,24.96937801819522],[93.99169632184302,24.95379686212488],[93.9533345082094,24.965163443192587],[93.9536145214476,24.951370288638515],[93.98147583864866,24.94741114242392],[93.98525601736439,24.92467798028851],[93.98413596441158,24.923400836348318],[93.97713563345654,24.914843971949036],[93.96845522307228,24.937449419690427],[93.95907477959253,24.938215706054542],[93.95207444863749,24.938087991660524],[93.9519344420184,24.937577134084446],[93.96313497154645,24.92633826741076],[93.94717421696896,24.91880311816363],[93.96089486564085,24.914588543160995],[93.94997434935098,24.897985671938507],[93.93387358815438,24.89887967269664],[93.91189254895555,24.90002910224281],[93.91497269457577,24.9106293969464],[93.91581273429037,24.913311399220806],[93.93177348886788,24.96759001667895],[93.9197329196252,24.962736869706223],[93.90825237685894,24.929147984079183],[93.90825237685894,24.92902026968516],[93.90769235038253,24.929147984079183],[93.8866913575174,24.939620564388754],[93.8865513508983,24.939748278782773],[93.8868313641365,24.94013142196483],[93.91413265486116,24.970655162135408],[93.91315260852747,24.971421448499523],[93.90895240995444,24.974742022744024],[93.8862713376601,24.984959174265555],[93.87815095375225,24.986747175781826],[93.86359026536576,24.960438010613878],[93.84776951740737,24.954435434094975],[93.84594943135906,24.92953112726124],[93.80688758462992,24.86503535828156],[93.80856766405914,24.835788762051173],[93.78154638657267,24.80449873551648],[93.79246690286254,24.765418130946614],[93.76992583718732,24.735022105170053],[93.7682457577581,24.693004069537746],[93.74948487079858,24.68176520286406],[93.74262454646265,24.6333614475308],[93.74150449350984,24.625315440707592],[93.73688427507952,24.624932297525532],[93.73674426846041,24.624932297525532],[93.72932391764806,24.624166011161417],[93.70790290492565,24.644855742992522],[93.70804291154474,24.644855742992522],[93.73282408312559,24.66388518770138],[93.72386365950314,24.691854639991575],[93.73884436774692,24.704626079393492],[93.72680379850425,24.747027258207854],[93.74374459941545,24.7646518445825],[93.74892484432218,24.791344152932503],[93.75774526132554,24.7919827249026],[93.75774526132554,24.7919827249026],[93.7522850031806,24.79772987263346],[93.74360459279634,24.807691595366958],[93.74374459941545,24.808074738549013],[93.77146590999742,24.84868791584711],[93.77202593647382,24.849454202211223],[93.77216594309292,24.849581916605242],[93.75858530104014,24.907436537095922],[93.79960724043669,24.957372865157417],[93.79064681681423,25.01650462958829],[93.81612802149058,25.02289034928925],[93.8171080678243,25.023145778077286],[93.81430793544227,25.02863749702011],[93.79652709481647,25.082405256902177],[93.79694711467377,25.101051558428978],[93.77286597618843,25.15418074634095],[93.79232689624344,25.16733532892492],[93.82592848482764,25.22238023274718],[93.85364979540961,25.22876595244814],[93.9026521120949,25.272188846414657],[93.92617322410383,25.270656273686427],[93.94241399191954,25.279340852479727],[93.9537545280667,25.28547114339265],[93.95543460749592,25.286365144150782],[93.95445456116221,25.287642288090975],[93.9191728931488,25.327744607812992],[93.8876714038511,25.335024328272084],[93.8876714038511,25.335152042666103],[93.9032121385713,25.37040121541539],[93.91343262176566,25.38457751315152],[93.92267305862632,25.38917523133621],[93.9207129659589,25.394411521490994],[93.9212729924353,25.395305522249128],[93.96061485240264,25.391601804822574],[93.98791614312731,25.374488076024004],[93.99169632184302,25.347029481309885],[93.970835335597,25.292367720669684],[94.01745753975759,25.25328711609982],[93.99743659322615,25.19211192136464],[94.07262014768331,25.170145045593344],[94.19302584011002,25.186620202421818],[94.21388682635606,25.17525362135411],[94.17958520467634,25.167846186501],[94.16068431109774,25.142686450879225],[94.16474450305165,25.133363300115825],[94.14906376171237,25.134385015267977],[94.13212296080117,25.1185484304096],[94.13198295418206,25.11842071601558],[94.12484261660792,25.094793553122038],[94.11742226579558,25.07001696068232],[94.11742226579558,25.0698892462883],[94.14864374185507,25.035150931115087],[94.14514357637754,24.998880043213646],[94.14514357637754,24.998752328819627],[94.14514357637754,24.998752328819627],[94.1717448340067,24.93732170529641],[94.16964473472018,24.932723987111718],[94.16684460233817,24.926849124986838]]]}},{"type":"Feature","properties":{"district":"Thoubal","dt_code":"276","st_nm":"Manipur","st_code":"14","year":"2011_c"},"geometry":{"type":"Polygon","coordinates":[[[93.91259258205106,24.554944809603032],[93.90069201942748,24.554306237632936],[93.91175254233644,24.57346339673581],[93.9047522113814,24.591343411898492],[93.91133252247914,24.611011428577445],[93.91161253571735,24.612033143729597],[93.88865145018481,24.61599228994419],[93.92603321748473,24.653029464209748],[93.93485363448809,24.648687174813098],[93.93471362786899,24.649198032389172],[93.93289354182068,24.664779188459512],[93.90461220476232,24.675251768769083],[93.90447219814321,24.699645218026745],[93.92561319762743,24.711394942276506],[93.94199397206224,24.720334949857847],[93.94255399853864,24.71956866349373],[93.94549413753975,24.709862369548276],[93.96257494507006,24.693131783931765],[93.95291448835209,24.684447205138465],[93.95809473325883,24.670526336190374],[93.97363546797902,24.666184046793724],[94.00177679841829,24.686618349836788],[94.01073722204075,24.651113748299462],[94.01087722865984,24.651113748299462],[94.02515790380812,24.674996339981046],[94.03257825462047,24.668738334674106],[94.07962047863835,24.68968349529325],[94.08004049849566,24.68917263771717],[94.09040098830911,24.691854639991575],[94.09040098830911,24.691982354385594],[94.09040098830911,24.691982354385594],[94.1038416237428,24.709734655154257],[94.09768133250236,24.71522637409708],[94.11644221946187,24.70960694076024],[94.12764274898994,24.730168958197325],[94.11714225255737,24.699645218026745],[94.14220343737642,24.68942806650521],[94.11784228565288,24.688917208929134],[94.11504215327086,24.67703977028535],[94.09474119350125,24.668866049068125],[94.09502120673945,24.66822747709803],[94.09600125307315,24.665673189217646],[94.10972190174503,24.632722875560702],[94.1200823915585,24.625698583889648],[94.12414258351242,24.619057435400652],[94.11224202088884,24.612799430093713],[94.09586124645405,24.611011428577445],[94.0880208757844,24.600027990691796],[94.09936141193157,24.600155705085815],[94.0885809022608,24.595174843719068],[94.09222107435743,24.583552833863322],[94.10328159726639,24.57780568613246],[94.09908139869337,24.567843963398968],[94.11154198779334,24.574485111887963],[94.1063617428866,24.56746082021691],[94.11392210031806,24.56452338915447],[94.1048216700765,24.56414024597241],[94.12498262322703,24.54000222550279],[94.0869008228316,24.569759679309254],[94.07780039259004,24.543322799747287],[94.06757990939568,24.56452338915447],[94.06785992263389,24.540257654290826],[94.07598030654174,24.522505353522163],[94.087460849308,24.5200787800358],[94.07444023373162,24.515864205033168],[94.0712200814923,24.517396777761398],[94.06687987630018,24.52595364216068],[94.05735942620132,24.523910211856375],[94.06407974391816,24.528635644435084],[94.05595936001032,24.538980510350637],[94.04475883048224,24.52774164367695],[94.03425833404968,24.55034709141834],[94.03355830095418,24.55200737854059],[94.03369830757327,24.54906994747815],[94.03509837376428,24.52314392549226],[94.03439834066879,24.52288849670422],[94.02683798323734,24.520717352005896],[94.02319781114072,24.51956792245972],[94.02221776480701,24.52314392549226],[94.01661750004297,24.54115165504896],[94.01157726175535,24.542556513383172],[93.96061485240264,24.55532795278509],[93.95445456116221,24.57793340052648],[93.95445456116221,24.578061114920498],[93.9215530056735,24.576911685374327],[93.91259258205106,24.554944809603032]]]}},{"type":"Feature","properties":{"district":"Tengnoupal","dt_code":"769","st_nm":"Manipur","st_code":"14","year":"2016_c"},"geometry":{"type":"Polygon","coordinates":[[[94.1728648869595,24.63182887480257],[94.21178672706954,24.61599228994419],[94.24790843479755,24.617524862672422],[94.26428920923235,24.5960688444772],[94.26442921585145,24.595813415689165],[94.28193004323906,24.600538848267874],[94.31077140677382,24.570781394461406],[94.33331247244907,24.565161961124563],[94.33107236654345,24.54894223308413],[94.3729343456546,24.54779280353796],[94.36145380288833,24.51892935048963],[94.36159380950744,24.51892935048963],[94.37657451775122,24.51267134518269],[94.3744744184647,24.49415275804991],[94.37475443170291,24.49402504365589],[94.3746144250838,24.49389732926187],[94.4059759077624,24.483552463346317],[94.39841555033095,24.482403033800146],[94.39687547752084,24.454561295903968],[94.4070959607152,24.436936709529324],[94.39477537823433,24.409478114815204],[94.36089377641193,24.39453553071496],[94.37839460379953,24.379720661008736],[94.35053328659846,24.335020623102032],[94.3216919230637,24.32889033218911],[94.3216919230637,24.276272001853215],[94.30657120820081,24.241405972285982],[94.29159049995701,24.23297682228072],[94.27646978509412,24.173334200273768],[94.25966899080203,24.16528819345056],[94.25238864660878,24.114457864630936],[94.19666601220665,24.133998166915866],[94.21136670721224,24.2448542609245],[94.20282630344708,24.266693422301778],[94.15326396028539,24.301048594292933],[94.14766369552136,24.382785806465197],[94.11140198117424,24.397089818595344],[94.09908139869337,24.419950695124776],[94.05931951886873,24.424676127703485],[94.03803851276541,24.448814148173106],[94.04349877091033,24.45596615423818],[94.04769896948336,24.461457873181004],[94.02529791042723,24.456349297420235],[94.0213777250924,24.454944439086027],[94.0212377184733,24.4554552966621],[94.0205376853778,24.457754155754447],[94.01437739413737,24.4801041747078],[94.02025767213959,24.488405610319045],[94.02025767213959,24.491726184563547],[94.01857759271039,24.49581304517216],[94.01325734118456,24.508456770180054],[94.0213777250924,24.510883343666418],[94.0206776919969,24.518801636095606],[94.02319781114072,24.51956792245972],[94.02683798323734,24.520717352005896],[94.03439834066879,24.52288849670422],[94.03509837376428,24.52314392549226],[94.03369830757327,24.54906994747815],[94.03355830095418,24.55200737854059],[94.03425833404968,24.55034709141834],[94.04475883048224,24.52774164367695],[94.05595936001032,24.538980510350637],[94.06407974391816,24.528635644435084],[94.05735942620132,24.523910211856375],[94.06687987630018,24.52595364216068],[94.0712200814923,24.517396777761398],[94.07444023373162,24.515864205033168],[94.087460849308,24.5200787800358],[94.07598030654174,24.522505353522163],[94.06785992263389,24.540257654290826],[94.06757990939568,24.56452338915447],[94.07780039259004,24.543322799747287],[94.0869008228316,24.569759679309254],[94.12498262322703,24.54000222550279],[94.1048216700765,24.56414024597241],[94.11392210031806,24.56452338915447],[94.1063617428866,24.56746082021691],[94.11154198779334,24.574485111887963],[94.09908139869337,24.567843963398968],[94.10328159726639,24.57780568613246],[94.09222107435743,24.583552833863322],[94.0885809022608,24.595174843719068],[94.09936141193157,24.600155705085815],[94.0880208757844,24.600027990691796],[94.09586124645405,24.611011428577445],[94.11224202088884,24.612799430093713],[94.12414258351242,24.619057435400652],[94.1200823915585,24.625698583889648],[94.13506309980228,24.615864575550173],[94.16796465529097,24.63297830434874],[94.17034476781569,24.632467446772665],[94.1728648869595,24.63182887480257]]]}},{"type":"Feature","properties":{"district":"Ukhrul","dt_code":"279","st_nm":"Manipur","st_code":"14","year":"2011_c"},"geometry":{"type":"Polygon","coordinates":[[[94.65406763680907,25.11561099934716],[94.61122561136422,25.102328702369167],[94.53030178552393,25.033873787174898],[94.45385817149489,25.017398630346424],[94.39533540471074,24.98598088941771],[94.33247243273446,24.98598088941771],[94.28403014252557,24.96107658258397],[94.2220072102639,24.941791709087077],[94.19232580701453,24.942941138633252],[94.16684460233817,24.926849124986838],[94.16964473472018,24.932723987111718],[94.1717448340067,24.93732170529641],[94.14514357637754,24.998752328819627],[94.14514357637754,24.998752328819627],[94.14514357637754,24.998880043213646],[94.14864374185507,25.035150931115087],[94.11742226579558,25.0698892462883],[94.11742226579558,25.07001696068232],[94.12484261660792,25.094793553122038],[94.13198295418206,25.11842071601558],[94.13212296080117,25.1185484304096],[94.14906376171237,25.134385015267977],[94.16474450305165,25.133363300115825],[94.16068431109774,25.142686450879225],[94.17958520467634,25.167846186501],[94.21388682635606,25.17525362135411],[94.21388682635606,25.17525362135411],[94.2213071771684,25.194027637274928],[94.24594834213013,25.203733931220384],[94.25266865984699,25.228893666842158],[94.2892103874323,25.241920535032115],[94.32505208192211,25.279851710055805],[94.33555257835468,25.310120021438347],[94.37755456408493,25.3571189184374],[94.37937465013323,25.407821532863007],[94.3895951333276,25.419954400294827],[94.38329483546806,25.423019545751288],[94.39351531866242,25.423402688933347],[94.41101614605003,25.462866436685268],[94.42137663586348,25.466059296535747],[94.41381627843204,25.475637876087184],[94.46057848921171,25.54958451022428],[94.46743881354766,25.582023966305147],[94.48871981965098,25.60462941404654],[94.49712021679704,25.6136971360219],[94.52078133542508,25.638856871643675],[94.53100181861944,25.64383773301042],[94.57174374477779,25.691858345161627],[94.5730038043497,25.691347487585553],[94.57314381096879,25.69160291637359],[94.58014414192382,25.68879319970517],[94.59596488988223,25.68253519439823],[94.59638490973953,25.68227976561019],[94.58042415516204,25.668742039844158],[94.58644443978338,25.66388889287143],[94.5741238573025,25.640644873159943],[94.59344477073842,25.635536297399177],[94.58364430740136,25.634259153458984],[94.55088275853176,25.579469678424765],[94.56432339396544,25.56350537917237],[94.55592299681939,25.554693085985047],[94.56656349987105,25.54805193749605],[94.55410291077108,25.50360732837738],[94.55704304977219,25.501691612467095],[94.57678398306541,25.495689035948192],[94.61528580331814,25.463121865473305],[94.61640585627094,25.46235557910919],[94.6754886495315,25.44562499349268],[94.66036793466861,25.40565038816468],[94.63474672337315,25.39517780785511],[94.63432670351585,25.35571406010319],[94.58518438021146,25.266697127471833],[94.58574440668787,25.2291490956302],[94.57566393011261,25.2138233683479],[94.6060453664575,25.18138391226703],[94.62004602836757,25.186875631209855],[94.64006697489899,25.16605818498473],[94.68010886796182,25.14894445618616],[94.69004933791798,25.157501320585446],[94.71469050287973,25.138088732694534],[94.73653153545946,25.135023587238074],[94.73933166784148,25.116505000105295],[94.65406763680907,25.11561099934716]]]}},{"type":"Feature","properties":{"district":"Noney","dt_code":"771","st_nm":"Manipur","st_code":"14","year":"2016_c"},"geometry":{"type":"Polygon","coordinates":[[[93.2149395990716,24.696707786964303],[93.21591964540531,24.698112645298515],[93.25260137960973,24.658904326334632],[93.27906263061979,24.658904326334632],[93.28452288876471,24.665800903611665],[93.30342378234333,24.690194352869327],[93.33912547021404,24.71254437182268],[93.33002503997248,24.726465240770768],[93.34010551654775,24.750730975634408],[93.36292659546118,24.75826612488154],[93.37174701246454,24.809224168095188],[93.3989082965701,24.806414451426765],[93.40744870033525,24.824933038559543],[93.49747295641708,24.82352818022533],[93.54311511424396,24.809224168095188],[93.56075594825066,24.811139884005474],[93.57643668958995,24.835405618869114],[93.61605856279549,24.812417027945667],[93.6345394365168,24.801561304454037],[93.64840009180779,24.800539589301884],[93.66114069414596,24.795941871117194],[93.75774526132554,24.7919827249026],[93.75774526132554,24.7919827249026],[93.74892484432218,24.791344152932503],[93.74374459941545,24.7646518445825],[93.72680379850425,24.747027258207854],[93.73884436774692,24.704626079393492],[93.72386365950314,24.691854639991575],[93.73282408312559,24.66388518770138],[93.70804291154474,24.644855742992522],[93.70790290492565,24.644855742992522],[93.72932391764806,24.624166011161417],[93.73674426846041,24.624932297525532],[93.73674426846041,24.624676868737495],[93.7343641559357,24.61778029146046],[93.73422414931659,24.617524862672422],[93.72288361316943,24.62084543691692],[93.72260359993123,24.620973151310938],[93.72260359993123,24.62084543691692],[93.71490323588068,24.60564742402864],[93.69768242173127,24.61318257327577],[93.66198073386056,24.60820171190902],[93.64896011828418,24.592620555838685],[93.62795912541907,24.606541424786773],[93.59575760302587,24.56618367627672],[93.568176299063,24.592748270232704],[93.53933493552823,24.57652854219227],[93.53149456485859,24.5567328111193],[93.51189363818447,24.565928247488678],[93.48977259236653,24.55507252399705],[93.47073169216883,24.574101968705907],[93.4488906595891,24.540896226260923],[93.3982082634746,24.574740540676],[93.39624817080718,24.57359111112983],[93.38812778689933,24.568354820975042],[93.38784777366114,24.568354820975042],[93.34458572835898,24.578444258102557],[93.34458572835898,24.578444258102557],[93.3336652120691,24.568610249763083],[93.2818627630018,24.567843963398968],[93.2810227232872,24.567843963398968],[93.25932169732657,24.526464499736758],[93.2642219289951,24.511649630030533],[93.23538056546033,24.515097918669053],[93.22011984397834,24.495046758808044],[93.19127848044356,24.52442106943245],[93.1811980038683,24.514587061092975],[93.17153754715034,24.519312493671684],[93.17167755376944,24.51956792245972],[93.17713781191438,24.536043079288195],[93.1967387385885,24.563757102790355],[93.19029843410985,24.57039825127935],[93.19085846058626,24.57027053688533],[93.20541914897274,24.569121107339157],[93.20247900997163,24.586234836137727],[93.21689969173902,24.59351455659682],[93.20961934754577,24.627231156617878],[93.22193993002665,24.638980880867642],[93.20793926811656,24.66209718618511],[93.20807927473567,24.66222490057913],[93.21157944021319,24.66541776042961],[93.21829975793003,24.67167576573655],[93.20779926149746,24.67384691043487],[93.20415908940083,24.674485482404968],[93.20415908940083,24.674613196798987],[93.20443910263904,24.675379483163102],[93.20905932106936,24.688661780141096],[93.2149395990716,24.696707786964303]]]}},{"type":"Feature","properties":{"district":"Pherzawl","dt_code":"772","st_nm":"Manipur","st_code":"14","year":"2016_c"},"geometry":{"type":"Polygon","coordinates":[[[93.20723923502106,24.047535522164893],[93.1968787452076,24.048940380499104],[93.19561868563568,24.049962095651257],[93.19253854001548,24.05277181231968],[93.17895789796269,24.05085609640939],[93.16873741476833,24.051366953985468],[93.16845740153013,24.051494668379487],[93.16733734857732,24.05404895625987],[93.16677732210091,24.06171181990102],[93.16845740153013,24.067842110813938],[93.1662172956245,24.06950239793619],[93.15991699776498,24.074100116120878],[93.15823691833576,24.077931547941454],[93.15711686538296,24.080358121427818],[93.14661636895039,24.08470041082447],[93.1463363557122,24.08457269643045],[93.14045607770996,24.08789327067495],[93.12603539594258,24.062222677477095],[93.09929413169431,24.04510894867853],[93.09915412507522,24.04638609261872],[93.10251428393363,24.04932352368116],[93.09957414493252,24.053027241107717],[93.10097421112353,24.059285246414657],[93.09957414493252,24.063116678235232],[93.10111421774263,24.07065182748236],[93.0966340059314,24.074610973696956],[93.07843314544829,24.101814139623038],[93.0466516429124,24.090064415373273],[93.03475108028883,24.094278990375905],[93.03349102071692,24.096066991892176],[93.0291508155248,24.097599564620406],[93.02607066990458,24.100409281288826],[93.02201047795066,24.098876708560596],[93.01193000137539,24.102580425987153],[93.00856984251698,24.106795000989784],[92.99960941889452,24.11203129114457],[92.98812887612826,24.113180720690742],[92.98518873712713,24.11228671993261],[92.9807085253159,24.11381929266084],[92.97524826717097,24.115862722965144],[92.98168857164961,24.124802730546488],[92.98504873050803,24.12582444569864],[92.99176904822488,24.137318741160364],[92.99036898203386,24.141916459345055],[92.99946941227542,24.1535384692008],[92.99960941889452,24.1535384692008],[93.00436964394395,24.157497615415394],[93.00408963070575,24.159285616931662],[93.00226954465744,24.170907626787404],[93.00394962408664,24.172695628303675],[93.00982990208888,24.179081348004633],[93.00198953141924,24.191214215436453],[93.00198953141924,24.194407075286932],[93.011369974899,24.194407075286932],[93.01557017347201,24.196833648773296],[93.01697023966302,24.204368798020425],[93.02117043823606,24.206923085900808],[93.02257050442705,24.214330520753922],[93.02005038528324,24.21905595333263],[93.02019039190235,24.219822239696743],[93.02243049780796,24.22774053212593],[93.02551064342818,24.22940081924818],[93.02313053090346,24.230550248794355],[93.02397057061806,24.233743108644834],[93.02383056399896,24.233870823038853],[93.00576971013496,24.25570998441613],[93.00576971013496,24.259669130630723],[93.0129100477091,24.268481423818045],[93.0117899947563,24.270269425334316],[93.0122100146136,24.27090799730441],[93.00814982265968,24.27972029049173],[93.01010991532708,24.28495658064652],[93.01725025290122,24.289937442013265],[93.02299052428435,24.297600305654417],[93.03419105381242,24.31522489202906],[93.04245144433938,24.340129198862797],[93.03979131857646,24.340384627650835],[93.04035134505287,24.34140634280299],[93.04007133181466,24.34153405719701],[93.01963036542594,24.349196920838157],[93.01851031247313,24.354816354175],[93.02495061695177,24.391342670864482],[93.00884985575517,24.412415545877643],[93.00884985575517,24.412543260271665],[93.01725025290122,24.409478114815204],[93.01823029923493,24.407817827692956],[93.02103043161695,24.408073256480993],[93.02845078242929,24.408967257239127],[93.03517110014613,24.40973354360324],[93.04021133843376,24.415097548152048],[93.04231143772027,24.417396407244393],[93.04315147743488,24.418418122396545],[93.03503109352704,24.426080986037693],[93.03293099424052,24.428762988312098],[93.03307100085962,24.429529274676213],[93.0439915171495,24.466311020153732],[93.0466516429124,24.468354450458037],[93.04539158334049,24.4707810239444],[93.03251097438321,24.4954299019901],[93.05001180177082,24.51956792245972],[93.04987179515172,24.54434451489944],[93.07045276815954,24.558520812635567],[93.07087278801684,24.558903955817627],[93.0649925100146,24.56580053309466],[93.05897222539328,24.573846539917866],[93.08431342345052,24.571292252037484],[93.08655352935614,24.572441681583655],[93.08781358892804,24.572441681583655],[93.12281524370326,24.553795380056858],[93.17713781191438,24.536043079288195],[93.17167755376944,24.51956792245972],[93.17153754715034,24.519312493671684],[93.1811980038683,24.514587061092975],[93.19127848044356,24.52442106943245],[93.22011984397834,24.495046758808044],[93.23538056546033,24.515097918669053],[93.2642219289951,24.511649630030533],[93.25932169732657,24.526464499736758],[93.2810227232872,24.567843963398968],[93.2818627630018,24.567843963398968],[93.3336652120691,24.568610249763083],[93.34458572835898,24.578444258102557],[93.34458572835898,24.578444258102557],[93.38784777366114,24.568354820975042],[93.38812778689933,24.568354820975042],[93.38448761480271,24.528252501253025],[93.40828874004985,24.51113877245446],[93.39218797885326,24.497728761082445],[93.38448761480271,24.4654170193956],[93.36166653588927,24.447281575444876],[93.350185993123,24.400665821627882],[93.365446714605,24.383552092829312],[93.49117265855755,24.365416648878593],[93.47829204960027,24.249451979109192],[93.39498811123528,24.18521163891755],[93.37734727722857,24.088404128251025],[93.34248562907246,24.10296356916921],[93.35410617845784,24.090958416131407],[93.3308650796871,24.085466697188583],[93.3322651458781,24.053538098683795],[93.3009036631995,24.0528995267137],[93.28676299467033,24.052644097925658],[93.28662298805122,24.05251638353164],[93.26940217390182,24.036424369885225],[93.25330141270523,24.02148178578498],[93.25330141270523,24.02186492896704],[93.25708159142096,24.04485351989049],[93.26086177013667,24.05404895625987],[93.2650619687097,24.056603244140252],[93.26226183632768,24.064138393387385],[93.26226183632768,24.06911925475413],[93.24658109498839,24.08163526536801],[93.24084082360525,24.0829124093082],[93.23538056546033,24.080485835821836],[93.23524055884123,24.080358121427818],[93.22530008888506,24.0829124093082],[93.22418003593225,24.08163526536801],[93.22095988369294,24.077931547941454],[93.22179992340754,24.075632688849108],[93.22376001607495,24.070396398694324],[93.22095988369294,24.064010678993366],[93.21955981750193,24.057752673686426],[93.21521961230981,24.04651380701274],[93.20723923502106,24.047535522164893]]]}},{"type":"Feature","properties":{"district":"Upper Siang","dt_code":"252","st_nm":"Arunachal Pradesh","st_code":"12","year":"2011_c"},"geometry":{"type":"Polygon","coordinates":[[[95.38322210908622,28.312174567252814],[95.3462603616436,28.2840774005686],[95.34192015645147,28.24461365281668],[95.30509841562795,28.223923920985573],[95.30299831634144,28.20259561718437],[95.26995675423365,28.197487041423607],[95.22767475526518,28.15585214897336],[95.22389457654947,28.152148431546802],[95.19239308725179,28.164536727766663],[95.17139209438665,28.196465326271454],[95.13723047932605,28.203489617942505],[95.13079017484742,28.21689962931452],[95.13905056537436,28.22890478235232],[95.10642902312387,28.263387668737494],[95.11748954603283,28.376542621838475],[95.08234788463852,28.39518892336527],[95.08164785154302,28.41511236883226],[95.10460893707555,28.44435896506265],[95.1106292216969,28.46287755219543],[95.10166879807444,28.483567284026535],[95.11048921507779,28.50080872721912],[95.08402796406773,28.52660703481099],[95.03824579962176,28.515495882531322],[94.98882346307917,28.529161322691376],[94.97244268864438,28.565432210592817],[94.95788200025788,28.572967359839947],[94.90159933937935,28.548829339370325],[94.81969546720536,28.56811421286722],[94.79561432872002,28.546275051489943],[94.7587925878965,28.534014469664104],[94.777553474856,28.559301919679896],[94.7600526474684,28.56006820604401],[94.74661201203472,28.58803765833421],[94.74549195908192,28.686377741728965],[94.63390668365855,28.76671009556702],[94.63320665056305,28.784206967547647],[94.62004602836757,28.793913261493103],[94.59218471116651,28.791869831188794],[94.56152326158342,28.810388418321573],[94.52526154723631,28.811665562261766],[94.51532107728015,28.820988713025166],[94.51700115670936,28.836569869095502],[94.47989940264763,28.858536744866797],[94.44951796630275,28.886250768368956],[94.4418176022522,28.891997916099818],[94.39561541794893,28.932100235821835],[94.34269291592882,28.983952279793616],[94.18728556872689,29.03874175482784],[94.21710697859537,29.083824935916603],[94.29019043376601,29.147937561714222],[94.35935370360181,29.152279851110876],[94.37475443170291,29.190083311740548],[94.43369721834436,29.22660962843003],[94.49698021017794,29.216392476908496],[94.56026320201151,29.228653058734334],[94.58028414854293,29.280505102706115],[94.62158610117768,29.312561415604925],[94.63082653803833,29.34844916032431],[94.67982885472362,29.327631714099187],[94.73905165460329,29.28165453225229],[94.7929542029571,29.225587913277874],[94.79855446772113,29.194936458713276],[94.79995453391214,29.163901860966618],[94.87373802217829,29.18356987764557],[94.92064023957707,29.161475287480254],[94.96950254964325,29.158793285205853],[95.02452515094988,29.129546688975463],[94.98854344984096,29.17271415415394],[94.99932395951173,29.172075582183847],[95.04146595186108,29.151385850352742],[95.09998871864522,29.14270127155944],[95.12336982403507,29.115114962451297],[95.25217591360783,29.108473813962302],[95.25133587389323,29.067094350300092],[95.26981674761454,29.049597478319466],[95.27597703885498,29.028907746488365],[95.245455595891,29.001449151774242],[95.2633764431359,28.965433692660838],[95.25721615189546,28.95151282371275],[95.25721615189546,28.951385109318732],[95.28101727714261,28.945893390375907],[95.30145824353133,28.958537115383805],[95.32763948130318,28.928268804001263],[95.31881906429983,28.911410503990734],[95.32805950116048,28.895190775950297],[95.31741899810882,28.886889340339053],[95.32385930258746,28.844232732736653],[95.35606082498066,28.825841859997894],[95.36068104341098,28.790848116036642],[95.37762184432218,28.779098391786878],[95.37300162589186,28.76517752283879],[95.39288256580417,28.74218893191534],[95.35396072569414,28.706684330378014],[95.37286161927275,28.621115686385174],[95.38350212232442,28.572839645445928],[95.40282303576033,28.56990221438349],[95.40996337333448,28.554704201495205],[95.39624272466259,28.532609611329892],[95.39526267832889,28.531077038601662],[95.39470265185248,28.53018303784353],[95.39526267832889,28.52992760905549],[95.39470265185248,28.51319702343898],[95.33884001083125,28.476798421143517],[95.33940003730766,28.44091067642413],[95.31993911725263,28.42622352111193],[95.33926003068855,28.406810933221017],[95.33785996449754,28.365814612740863],[95.36908144055704,28.358279463493734],[95.38280208922892,28.31332399679899],[95.38322210908622,28.312174567252814]]]}},{"type":"Feature","properties":{"district":"Lower Siang","dt_code":"779","st_nm":"Arunachal Pradesh","st_code":"12","year":"2018"},"geometry":{"type":"Polygon","coordinates":[[[94.31805175096707,27.773219824491942],[94.33485254525917,27.76019295630199],[94.33499255187827,27.760320670696007],[94.38203477589616,27.797357844961564],[94.43845744339379,27.812939001031904],[94.44405770815783,27.82877558589028],[94.58238424782945,27.860193326818994],[94.58910456554628,27.861725899547224],[94.58966459202269,27.866195903337893],[94.59512485016762,27.870793621522584],[94.63180658437204,27.86670676091397],[94.64608725952033,27.85010388969148],[94.71735062864265,27.825071868463723],[94.72407094635949,27.79480355708118],[94.74591197893922,27.772964395703905],[94.80905496415369,27.78586354949984],[94.90033927980744,27.822900723765397],[94.90509950485686,27.84244102605033],[94.9287606234849,27.857000466968515],[94.9092997034299,27.859810183636935],[94.9092997034299,27.859810183636935],[94.90901969019168,27.859937898030957],[94.90551952471417,27.88049991546804],[94.92428041167368,27.889439923049384],[94.95690195392417,27.980883429167104],[94.92176029252987,27.997358585995578],[94.92148027929167,27.997486300389596],[94.88073835313332,28.000296017058016],[94.88031833327602,28.000296017058016],[94.8940389819479,28.015366315552278],[94.8944590018052,28.015749458734337],[94.9270805440557,28.051126345877645],[94.9279205837703,28.05202034663578],[95.06736717639474,28.023412322375485],[95.08906820235536,27.96760113218911],[95.07184738820595,27.91600451700537],[95.12070969827215,27.90348850639149],[95.11524944012722,27.856745038180478],[95.13625043299234,27.815748717700323],[94.9618021855927,27.76147010024218],[94.85231700945585,27.72775350022112],[94.84083646668958,27.700678048689056],[94.7936542360526,27.695314044140254],[94.75417236946618,27.66070344336106],[94.7250509926932,27.669132593366324],[94.7089502314966,27.656616582752445],[94.68780923201237,27.66530116154575],[94.68262898710564,27.646016288048855],[94.66260804057423,27.64537771607876],[94.63306664394395,27.624304841065598],[94.58742448611707,27.618557693334736],[94.57398385068339,27.60387053802253],[94.54444245405313,27.60118853574813],[94.49894030284534,27.5723250826998],[94.47765929674202,27.576284228914393],[94.46169854216453,27.55546678268927],[94.43187713229605,27.600294534989995],[94.43173712567695,27.600294534989995],[94.43159711905784,27.600422249384014],[94.36453394850855,27.574623941792144],[94.36271386246024,27.57487937058018],[94.29817081105475,27.602082536506263],[94.27758983804694,27.589694240286406],[94.25448874589529,27.614215403938083],[94.25756889151552,27.61779140697062],[94.26708934161437,27.627497700916077],[94.26652931513797,27.628263987280192],[94.26484923570875,27.630818275160575],[94.26162908346944,27.635926850921344],[94.2563088319436,27.635288278951247],[94.24636836198745,27.634011135011054],[94.2375479449841,27.632733991070864],[94.22354728307401,27.618302264546696],[94.21248676016504,27.606807969084972],[94.20940661454483,27.60885139938928],[94.24454827593914,27.649209147899334],[94.35389344545689,27.723155782036432],[94.35347342559959,27.727114928251027],[94.35011326674116,27.729796930525428],[94.33583259159288,27.72481606915868],[94.33555257835468,27.72507149794672],[94.31385155239406,27.74014179644098],[94.31273149944124,27.740908082805095],[94.31735171787156,27.768749820701274],[94.31805175096707,27.773219824491942]]]}},{"type":"Feature","properties":{"district":"Upper Dibang Valley","dt_code":"257","st_nm":"Arunachal Pradesh","st_code":"12","year":"2011_c"},"geometry":{"type":"Polygon","coordinates":[[[95.39526267832889,28.52992760905549],[95.39470265185248,28.53018303784353],[95.39526267832889,28.531077038601662],[95.39624272466259,28.532609611329892],[95.40996337333448,28.554704201495205],[95.40282303576033,28.56990221438349],[95.38350212232442,28.572839645445928],[95.37286161927275,28.621115686385174],[95.35396072569414,28.706684330378014],[95.39288256580417,28.74218893191534],[95.37300162589186,28.76517752283879],[95.37762184432218,28.779098391786878],[95.36068104341098,28.790848116036642],[95.35606082498066,28.825841859997894],[95.32385930258746,28.844232732736653],[95.31741899810882,28.886889340339053],[95.32805950116048,28.895190775950297],[95.31881906429983,28.911410503990734],[95.32763948130318,28.928268804001263],[95.30145824353133,28.958537115383805],[95.28101727714261,28.945893390375907],[95.25721615189546,28.951385109318732],[95.25721615189546,28.95151282371275],[95.2633764431359,28.965433692660838],[95.245455595891,29.001449151774242],[95.27597703885498,29.028907746488365],[95.26981674761454,29.049597478319466],[95.26785665494712,29.056110912414447],[95.28745758162124,29.060708630599134],[95.40100294971202,29.03363317906707],[95.45532551792314,29.0351657517953],[95.48696701383993,29.074501785153206],[95.4974675102725,29.138742125344844],[95.5478698931488,29.12686468670106],[95.53904947614544,29.2124333306939],[95.58707174649703,29.216392476908496],[95.60009236207341,29.260453942845107],[95.63943422204073,29.248321075413287],[95.70327724035073,29.298895975444875],[95.72847843178887,29.300939405749183],[95.77916082790337,29.354962594419288],[95.79792171486288,29.33478372016426],[95.84972416393019,29.357133739117614],[95.88234570618069,29.38995633838054],[95.95850930697154,29.3810163307992],[96.05707396681854,29.456750966452564],[96.08871546273531,29.459943826303043],[96.17635960629244,29.36249774366642],[96.186860102725,29.34231886941139],[96.18405997034299,29.3070696966621],[96.24426281655634,29.23261220494893],[96.29354514647983,29.233123062525006],[96.31328607977305,29.256494796630513],[96.34604762864265,29.26479623224176],[96.36382846926846,29.283059390586498],[96.37558902527293,29.281143674676212],[96.39336986589873,29.25381279435611],[96.34674766173815,29.168116435969253],[96.26064359099114,29.15738842687164],[96.21794157216539,29.135293836706328],[96.1860200630104,29.09174322834579],[96.11489670050717,29.074884928335262],[96.15059838837789,29.050236050289563],[96.18490001005759,28.984973994945772],[96.18041979824636,28.965433692660838],[96.1552186068082,28.952406824470884],[96.14527813685206,28.934271380520162],[96.16641913633629,28.90259821080341],[96.24818300189116,28.93950767067495],[96.29368515309893,28.995446575255343],[96.34674766173815,29.029035460882383],[96.43565186486718,29.03414403664315],[96.52511609447262,29.075778929093396],[96.47709382412103,28.990465713888593],[96.4871743006963,28.961602260840262],[96.51853578337487,28.967221694177105],[96.5382767166681,28.917029937327577],[96.53687665047708,28.879992763062017],[96.6074399865039,28.793657832705062],[96.61458032407805,28.760324375866062],[96.58489892082866,28.716901481899544],[96.4717735725952,28.683695739454564],[96.49291457207943,28.63350398260503],[96.42683144786383,28.582418224997365],[96.39967016375827,28.589697945456457],[96.4054104351414,28.559301919679896],[96.3533279728359,28.5559813454354],[96.32448660930112,28.529416751479413],[96.32574666887302,28.510898164346635],[96.27590431247313,28.506811303738022],[96.25644339241812,28.53759047269664],[96.22424187002493,28.531460181783718],[96.17663961953065,28.51472959616721],[96.17173938786212,28.496849581004525],[96.1031361445027,28.489059002969356],[96.01465196123098,28.507577590102137],[95.99687112060516,28.489059002969356],[95.94828882377718,28.481906996904282],[95.94394861858505,28.43094895369064],[95.96004937978165,28.413196652921975],[95.94618872449067,28.402468643824363],[95.90838693733345,28.399403498367903],[95.85014418378749,28.366070041528904],[95.84440391240436,28.338483732420762],[95.88346575913349,28.306171990733915],[95.8330633762572,28.2747542498052],[95.79582161557637,28.315622855891334],[95.76446013289778,28.31753857180162],[95.68549639972491,28.348956312730333],[95.67597594962606,28.362238609708328],[95.57321109120605,28.370795474107613],[95.58021142216109,28.463005266589448],[95.55935043591506,28.484972142360743],[95.52728892014098,28.480246709782033],[95.514828331041,28.502596728735387],[95.39526267832889,28.52992760905549]]]}},{"type":"Feature","properties":{"district":"Lower Dibang Valley","dt_code":"258","st_nm":"Arunachal Pradesh","st_code":"12","year":"2011_c"},"geometry":{"type":"Polygon","coordinates":[[[96.31370609963035,28.383439199115507],[96.3040456429124,28.373988333958092],[96.30642575543712,28.371434046077706],[96.30544570910341,28.36964604456144],[96.29032499424052,28.344614023333683],[96.23810252531591,28.29965855663894],[96.26778392856528,28.238994219479835],[96.21542145302158,28.230948212656628],[96.14191797799363,28.170028446709484],[96.10061602535889,28.190207320964515],[96.08955550244993,28.191484464904704],[96.06785447648929,28.19071817854059],[96.068834522823,28.16785730201116],[96.07065460887131,28.12328497849847],[96.07079461549041,28.120986119406126],[96.05987409920054,28.091611808781717],[96.05847403300953,28.087780376961145],[96.05847403300953,28.087652662567123],[96.05679395358032,28.085864661050856],[96.0196921995186,28.040781479962092],[96.01409193475457,27.995442870085288],[95.98651063079171,27.95866112460777],[95.96984984311871,27.959938268547962],[95.9692898166423,27.959938268547962],[95.97166992916702,27.962492556428344],[95.84790407788188,27.969644562493418],[95.81990275406172,27.971304849615667],[95.81920272096622,27.971304849615667],[95.60681267979025,27.95495740718121],[95.60667267317115,27.954829692787193],[95.58609170016332,27.936821963230493],[95.57069097206224,27.937843678382645],[95.56999093896673,27.936055676866378],[95.56341062786899,27.919325091249867],[95.51944854947132,27.8835650609245],[95.50194772208373,27.94640054278193],[95.50082766913091,27.950104260208484],[95.50264775517923,27.953169405664944],[95.53008905252298,28.00004058826998],[95.56005046901058,28.051381774665682],[95.56299060801169,28.066068929977884],[95.56383064772629,28.25508623312625],[95.56299060801169,28.25636337706644],[95.53722939009714,28.283438828598502],[95.53526929742972,28.284588258144677],[95.47632651078827,28.261855096009263],[95.4652659878793,28.257512806612613],[95.4652659878793,28.257512806612613],[95.45532551792314,28.277308537685585],[95.43670463758274,28.314090283163104],[95.38910238708846,28.307576849068123],[95.38420215541993,28.312174567252814],[95.38322210908622,28.312174567252814],[95.38280208922892,28.31332399679899],[95.36908144055704,28.358279463493734],[95.33785996449754,28.365814612740863],[95.33926003068855,28.406810933221017],[95.31993911725263,28.42622352111193],[95.33940003730766,28.44091067642413],[95.33884001083125,28.476798421143517],[95.39470265185248,28.51319702343898],[95.39526267832889,28.52992760905549],[95.514828331041,28.502596728735387],[95.52728892014098,28.480246709782033],[95.55935043591506,28.484972142360743],[95.58021142216109,28.463005266589448],[95.57321109120605,28.370795474107613],[95.67597594962606,28.362238609708328],[95.68549639972491,28.348956312730333],[95.76446013289778,28.31753857180162],[95.79582161557637,28.315622855891334],[95.8330633762572,28.2747542498052],[95.88346575913349,28.306171990733915],[95.84440391240436,28.338483732420762],[95.85014418378749,28.366070041528904],[95.90838693733345,28.399403498367903],[95.94618872449067,28.402468643824363],[95.96004937978165,28.413196652921975],[95.94394861858505,28.43094895369064],[95.94828882377718,28.481906996904282],[95.99687112060516,28.489059002969356],[96.01465196123098,28.507577590102137],[96.1031361445027,28.489059002969356],[96.17173938786212,28.496849581004525],[96.17663961953065,28.51472959616721],[96.22424187002493,28.531460181783718],[96.25644339241812,28.53759047269664],[96.27590431247313,28.506811303738022],[96.32574666887302,28.510898164346635],[96.32602668211123,28.524052746930607],[96.36522853545947,28.499914726460986],[96.371528833319,28.482162425692323],[96.26232367042036,28.408598934737284],[96.30306559657869,28.399786641549962],[96.31370609963035,28.383439199115507]]]}},{"type":"Feature","properties":{"district":"Siang","dt_code":"764","st_nm":"Arunachal Pradesh","st_code":"12","year":"2015_c"},"geometry":{"type":"Polygon","coordinates":[[[95.22767475526518,28.15585214897336],[95.25077584741683,28.150232715636516],[95.29557796552909,28.121113833800145],[95.28885764781225,28.090590093629565],[95.24041535760337,28.04729491405707],[95.20555370944726,28.052531204211856],[95.11510943350812,28.0241786087396],[95.06736717639474,28.023412322375485],[94.9279205837703,28.05202034663578],[94.89991925995014,28.076796939075496],[94.9280605903894,28.096720384542486],[94.94892157663543,28.129032126229333],[94.90817965047708,28.15891729442982],[94.91419993509842,28.196209897483413],[94.8944590018052,28.22098648992313],[94.83663626811656,28.219326202800882],[94.80051456038855,28.18599274596188],[94.77475334247399,28.186886746720017],[94.7271510919797,28.222135919469306],[94.69102938425169,28.21638877173844],[94.6605079412877,28.206937906581025],[94.64146704109,28.16594158610087],[94.61486578346084,28.149849572454457],[94.61640585627094,28.18331074368748],[94.60492531350468,28.202340188396334],[94.61640585627094,28.230948212656628],[94.61360572388892,28.257640521006632],[94.58000413530473,28.28254482784037],[94.56138325496433,28.32686172256502],[94.52862170609473,28.331842583931767],[94.49936032270266,28.364154325618614],[94.48927984612739,28.3753931922923],[94.49053990569931,28.38433319987364],[94.48549966741167,28.39569978094135],[94.49362005131951,28.407960362767188],[94.50034036903637,28.460706407497103],[94.54486247391043,28.46875241432031],[94.54290238124301,28.48126842493419],[94.55830310934411,28.49493386509424],[94.53814215619359,28.533631326482045],[94.53618206352617,28.588803944698324],[94.48101945560045,28.60017052576603],[94.4572183303533,28.591358232578706],[94.45035800601735,28.61549625304833],[94.46757882016676,28.62584111896388],[94.48451962107796,28.690975459913655],[94.43411723820167,28.75470494252922],[94.44279764858592,28.777182675876592],[94.43621733748817,28.810005275139517],[94.4237567483882,28.812942706201955],[94.39449536499613,28.85393902668211],[94.38763504066019,28.870541897904598],[94.37853461041863,28.891997916099818],[94.39561541794893,28.932100235821835],[94.4418176022522,28.891997916099818],[94.44951796630275,28.886250768368956],[94.47989940264763,28.858536744866797],[94.51700115670936,28.836569869095502],[94.51532107728015,28.820988713025166],[94.52526154723631,28.811665562261766],[94.56152326158342,28.810388418321573],[94.59218471116651,28.791869831188794],[94.62004602836757,28.793913261493103],[94.63320665056305,28.784206967547647],[94.63390668365855,28.76671009556702],[94.74549195908192,28.686377741728965],[94.74661201203472,28.58803765833421],[94.7600526474684,28.56006820604401],[94.777553474856,28.559301919679896],[94.7587925878965,28.534014469664104],[94.79561432872002,28.546275051489943],[94.81969546720536,28.56811421286722],[94.90159933937935,28.548829339370325],[94.95788200025788,28.572967359839947],[94.97244268864438,28.565432210592817],[94.98882346307917,28.529161322691376],[95.03824579962176,28.515495882531322],[95.08402796406773,28.52660703481099],[95.11048921507779,28.50080872721912],[95.10166879807444,28.483567284026535],[95.1106292216969,28.46287755219543],[95.10460893707555,28.44435896506265],[95.08164785154302,28.41511236883226],[95.08234788463852,28.39518892336527],[95.11748954603283,28.376542621838475],[95.10642902312387,28.263387668737494],[95.13905056537436,28.22890478235232],[95.13079017484742,28.21689962931452],[95.13723047932605,28.203489617942505],[95.17139209438665,28.196465326271454],[95.19239308725179,28.164536727766663],[95.22389457654947,28.152148431546802],[95.22767475526518,28.15585214897336]]]}},{"type":"Feature","properties":{"district":"Shi Yomi","dt_code":"785","st_nm":"Arunachal Pradesh","st_code":"12","year":"2018"},"geometry":{"type":"Polygon","coordinates":[[[94.40163570257027,28.338483732420762],[94.40135568933206,28.34039944833105],[94.38609496785008,28.33592944454038],[94.36915416693887,28.352021458186794],[94.36789410736696,28.353170887732965],[94.32953229373334,28.357896320311674],[94.30853130086821,28.37564862108034],[94.30167097653228,28.395955209729387],[94.30853130086821,28.417028084742547],[94.29271055290982,28.42877780899231],[94.24174814355712,28.446785538549015],[94.23152766036276,28.428266951416234],[94.21920707788189,28.43631295823944],[94.16838467514827,28.432736955206906],[94.15746415885842,28.43503581429925],[94.14850373523596,28.439633532483942],[94.11476214003267,28.475776705991365],[94.10874185541132,28.521370744656206],[94.09684129278776,28.536185614362427],[94.07150009473051,28.539378474212906],[94.00135677856099,28.577820506812674],[94.00611700361041,28.621754258355267],[94.02333781775982,28.651256283373694],[93.98973622917562,28.687782600063176],[93.96201491859365,28.712431478108876],[93.9704153157397,28.750745796314625],[94.0033168712284,28.774883816784246],[93.9872161100318,28.797744693313675],[94.00191680503738,28.819200711508895],[93.99701657336885,28.840912158492152],[94.03215823476317,28.852917311529954],[94.06869996234849,28.895573919132357],[94.15732415223931,28.95432254038117],[94.18728556872689,29.03874175482784],[94.34269291592882,28.983952279793616],[94.39561541794893,28.932100235821835],[94.37853461041863,28.891997916099818],[94.38763504066019,28.870541897904598],[94.39449536499613,28.85393902668211],[94.4237567483882,28.812942706201955],[94.43621733748817,28.810005275139517],[94.44279764858592,28.777182675876592],[94.43411723820167,28.75470494252922],[94.48451962107796,28.690975459913655],[94.46757882016676,28.62584111896388],[94.45035800601735,28.61549625304833],[94.4572183303533,28.591358232578706],[94.48101945560045,28.60017052576603],[94.53618206352617,28.588803944698324],[94.53814215619359,28.533631326482045],[94.55830310934411,28.49493386509424],[94.54290238124301,28.48126842493419],[94.54486247391043,28.46875241432031],[94.50034036903637,28.460706407497103],[94.49362005131951,28.407960362767188],[94.48549966741167,28.39569978094135],[94.44615780744434,28.403618073370538],[94.43467726467807,28.373605190776033],[94.40163570257027,28.338483732420762],[94.40163570257027,28.338483732420762]]]}},{"type":"Feature","properties":{"district":"Pakke Kessang","dt_code":"783","st_nm":"Arunachal Pradesh","st_code":"12","year":"2018"},"geometry":{"type":"Polygon","coordinates":[[[93.33002503997248,27.354572040897125],[93.31966455015902,27.347930892408126],[93.30314376910513,27.341162029525112],[93.28830306748044,27.32762430375908],[93.29418334548268,27.28982084312941],[93.22572010874237,27.251889668105715],[93.23384049265022,27.238096513551646],[93.22404002931316,27.235031368095186],[93.22404002931316,27.235031368095186],[93.22404002931316,27.23477593930715],[93.22109989031205,27.211787348383698],[93.21955981750193,27.199654480951878],[93.22558010212327,27.20093162489207],[93.27402239233216,27.210893347625564],[93.31168417287029,27.172834458207852],[93.21437957259519,27.137968428640622],[93.21213946668959,27.117661839991573],[93.21213946668959,27.117534125597555],[93.27192229304563,27.103613256649467],[93.29306329252987,27.077942663451616],[93.31252421258489,27.079347521785824],[93.34234562245337,27.036690914183424],[93.33996550992865,26.99288487703485],[93.33996550992865,26.992629448246813],[93.380707436087,26.984838870211643],[93.38756776042294,26.967341998231017],[93.39106792590044,26.958274276255658],[93.3984882767128,26.957380275497524],[93.3986282833319,26.957252561103505],[93.37230703894093,26.95661398913341],[93.28690300128943,26.954315130041063],[93.10727450898307,26.925834820174792],[93.08809360216625,26.914468239107084],[93.06163235115619,26.922131102748235],[93.06163235115619,26.922131102748235],[93.06163235115619,26.922131102748235],[93.02173046471245,26.91357423834895],[92.91700551362503,26.962999708834367],[92.91840557981604,26.98241229672528],[92.88648407066106,26.999781454311886],[92.8111605095848,27.0158734679583],[92.78175911957362,27.02213147326524],[92.7782589540961,27.022897759629355],[92.72281633293217,27.018300041444665],[92.6764741420098,27.030688337664525],[92.67241395005587,27.031710052816678],[92.6606533940514,27.01268060810782],[92.65673320871657,27.008210604317153],[92.59779042207512,27.05303835661788],[92.59485028307401,27.0951841066442],[92.60143059417175,27.117661839991573],[92.61557126270094,27.143204718795406],[92.69005478406258,27.1718127430557],[92.75263774280066,27.193651904432976],[92.76257821275681,27.190842187764556],[92.80892040367918,27.177815319574602],[92.80892040367918,27.176793604422446],[92.8285213303533,27.161595591534166],[92.83930184002406,27.13196585212172],[92.85708268064987,27.140267287732968],[92.8951644810453,27.134264711214065],[92.95830746625978,27.15801958850163],[93.0117899947563,27.142566146825313],[93.06891269534944,27.171174171085603],[93.080813257973,27.186627612761924],[93.07241286082696,27.203230483984413],[93.00940988223158,27.20093162489207],[92.98448870403163,27.219961069600924],[93.00226954465744,27.24971852340739],[93.16523724929081,27.311532290112666],[93.19505865915929,27.37819920379067],[93.2997836102467,27.39952750759187],[93.33002503997248,27.354572040897125]]]}},{"type":"Feature","properties":{"district":"West Siang","dt_code":"250","st_nm":"Arunachal Pradesh","st_code":"12","year":"2011_c"},"geometry":{"type":"Polygon","coordinates":[[[94.48451962107796,28.021752035253236],[94.48409960122066,28.021752035253236],[94.46701879369036,28.0488274867853],[94.39183523923322,28.082799515594395],[94.39141521937592,28.14193128002527],[94.3564135646007,28.198636470969777],[94.36775410074787,28.211535624765713],[94.36915416693887,28.24423050963462],[94.38343484208715,28.258023664188688],[94.41689642405225,28.254319946762134],[94.39407534513882,28.263643097525534],[94.37475443170291,28.295060838454248],[94.37755456408493,28.308981707402335],[94.40317577538038,28.327883437717173],[94.40163570257027,28.338483732420762],[94.40163570257027,28.338483732420762],[94.43467726467807,28.373605190776033],[94.44615780744434,28.403618073370538],[94.48549966741167,28.39569978094135],[94.49053990569931,28.38433319987364],[94.48927984612739,28.3753931922923],[94.49936032270266,28.364154325618614],[94.52862170609473,28.331842583931767],[94.56138325496433,28.32686172256502],[94.58000413530473,28.28254482784037],[94.61360572388892,28.257640521006632],[94.61640585627094,28.230948212656628],[94.60492531350468,28.202340188396334],[94.61640585627094,28.18331074368748],[94.61486578346084,28.149849572454457],[94.64146704109,28.16594158610087],[94.6605079412877,28.206937906581025],[94.69102938425169,28.21638877173844],[94.7271510919797,28.222135919469306],[94.77475334247399,28.186886746720017],[94.80051456038855,28.18599274596188],[94.83663626811656,28.219326202800882],[94.8944590018052,28.22098648992313],[94.91419993509842,28.196209897483413],[94.90817965047708,28.15891729442982],[94.94892157663543,28.129032126229333],[94.9280605903894,28.096720384542486],[94.89991925995014,28.076796939075496],[94.9279205837703,28.05202034663578],[94.9270805440557,28.051126345877645],[94.8944590018052,28.015749458734337],[94.8940389819479,28.015366315552278],[94.81997548044356,27.985736576139832],[94.7912741235279,27.987013720080025],[94.79099411028969,27.987141434474044],[94.79099411028969,27.987141434474044],[94.75263229665606,28.011279454943665],[94.75235228341786,28.011407169337684],[94.69970979463595,28.019197747372854],[94.69956978801684,28.019197747372854],[94.66904834505286,28.041292337538167],[94.64062700137539,28.043335767842475],[94.6403469881372,28.043463482236493],[94.6403469881372,28.043463482236493],[94.60352524731367,28.06198206936927],[94.56782355944296,28.049082915573337],[94.5063606536577,28.055468635274295],[94.50398054113298,28.052275775423816],[94.48535966079257,28.023540036769504],[94.48451962107796,28.021752035253236]]]}},{"type":"Feature","properties":{"district":"Lepa Rada","dt_code":"784","st_nm":"Arunachal Pradesh","st_code":"12","year":"2018"},"geometry":{"type":"Polygon","coordinates":[[[94.59512485016762,27.870793621522584],[94.5931647575002,27.88995078062546],[94.59288474426201,27.890078495019477],[94.59288474426201,27.890078495019477],[94.55830310934411,27.90233907684532],[94.53296191128685,27.945251113235756],[94.5258215737127,27.96006598294198],[94.53226187819135,27.98586429053385],[94.51322097799363,28.015366315552278],[94.51294096475543,28.015366315552278],[94.51294096475543,28.015494029946296],[94.48451962107796,28.021752035253236],[94.48535966079257,28.023540036769504],[94.50398054113298,28.052275775423816],[94.5063606536577,28.055468635274295],[94.56782355944296,28.049082915573337],[94.60352524731367,28.06198206936927],[94.6403469881372,28.043463482236493],[94.6403469881372,28.043463482236493],[94.64062700137539,28.043335767842475],[94.66904834505286,28.041292337538167],[94.69956978801684,28.019197747372854],[94.69970979463595,28.019197747372854],[94.75235228341786,28.011407169337684],[94.75263229665606,28.011279454943665],[94.79099411028969,27.987141434474044],[94.79099411028969,27.987141434474044],[94.7912741235279,27.987013720080025],[94.81997548044356,27.985736576139832],[94.8940389819479,28.015366315552278],[94.88031833327602,28.000296017058016],[94.88073835313332,28.000296017058016],[94.92148027929167,27.997486300389596],[94.92176029252987,27.997358585995578],[94.95690195392417,27.980883429167104],[94.92428041167368,27.889439923049384],[94.90551952471417,27.88049991546804],[94.90901969019168,27.859937898030957],[94.9092997034299,27.859810183636935],[94.9092997034299,27.859810183636935],[94.9287606234849,27.857000466968515],[94.90509950485686,27.84244102605033],[94.90033927980744,27.822900723765397],[94.80905496415369,27.78586354949984],[94.74591197893922,27.772964395703905],[94.72407094635949,27.79480355708118],[94.71735062864265,27.825071868463723],[94.64608725952033,27.85010388969148],[94.63180658437204,27.86670676091397],[94.59512485016762,27.870793621522584]]]}},{"type":"Feature","properties":{"district":"Kamle","dt_code":"778","st_nm":"Arunachal Pradesh","st_code":"12","year":"2018"},"geometry":{"type":"Polygon","coordinates":[[[93.96173490535546,27.978839998862796],[93.96789519659589,27.977945998104662],[93.99911667265538,27.965813130672842],[94.01101723527894,27.956234551121405],[94.02333781775982,27.956489979909442],[94.06813993587208,27.939248536716857],[94.04755896286426,27.911917656396756],[94.07416022049341,27.849337603327363],[94.14906376171237,27.866068188943874],[94.16012428462133,27.843845884384542],[94.19176578053812,27.836566163925447],[94.19330585334822,27.811534142697692],[94.2714295468065,27.809746141181424],[94.31791174434797,27.77334753888596],[94.31805175096707,27.773219824491942],[94.31735171787156,27.768749820701274],[94.31273149944124,27.740908082805095],[94.31385155239406,27.74014179644098],[94.33555257835468,27.72507149794672],[94.33583259159288,27.72481606915868],[94.35011326674116,27.729796930525428],[94.35347342559959,27.727114928251027],[94.35389344545689,27.723155782036432],[94.24454827593914,27.649209147899334],[94.20940661454483,27.60885139938928],[94.21248676016504,27.606807969084972],[94.20982663440213,27.603998252416552],[94.22662742869423,27.59786796150363],[94.22480734264592,27.574240798610084],[94.25868894446832,27.555594497083288],[94.25812891799191,27.5350324796462],[94.26582928204246,27.52021760993998],[94.24580833551104,27.513448747056962],[94.24132812369982,27.513065603874907],[94.23208768683917,27.508978743266294],[94.21976710435828,27.50489188265768],[94.20548642921,27.53120104782563],[94.19092574082352,27.535926480404335],[94.15046382790337,27.530562475855533],[94.10608172964841,27.493397587195954],[94.06855995572938,27.48241414931031],[94.04517885033954,27.499272449320838],[93.94185396544313,27.51127760235864],[94.07192011458781,27.51549217736127],[94.10622173626751,27.544100201621564],[94.10622173626751,27.554061924355057],[94.04909903567437,27.58266994861535],[94.0531592276283,27.607957398631147],[93.94129393896674,27.63733170925555],[93.92561319762743,27.65917087063283],[93.9197329196252,27.72341121082447],[93.89047153623312,27.743079227503422],[93.90783235700162,27.797102416173527],[93.89019152299493,27.820091007096977],[93.91091250262184,27.830691301800567],[93.92729327705665,27.88509763365273],[93.88347120527808,27.90067878972307],[93.88263116556348,27.90974651169843],[93.92645323734205,27.919708234431923],[93.94451409120605,27.96440827233863],[93.96173490535546,27.978839998862796]]]}},{"type":"Feature","properties":{"district":"North  District","dt_code":"241","st_nm":"Sikkim","st_code":"11","year":"2011_c"},"geometry":{"type":"Polygon","coordinates":[[[88.48285588008252,27.375772630304304],[88.44225396054328,27.389565784858373],[88.43973384139946,27.392503215920815],[88.41495266981862,27.419961810634934],[88.40753231900626,27.47602842960935],[88.38079105475802,27.490460156133516],[88.35572986993897,27.52136703948615],[88.32660849316599,27.52596475767084],[88.30448744734807,27.52162246827419],[88.28348645448293,27.513704175845003],[88.28166636843463,27.512937889480888],[88.24148446875269,27.534904765252183],[88.2097029662168,27.581392804675158],[88.11463847184733,27.618174550152677],[88.11939869689675,27.64384514335053],[88.1431998221439,27.662619159271348],[88.15356031195736,27.689056038833314],[88.14740002071693,27.702721478993364],[88.15636044433938,27.736310364620405],[88.1782014769191,27.74652751614194],[88.18184164901572,27.775646397978306],[88.19780240359323,27.789567266926397],[88.17316123863148,27.820346435885014],[88.20284264188085,27.837587879077603],[88.19584231092581,27.854318464694114],[88.13465941837875,27.881777059408233],[88.13941964342817,27.88931220865536],[88.11939869689675,27.9175370897336],[88.13773956399896,27.93694967762451],[88.12905915361472,27.94946568823839],[88.1448799015731,27.96440827233863],[88.20452272131007,27.94167511020322],[88.20718284707299,27.96134312688217],[88.23742427679876,27.971304849615667],[88.25114492547064,27.9421859677793],[88.26626564033353,27.95712855187954],[88.30854763930199,27.967217989007054],[88.31820809601994,27.978712284468777],[88.3303886718817,27.972965136737916],[88.35250971769965,27.989823436748445],[88.40907239181638,27.982416001895334],[88.41509267643772,27.999274301905864],[88.46759515860053,28.01677117388649],[88.4953164691825,28.053936062546065],[88.52303777976446,28.03516204662525],[88.54501881896329,28.033501759503],[88.55243916977564,28.081394657260187],[88.61950234032494,28.098125242876698],[88.61278202260809,28.128265839865218],[88.63350300223502,28.12060297622407],[88.67200482248775,28.072326935284824],[88.75614880056735,28.07603065271138],[88.81257146806499,28.023412322375485],[88.83623258669303,28.014983172370222],[88.84393295074358,27.992633153416868],[88.83707262640763,27.92915909958934],[88.86059373841657,27.92762652686111],[88.87039420175363,27.91587680261135],[88.88789502914123,27.856489609392437],[88.88075469156709,27.829541872254396],[88.85555350012893,27.816004146488364],[88.86185379798849,27.79786870253764],[88.85359340746153,27.765046103274717],[88.8652139568469,27.742440655533326],[88.85625353322445,27.716642347941452],[88.83791266612224,27.705914338843844],[88.8481331493166,27.667727735032113],[88.82741216968967,27.64410057213857],[88.8152315938279,27.646144002442874],[88.80459109077624,27.6236662690955],[88.80921130920656,27.60259339408234],[88.78821031634143,27.584968807707696],[88.79101044872345,27.5750070849742],[88.76370915799879,27.56478993345267],[88.77728980005158,27.53247819176582],[88.79255052153357,27.529029903127302],[88.77686978019427,27.468748709150255],[88.7824700449583,27.44984697883542],[88.79633070024929,27.447803548531112],[88.79185048843806,27.43733096822154],[88.80893129596836,27.42366552806149],[88.80487110401444,27.415364092450247],[88.79409059434367,27.41600266442034],[88.77574972724146,27.417279808360533],[88.72856749660448,27.420472668211012],[88.72828748336629,27.420344953816993],[88.69202576901917,27.39952750759187],[88.62720270437548,27.38726692576603],[88.62678268451818,27.38713921137201],[88.58842087088455,27.400421508350004],[88.55075909034642,27.392886359102874],[88.52051766062064,27.401315509108137],[88.49181630370498,27.381775206823207],[88.48285588008252,27.375772630304304]]]}},{"type":"Feature","properties":{"district":"West District","dt_code":"242","st_nm":"Sikkim","st_code":"11","year":"2011_c"},"geometry":{"type":"Polygon","coordinates":[[[88.11463847184733,27.618174550152677],[88.2097029662168,27.581392804675158],[88.24148446875269,27.534904765252183],[88.28166636843463,27.512937889480888],[88.26416554104702,27.50016645007897],[88.27494605071779,27.405019226534694],[88.32940862554801,27.41280980456986],[88.33542891016934,27.400549222744022],[88.34956957869852,27.408084371991155],[88.35782996922548,27.398122649257658],[88.35782996922548,27.397739506075602],[88.35544985670076,27.375772630304304],[88.3299686520244,27.368492909845212],[88.32072821516375,27.344993461345688],[88.29706709653571,27.33068944921554],[88.3117677915413,27.30936114541434],[88.30756759296828,27.299399422680846],[88.27564608381329,27.282924265852373],[88.30098728187053,27.259552531746866],[88.30196732820424,27.228773362788246],[88.33136871821542,27.194290476403072],[88.29930720244133,27.17130188547962],[88.28082632872002,27.131327280151623],[88.27998628900542,27.129539278635356],[88.23224403189204,27.11855584074971],[88.21558324421903,27.131582708939664],[88.18170164239663,27.132476709697798],[88.15356031195736,27.109743547562385],[88.09615759812601,27.13349842484995],[88.0743165655463,27.18560589760977],[88.07865677073842,27.200548481710012],[88.07879677735751,27.201314768074127],[88.07683668469011,27.20220876883226],[88.04519518877332,27.218045353690638],[88.04001494386658,27.22059964157102],[88.03777483796097,27.219833355206905],[88.03245458643514,27.2211104991471],[88.01411371933293,27.212553634747813],[88.03161454672053,27.250357095377485],[88.03273459967335,27.285350839338737],[88.06843628754405,27.33503173861219],[88.0422550497722,27.371047197725595],[88.04771530791713,27.40527465532273],[88.07529661187999,27.43273325003685],[88.06717622797214,27.45763755687059],[88.04491517553511,27.478199574307673],[88.04421514243961,27.496462732652414],[88.06087593011262,27.511788459934714],[88.0591958506834,27.536309623586394],[88.07977682369122,27.56427907587659],[88.08313698254965,27.588800239528272],[88.11463847184733,27.618174550152677]]]}},{"type":"Feature","properties":{"district":"South District","dt_code":"243","st_nm":"Sikkim","st_code":"11","year":"2011_c"},"geometry":{"type":"Polygon","coordinates":[[[88.28166636843463,27.512937889480888],[88.28348645448293,27.513704175845003],[88.30448744734807,27.52162246827419],[88.32660849316599,27.52596475767084],[88.35572986993897,27.52136703948615],[88.38079105475802,27.490460156133516],[88.40753231900626,27.47602842960935],[88.41495266981862,27.419961810634934],[88.43973384139946,27.392503215920815],[88.44225396054328,27.389565784858373],[88.48285588008252,27.375772630304304],[88.48285588008252,27.37538948712225],[88.48117580065332,27.374112343182055],[88.48229585360612,27.331328021185637],[88.44869426502191,27.31395886359903],[88.43833377520846,27.264533393113613],[88.48775611175105,27.237074798399494],[88.48845614484655,27.229028791576287],[88.48565601246455,27.20374134156049],[88.49111627060947,27.19595076352532],[88.49433642284879,27.191480759734652],[88.4972765618499,27.187266184732017],[88.53171819014871,27.17602731805833],[88.53185819676781,27.17602731805833],[88.53101815705321,27.164788451384645],[88.5298981041004,27.148057865768134],[88.4962965155162,27.122259558176264],[88.47515551603198,27.120854699842052],[88.45863473497808,27.089692387701376],[88.42559317287028,27.07142922935664],[88.43203347734892,27.08011380814994],[88.35656990965357,27.09531182103822],[88.34186921464799,27.109743547562385],[88.34074916169517,27.109488118774347],[88.32436838726038,27.105528972559753],[88.31652801659072,27.12558013242076],[88.30196732820424,27.12890070666526],[88.28978675234248,27.127112705148992],[88.28320644124473,27.12749584833105],[88.28082632872002,27.131327280151623],[88.29930720244133,27.17130188547962],[88.33136871821542,27.194290476403072],[88.30196732820424,27.228773362788246],[88.30098728187053,27.259552531746866],[88.27564608381329,27.282924265852373],[88.30756759296828,27.299399422680846],[88.3117677915413,27.30936114541434],[88.29706709653571,27.33068944921554],[88.32072821516375,27.344993461345688],[88.3299686520244,27.368492909845212],[88.35544985670076,27.375772630304304],[88.35782996922548,27.397739506075602],[88.35782996922548,27.398122649257658],[88.34956957869852,27.408084371991155],[88.33542891016934,27.400549222744022],[88.32940862554801,27.41280980456986],[88.27494605071779,27.405019226534694],[88.26416554104702,27.50016645007897],[88.28166636843463,27.512937889480888]]]}},{"type":"Feature","properties":{"district":"East District","dt_code":"244","st_nm":"Sikkim","st_code":"11","year":"2011_c"},"geometry":{"type":"Polygon","coordinates":[[[88.48285588008252,27.375772630304304],[88.49181630370498,27.381775206823207],[88.52051766062064,27.401315509108137],[88.55075909034642,27.392886359102874],[88.58842087088455,27.400421508350004],[88.62678268451818,27.38713921137201],[88.62720270437548,27.38726692576603],[88.69202576901917,27.39952750759187],[88.72828748336629,27.420344953816993],[88.72856749660448,27.420472668211012],[88.77574972724146,27.417279808360533],[88.79409059434367,27.41600266442034],[88.83791266612224,27.379348633336843],[88.86101375827387,27.38701149697799],[88.8836948305682,27.34282231664736],[88.915336326485,27.33068944921554],[88.91911650520072,27.320472297694007],[88.90329575724232,27.27257939993682],[88.87907461213788,27.261212818869115],[88.8318923815009,27.26248996280931],[88.80333103120432,27.24793052189112],[88.79129046196167,27.18586132639781],[88.76664929699992,27.178326177150677],[88.76132904547408,27.152400155164788],[88.73878797979884,27.136308141518374],[88.72226719874494,27.139117858186793],[88.71610690750451,27.149718152890383],[88.71008662288318,27.160190733199958],[88.70658645740565,27.166448738506894],[88.68824559030344,27.175133317300197],[88.68768556382705,27.17487788851216],[88.66696458420012,27.16593788093082],[88.65380396200464,27.160318447593976],[88.65296392229004,27.159935304411917],[88.5971012812688,27.188287899884173],[88.54011858729476,27.177815319574602],[88.53185819676781,27.176282746846372],[88.53185819676781,27.17602731805833],[88.53171819014871,27.17602731805833],[88.4972765618499,27.187266184732017],[88.49433642284879,27.191480759734652],[88.49111627060947,27.19595076352532],[88.48565601246455,27.20374134156049],[88.48845614484655,27.229028791576287],[88.48775611175105,27.237074798399494],[88.43833377520846,27.264533393113613],[88.44869426502191,27.31395886359903],[88.48229585360612,27.331328021185637],[88.48117580065332,27.374112343182055],[88.48285588008252,27.37538948712225],[88.48285588008252,27.375772630304304]]]}}]}